[05Mar2025 02:07:30.882] [main/INFO] [cpw.mods.modlauncher.Launcher/MODLAUNCHER]: ModLauncher running: args [--mod, createlowheated, --all, --output, /home/zeh/git/create/lowheated/src/generated/resources, --existing, /home/zeh/git/create/lowheated/src/main/resources, --launchTarget, forgedatauserdev, --assetIndex, asset-index, --assetsDir, /home/zeh/.gradle/caches/minecraft/assets, --gameDir, ., --fml.neoForgeVersion, 21.1.125, --fml.fmlVersion, 4.0.37, --fml.mcVersion, 1.21.1, --fml.neoFormVersion, 20240808.144430]
[05Mar2025 02:07:30.884] [main/INFO] [cpw.mods.modlauncher.Launcher/MODLAUNCHER]: JVM identified as Eclipse Adoptium OpenJDK 64-Bit Server VM 21.0.3+9-LTS
[05Mar2025 02:07:30.885] [main/INFO] [cpw.mods.modlauncher.Launcher/MODLAUNCHER]: ModLauncher 11.0.4+main.d2e20e43 starting: java version 21.0.3 by Eclipse Adoptium; OS Linux arch amd64 version 6.12.17-amd64
[05Mar2025 02:07:30.906] [main/DEBUG] [cpw.mods.modlauncher.LaunchServiceHandler/MODLAUNCHER]: Found launch services [minecraft,forgeclient,forgedatauserdev,testharness,forgeserverdev,forgeserveruserdev,forgejunitdev,forgeclientdev,forgeclientuserdev,forgeserver,forgejunituserdev,forgedatadev]
[05Mar2025 02:07:30.928] [main/DEBUG] [cpw.mods.modlauncher.LaunchPluginHandler/MODLAUNCHER]: Found launch plugins: [mixin,slf4jfixer,runtime_enum_extender,accesstransformer,runtimedistcleaner]
[05Mar2025 02:07:30.937] [main/DEBUG] [cpw.mods.modlauncher.TransformationServicesHandler/MODLAUNCHER]: Discovering transformation services
[05Mar2025 02:07:30.941] [main/DEBUG] [net.neoforged.fml.loading.FMLPaths/CORE]: Path GAMEDIR is /home/zeh/git/create/lowheated/runs/data
[05Mar2025 02:07:30.942] [main/DEBUG] [net.neoforged.fml.loading.FMLPaths/CORE]: Path MODSDIR is /home/zeh/git/create/lowheated/runs/data/mods
[05Mar2025 02:07:30.942] [main/DEBUG] [net.neoforged.fml.loading.FMLPaths/CORE]: Path CONFIGDIR is /home/zeh/git/create/lowheated/runs/data/config
[05Mar2025 02:07:30.942] [main/DEBUG] [net.neoforged.fml.loading.FMLPaths/CORE]: Path FMLCONFIG is /home/zeh/git/create/lowheated/runs/data/config/fml.toml
[05Mar2025 02:07:30.968] [main/TRACE] [net.neoforged.fml.loading.FMLConfig/CORE]: Loaded FML config from /home/zeh/git/create/lowheated/runs/data/config/fml.toml
[05Mar2025 02:07:30.968] [main/TRACE] [net.neoforged.fml.loading.FMLConfig/CORE]: FMLConfig disableConfigWatcher is false
[05Mar2025 02:07:30.969] [main/TRACE] [net.neoforged.fml.loading.FMLConfig/CORE]: FMLConfig earlyWindowControl is true
[05Mar2025 02:07:30.969] [main/TRACE] [net.neoforged.fml.loading.FMLConfig/CORE]: FMLConfig maxThreads is 12
[05Mar2025 02:07:30.969] [main/TRACE] [net.neoforged.fml.loading.FMLConfig/CORE]: FMLConfig versionCheck is true
[05Mar2025 02:07:30.969] [main/TRACE] [net.neoforged.fml.loading.FMLConfig/CORE]: FMLConfig defaultConfigPath is defaultconfigs
[05Mar2025 02:07:30.969] [main/TRACE] [net.neoforged.fml.loading.FMLConfig/CORE]: FMLConfig disableOptimizedDFU is true
[05Mar2025 02:07:30.969] [main/TRACE] [net.neoforged.fml.loading.FMLConfig/CORE]: FMLConfig earlyWindowProvider is fmlearlywindow
[05Mar2025 02:07:30.969] [main/TRACE] [net.neoforged.fml.loading.FMLConfig/CORE]: FMLConfig earlyWindowWidth is 854
[05Mar2025 02:07:30.969] [main/TRACE] [net.neoforged.fml.loading.FMLConfig/CORE]: FMLConfig earlyWindowHeight is 480
[05Mar2025 02:07:30.969] [main/TRACE] [net.neoforged.fml.loading.FMLConfig/CORE]: FMLConfig earlyWindowFBScale is 1
[05Mar2025 02:07:30.969] [main/TRACE] [net.neoforged.fml.loading.FMLConfig/CORE]: FMLConfig earlyWindowMaximized is false
[05Mar2025 02:07:30.970] [main/TRACE] [net.neoforged.fml.loading.FMLConfig/CORE]: FMLConfig earlyWindowSkipGLVersions is []
[05Mar2025 02:07:30.970] [main/TRACE] [net.neoforged.fml.loading.FMLConfig/CORE]: FMLConfig earlyWindowSquir is false
[05Mar2025 02:07:30.977] [main/DEBUG] [net.neoforged.fml.loading.targets.CommonLaunchHandler/CORE]: Got mod coordinates CreateLowHeated%%/home/zeh/git/create/lowheated/build/resources/main:CreateLowHeated%%/home/zeh/git/create/lowheated/build/classes/java/main from env
[05Mar2025 02:07:30.978] [main/DEBUG] [net.neoforged.fml.loading.targets.CommonLaunchHandler/CORE]: Found supplied mod coordinates [{CreateLowHeated=[/home/zeh/git/create/lowheated/build/resources/main, /home/zeh/git/create/lowheated/build/classes/java/main]}]
[05Mar2025 02:07:30.981] [main/DEBUG] [cpw.mods.modlauncher.TransformationServicesHandler/MODLAUNCHER]: Found additional transformation services from discovery services: 
[05Mar2025 02:07:30.987] [main/INFO] [net.neoforged.fml.loading.ImmediateWindowHandler/]: ImmediateWindowProvider not loading because launch target is forgedatauserdev
[05Mar2025 02:07:30.994] [main/DEBUG] [cpw.mods.modlauncher.TransformationServicesHandler/MODLAUNCHER]: Found transformer services : [mixin,fml]
[05Mar2025 02:07:30.994] [main/DEBUG] [cpw.mods.modlauncher.TransformationServicesHandler/MODLAUNCHER]: Transformation services loading
[05Mar2025 02:07:30.995] [main/DEBUG] [cpw.mods.modlauncher.TransformationServiceDecorator/MODLAUNCHER]: Loading service mixin
[05Mar2025 02:07:30.995] [main/DEBUG] [cpw.mods.modlauncher.TransformationServiceDecorator/MODLAUNCHER]: Loaded service mixin
[05Mar2025 02:07:30.995] [main/DEBUG] [cpw.mods.modlauncher.TransformationServiceDecorator/MODLAUNCHER]: Loading service fml
[05Mar2025 02:07:30.996] [main/DEBUG] [net.neoforged.fml.loading.FMLLoader/CORE]: FML 4.0.37 loading
[05Mar2025 02:07:30.996] [main/DEBUG] [net.neoforged.fml.loading.FMLLoader/CORE]: FML found ModLauncher version : 11.0.4+main.d2e20e43
[05Mar2025 02:07:30.996] [main/DEBUG] [net.neoforged.fml.loading.FMLLoader/CORE]: FML found AccessTransformer version : 10.0.1+139da711
[05Mar2025 02:07:30.997] [main/DEBUG] [net.neoforged.fml.loading.FMLLoader/CORE]: FML found EventBus version : null
[05Mar2025 02:07:30.997] [main/DEBUG] [net.neoforged.fml.loading.FMLLoader/CORE]: Found Runtime Dist Cleaner
[05Mar2025 02:07:30.997] [main/DEBUG] [cpw.mods.modlauncher.TransformationServiceDecorator/MODLAUNCHER]: Loaded service fml
[05Mar2025 02:07:30.997] [main/DEBUG] [cpw.mods.modlauncher.TransformationServicesHandler/MODLAUNCHER]: Configuring option handling for services
[05Mar2025 02:07:31.014] [main/DEBUG] [net.neoforged.fml.loading.FMLServiceProvider/CORE]: Received command line version data  : VersionInfo[neoForgeVersion=21.1.125, fmlVersion=4.0.37, mcVersion=1.21.1, neoFormVersion=20240808.144430]
[05Mar2025 02:07:31.015] [main/DEBUG] [cpw.mods.modlauncher.TransformationServicesHandler/MODLAUNCHER]: Transformation services initializing
[05Mar2025 02:07:31.015] [main/DEBUG] [cpw.mods.modlauncher.TransformationServiceDecorator/MODLAUNCHER]: Initializing transformation service mixin
[05Mar2025 02:07:31.026] [main/DEBUG] [mixin/]: MixinService [ModLauncher] was successfully booted in cpw.mods.cl.ModuleClassLoader@58a90037
[05Mar2025 02:07:31.038] [main/INFO] [mixin/]: SpongePowered MIXIN Subsystem Version=0.8.7 Source=union:/home/zeh/.gradle/caches/modules-2/files-2.1/net.fabricmc/sponge-mixin/0.15.2+mixin.0.8.7/2af2f021d8e02a0220dc27a7a72b4666d66d44ca/sponge-mixin-0.15.2+mixin.0.8.7.jar%23123!/ Service=ModLauncher Env=CLIENT
[05Mar2025 02:07:31.071] [main/DEBUG] [mixin/]: Initialising Mixin Platform Manager
[05Mar2025 02:07:31.071] [main/DEBUG] [mixin/]: Adding mixin platform agents for container ModLauncher Root Container(ModLauncher:4f56a0a2)
[05Mar2025 02:07:31.072] [main/DEBUG] [mixin/]: Instancing new MixinPlatformAgentMinecraftForge for ModLauncher Root Container(ModLauncher:4f56a0a2)
[05Mar2025 02:07:31.073] [main/DEBUG] [mixin/]: MixinPlatformAgentMinecraftForge rejected container ModLauncher Root Container(ModLauncher:4f56a0a2)
[05Mar2025 02:07:31.073] [main/DEBUG] [mixin/]: Instancing new MixinPlatformAgentDefault for ModLauncher Root Container(ModLauncher:4f56a0a2)
[05Mar2025 02:07:31.073] [main/DEBUG] [mixin/]: MixinPlatformAgentDefault accepted container ModLauncher Root Container(ModLauncher:4f56a0a2)
[05Mar2025 02:07:31.076] [main/DEBUG] [cpw.mods.modlauncher.TransformationServiceDecorator/MODLAUNCHER]: Initialized transformation service mixin
[05Mar2025 02:07:31.076] [main/DEBUG] [cpw.mods.modlauncher.TransformationServiceDecorator/MODLAUNCHER]: Initializing transformation service fml
[05Mar2025 02:07:31.076] [main/DEBUG] [net.neoforged.fml.loading.FMLServiceProvider/CORE]: Setting up basic FML game directories
[05Mar2025 02:07:31.077] [main/DEBUG] [net.neoforged.fml.loading.FMLPaths/CORE]: Path GAMEDIR is /home/zeh/git/create/lowheated/runs/data
[05Mar2025 02:07:31.077] [main/DEBUG] [net.neoforged.fml.loading.FMLPaths/CORE]: Path MODSDIR is /home/zeh/git/create/lowheated/runs/data/mods
[05Mar2025 02:07:31.077] [main/DEBUG] [net.neoforged.fml.loading.FMLPaths/CORE]: Path CONFIGDIR is /home/zeh/git/create/lowheated/runs/data/config
[05Mar2025 02:07:31.077] [main/DEBUG] [net.neoforged.fml.loading.FMLPaths/CORE]: Path FMLCONFIG is /home/zeh/git/create/lowheated/runs/data/config/fml.toml
[05Mar2025 02:07:31.077] [main/DEBUG] [net.neoforged.fml.loading.FMLServiceProvider/CORE]: Loading configuration
[05Mar2025 02:07:31.079] [main/TRACE] [net.neoforged.fml.loading.FMLConfig/CORE]: Loaded FML config from /home/zeh/git/create/lowheated/runs/data/config/fml.toml
[05Mar2025 02:07:31.079] [main/TRACE] [net.neoforged.fml.loading.FMLConfig/CORE]: FMLConfig disableConfigWatcher is false
[05Mar2025 02:07:31.079] [main/TRACE] [net.neoforged.fml.loading.FMLConfig/CORE]: FMLConfig earlyWindowControl is true
[05Mar2025 02:07:31.079] [main/TRACE] [net.neoforged.fml.loading.FMLConfig/CORE]: FMLConfig maxThreads is 12
[05Mar2025 02:07:31.080] [main/TRACE] [net.neoforged.fml.loading.FMLConfig/CORE]: FMLConfig versionCheck is true
[05Mar2025 02:07:31.080] [main/TRACE] [net.neoforged.fml.loading.FMLConfig/CORE]: FMLConfig defaultConfigPath is defaultconfigs
[05Mar2025 02:07:31.080] [main/TRACE] [net.neoforged.fml.loading.FMLConfig/CORE]: FMLConfig disableOptimizedDFU is true
[05Mar2025 02:07:31.080] [main/TRACE] [net.neoforged.fml.loading.FMLConfig/CORE]: FMLConfig earlyWindowProvider is fmlearlywindow
[05Mar2025 02:07:31.080] [main/TRACE] [net.neoforged.fml.loading.FMLConfig/CORE]: FMLConfig earlyWindowWidth is 854
[05Mar2025 02:07:31.080] [main/TRACE] [net.neoforged.fml.loading.FMLConfig/CORE]: FMLConfig earlyWindowHeight is 480
[05Mar2025 02:07:31.080] [main/TRACE] [net.neoforged.fml.loading.FMLConfig/CORE]: FMLConfig earlyWindowFBScale is 1
[05Mar2025 02:07:31.080] [main/TRACE] [net.neoforged.fml.loading.FMLConfig/CORE]: FMLConfig earlyWindowMaximized is false
[05Mar2025 02:07:31.080] [main/TRACE] [net.neoforged.fml.loading.FMLConfig/CORE]: FMLConfig earlyWindowSkipGLVersions is []
[05Mar2025 02:07:31.080] [main/TRACE] [net.neoforged.fml.loading.FMLConfig/CORE]: FMLConfig earlyWindowSquir is false
[05Mar2025 02:07:31.083] [main/DEBUG] [net.neoforged.fml.loading.LaunchContext/SCAN]: Located paths when launch context was created: [/home/zeh/.gradle/caches/modules-2/files-2.1/org.lwjgl/lwjgl-openal/3.3.3/3037360cc4595079bea240af250b6d1a527e0905/lwjgl-openal-3.3.3-natives-linux.jar, /home/zeh/.gradle/caches/modules-2/files-2.1/com.ibm.icu/icu4j/73.2/61ad4ef7f9131fcf6d25c34b817f90d6da06c9e9/icu4j-73.2.jar, /home/zeh/.gradle/caches/modules-2/files-2.1/com.google.code.findbugs/jsr305/3.0.2/25ea2e8b0c338a877313bd4672d3fe056ea78f0d/jsr305-3.0.2.jar, /home/zeh/.gradle/caches/modules-2/files-2.1/org.apache.httpcomponents/httpcore/4.4.16/51cf043c87253c9f58b539c9f7e44c8894223850/httpcore-4.4.16.jar, /home/zeh/.gradle/caches/modules-2/files-2.1/org.lwjgl/lwjgl-openal/3.3.3/daada81ceb5fc0c291fbfdd4433cb8d9423577f2/lwjgl-openal-3.3.3.jar, /home/zeh/.gradle/caches/modules-2/files-2.1/net.minecraftforge/srgutils/0.4.15/ca408b131759478f164e010fae0d73997e125fb5/srgutils-0.4.15.jar, /home/zeh/.gradle/caches/modules-2/files-2.1/com.google.errorprone/error_prone_annotations/2.18.0/89b684257096f548fa39a7df9fdaa409d4d4df91/error_prone_annotations-2.18.0.jar, /home/zeh/.gradle/caches/modules-2/files-2.1/org.lwjgl/lwjgl/3.3.3/29589b5f87ed335a6c7e7ee6a5775f81f97ecb84/lwjgl-3.3.3.jar, /home/zeh/.gradle/caches/modules-2/files-2.1/net.neoforged/bus/8.0.2/163c9ef7c4bcca6d850c34e95261b606af91fe06/bus-8.0.2.jar, /home/zeh/.gradle/caches/modules-2/files-2.1/commons-io/commons-io/2.15.1/f11560da189ab563a5c8e351941415430e9304ea/commons-io-2.15.1.jar, /home/zeh/.gradle/caches/modules-2/files-2.1/com.electronwill.night-config/core/3.8.0/2498dd2b3120dd49e963e2feab8fa5d0c5f80e0a/core-3.8.0.jar, /home/zeh/.gradle/caches/modules-2/files-2.1/net.sf.jopt-simple/jopt-simple/5.0.4/4fdac2fbe92dfad86aa6e9301736f6b4342a3f5c/jopt-simple-5.0.4.jar, /home/zeh/.gradle/caches/modules-2/files-2.1/io.netty/netty-transport-native-epoll/4.1.97.Final/5514744c588190ffda076b35a9b8c9f24946a960/netty-transport-native-epoll-4.1.97.Final-linux-aarch_64.jar, /home/zeh/.gradle/caches/modules-2/files-2.1/org.lwjgl/lwjgl-freetype/3.3.3/149070a5480900347071b7074779531f25a6e3dc/lwjgl-freetype-3.3.3-natives-linux.jar, /home/zeh/.gradle/caches/modules-2/files-2.1/com.machinezoo.noexception/noexception/1.7.1/b65330c98e38a1f915fa54a6e5eca496505e3f0a/noexception-1.7.1.jar, /home/zeh/.gradle/caches/modules-2/files-2.1/net.neoforged.accesstransformers/at-modlauncher/10.0.1/5aba50202aceead086bc09fbc2751c9f05cb4890/at-modlauncher-10.0.1.jar, /home/zeh/.gradle/caches/modules-2/files-2.1/org.lwjgl/lwjgl-jemalloc/3.3.3/4f86728bf449b1dd61251c4e0ac01df1389cb51e/lwjgl-jemalloc-3.3.3-natives-linux.jar, /home/zeh/.gradle/caches/modules-2/files-2.1/com.google.j2objc/j2objc-annotations/2.8/c85270e307e7b822f1086b93689124b89768e273/j2objc-annotations-2.8.jar, /home/zeh/.gradle/caches/modules-2/files-2.1/com.google.code.gson/gson/2.10.1/b3add478d4382b78ea20b1671390a858002feb6c/gson-2.10.1.jar, /home/zeh/.gradle/caches/modules-2/files-2.1/com.mojang/logging/1.2.7/24cb95ffb0e3433fd6e844c04e68009e504ca1c0/logging-1.2.7.jar, /home/zeh/.gradle/caches/modules-2/files-2.1/io.netty/netty-transport/4.1.97.Final/f37380d23c9bb079bc702910833b2fd532c9abd0/netty-transport-4.1.97.Final.jar, /home/zeh/.gradle/caches/modules-2/files-2.1/it.unimi.dsi/fastutil/8.5.12/c24946d46824bd528054bface3231d2ecb7e95e8/fastutil-8.5.12.jar, /home/zeh/.gradle/caches/modules-2/files-2.1/net.neoforged/JarJarSelector/0.4.1/fb3cc7a58af22ad2880adb98af6d518128c47dae/JarJarSelector-0.4.1.jar, /home/zeh/.gradle/caches/modules-2/files-2.1/org.lwjgl/lwjgl-stb/3.3.3/25dd6161988d7e65f71d5065c99902402ee32746/lwjgl-stb-3.3.3.jar, /home/zeh/.gradle/caches/modules-2/files-2.1/com.mojang/blocklist/1.0.10/5c685c5ffa94c4cd39496c7184c1d122e515ecef/blocklist-1.0.10.jar, /home/zeh/.gradle/caches/modules-2/files-2.1/org.apache.maven/maven-artifact/3.8.5/4433f50c07debefaed0553bd0068f4f48d449313/maven-artifact-3.8.5.jar, /home/zeh/.gradle/caches/modules-2/files-2.1/net.jodah/typetools/0.6.3/a01aaa6ddaea9ec07ec4f209487b7a46a526283a/typetools-0.6.3.jar, /home/zeh/.gradle/caches/modules-2/files-2.1/org.checkerframework/checker-qual/3.33.0/de2b60b62da487644fc11f734e73c8b0b431238f/checker-qual-3.33.0.jar, /home/zeh/.gradle/caches/modules-2/files-2.1/com.mojang/datafixerupper/8.0.16/67d4de6d7f95d89bcf5862995fb854ebaec02a34/datafixerupper-8.0.16.jar, /home/zeh/.gradle/caches/modules-2/files-2.1/io.netty/netty-codec/4.1.97.Final/384ba4d75670befbedb45c4d3b497a93639c206d/netty-codec-4.1.97.Final.jar, /home/zeh/.gradle/caches/modules-2/files-2.1/com.mojang/brigadier/1.3.10/d15b53a14cf20fdcaa98f731af5dda654452c010/brigadier-1.3.10.jar, /home/zeh/.gradle/caches/modules-2/files-2.1/net.minecrell/terminalconsoleappender/1.3.0/b562e9bb61235c9520e26282cdee71f8f802d1fc/terminalconsoleappender-1.3.0.jar, /home/zeh/.gradle/caches/modules-2/files-2.1/org.lwjgl/lwjgl-opengl/3.3.3/62c70a4b00ca5391882b0f4b787c1588d24f1c86/lwjgl-opengl-3.3.3-natives-linux.jar, /home/zeh/.gradle/caches/modules-2/files-2.1/org.lwjgl/lwjgl-tinyfd/3.3.3/d8d58daa0c3e5fd906fee96f5fddbcbc07cc308b/lwjgl-tinyfd-3.3.3-natives-linux.jar, /home/zeh/.gradle/caches/modules-2/files-2.1/commons-logging/commons-logging/1.2/4bfc12adfe4842bf07b657f0369c4cb522955686/commons-logging-1.2.jar, /home/zeh/.gradle/caches/modules-2/files-2.1/com.google.guava/failureaccess/1.0.1/1dcf1de382a0bf95a3d8b0849546c88bac1292c9/failureaccess-1.0.1.jar, /home/zeh/.gradle/caches/modules-2/files-2.1/io.netty/netty-common/4.1.97.Final/7cceacaf11df8dc63f23d0fb58e9d4640fc88404/netty-common-4.1.97.Final.jar, /home/zeh/.gradle/caches/modules-2/files-2.1/org.codehaus.plexus/plexus-utils/3.3.0/cf43b5391de623b36fe066a21127baef82c64022/plexus-utils-3.3.0.jar, /home/zeh/.gradle/caches/modules-2/files-2.1/org.apache.logging.log4j/log4j-api/2.22.1/bea6fede6328fabafd7e68363161a7ea6605abd1/log4j-api-2.22.1.jar, /home/zeh/.gradle/caches/modules-2/files-2.1/com.mojang/authlib/6.0.54/de8bc95660e1b2fe8793fd427a7a10dcec5b3ea7/authlib-6.0.54.jar, /home/zeh/.gradle/caches/modules-2/files-2.1/org.lwjgl/lwjgl-glfw/3.3.3/a03684c5e4b1b1dbbe0d29dbbdc27b985b6840f2/lwjgl-glfw-3.3.3-natives-linux.jar, /home/zeh/.gradle/caches/modules-2/files-2.1/org.jline/jline-reader/3.20.0/8f15415b022a25b473e8e16c28ae913186ffb9c4/jline-reader-3.20.0.jar, /home/zeh/.gradle/caches/modules-2/files-2.1/net.neoforged/neoform/1.21.1-20240808.144430/811e2bd86fa2cda2812e5e8e51d718ea8bd6d3f4/neoform-1.21.1-20240808.144430.zip, /home/zeh/.gradle/caches/modules-2/files-2.1/net.neoforged/coremods/7.0.3/9147e6f638b4272b3bd5fc8f92ad37802512c6c/coremods-7.0.3.jar, /home/zeh/.gradle/caches/modules-2/files-2.1/com.mojang/patchy/2.2.10/da05971b07cbb379d002cf7eaec6a2048211fefc/patchy-2.2.10.jar, /home/zeh/.gradle/caches/modules-2/files-2.1/org.jline/jline-terminal/3.20.0/d0ddcc708ddf527a3454c941b7b9225cc83a15ff/jline-terminal-3.20.0.jar, /home/zeh/.gradle/caches/modules-2/files-2.1/io.netty/netty-buffer/4.1.97.Final/f8f3d8644afa5e6e1a40a3a6aeb9d9aa970ecb4f/netty-buffer-4.1.97.Final.jar, /home/zeh/.gradle/caches/modules-2/files-2.1/org.lwjgl/lwjgl-glfw/3.3.3/efa1eb78c5ccd840e9f329717109b5e892d72f8e/lwjgl-glfw-3.3.3.jar, /home/zeh/.gradle/caches/modules-2/files-2.1/org.slf4j/slf4j-api/2.0.9/7cf2726fdcfbc8610f9a71fb3ed639871f315340/slf4j-api-2.0.9.jar, /home/zeh/.gradle/caches/modules-2/files-2.1/org.jcraft/jorbis/0.0.17/8872d22b293e8f5d7d56ff92be966e6dc28ebdc6/jorbis-0.0.17.jar, /home/zeh/.gradle/caches/modules-2/files-2.1/cpw.mods/modlauncher/11.0.4/6619d4812a3c092310d521ebc4c9503727563df7/modlauncher-11.0.4.jar, /home/zeh/.gradle/caches/modules-2/files-2.1/net.neoforged/accesstransformers/10.0.1/fd83b5725f76eae9115e9355fa1c456a6a441400/accesstransformers-10.0.1.jar, /home/zeh/.gradle/caches/modules-2/files-2.1/org.lwjgl/lwjgl/3.3.3/1713758e3660ba66e1e954396fd18126038b33c0/lwjgl-3.3.3-natives-linux.jar, /home/zeh/.gradle/caches/modules-2/files-2.1/org.apache.httpcomponents/httpclient/4.5.13/e5f6cae5ca7ecaac1ec2827a9e2d65ae2869cada/httpclient-4.5.13.jar, /home/zeh/.gradle/caches/modules-2/files-2.1/io.netty/netty-handler/4.1.97.Final/abb86c6906bf512bf2b797a41cd7d2e8d3cd7c36/netty-handler-4.1.97.Final.jar, /home/zeh/.gradle/caches/modules-2/files-2.1/net.neoforged.fancymodloader/loader/4.0.37/1a53cff96f7859868f31c0bc8517bed0eb476faa/loader-4.0.37.jar, /home/zeh/.gradle/caches/modules-2/files-2.1/io.netty/netty-resolver/4.1.97.Final/cec8348108dc76c47cf87c669d514be52c922144/netty-resolver-4.1.97.Final.jar, /home/zeh/.gradle/caches/modules-2/files-2.1/org.lwjgl/lwjgl-stb/3.3.3/fd1271ccd9d85eff2fa31f3fd543e02ccfaf5041/lwjgl-stb-3.3.3-natives-linux.jar, /home/zeh/.gradle/caches/modules-2/files-2.1/org.lwjgl/lwjgl-jemalloc/3.3.3/b543467b7ff3c6920539a88ee602d34098628be5/lwjgl-jemalloc-3.3.3.jar, /home/zeh/.gradle/caches/modules-2/files-2.1/org.lz4/lz4-java/1.8.0/4b986a99445e49ea5fbf5d149c4b63f6ed6c6780/lz4-java-1.8.0.jar, /home/zeh/.gradle/caches/modules-2/files-2.1/net.neoforged.fancymodloader/earlydisplay/4.0.37/6f8837509283846bcb1ca93e5592927e492ced8f/earlydisplay-4.0.37.jar, /home/zeh/.gradle/caches/modules-2/files-2.1/net.java.dev.jna/jna-platform/5.14.0/28934d48aed814f11e4c584da55c49fa7032b31b/jna-platform-5.14.0.jar, /home/zeh/.gradle/caches/modules-2/files-2.1/org.joml/joml/1.10.5/22566d58af70ad3d72308bab63b8339906deb649/joml-1.10.5.jar, /home/zeh/.gradle/caches/modules-2/files-2.1/com.google.guava/guava/32.1.2-jre/5e64ec7e056456bef3a4bc4c6fdaef71e8ab6318/guava-32.1.2-jre.jar, /home/zeh/.gradle/caches/modules-2/files-2.1/org.jetbrains/annotations/24.1.0/7af6a669488450c4a07c2c3254e2151df42d7d04/annotations-24.1.0.jar, /home/zeh/.gradle/caches/modules-2/files-2.1/com.google.guava/listenablefuture/9999.0-empty-to-avoid-conflict-with-guava/b421526c5f297295adef1c886e5246c39d4ac629/listenablefuture-9999.0-empty-to-avoid-conflict-with-guava.jar, /home/zeh/.gradle/caches/modules-2/files-2.1/com.electronwill.night-config/toml/3.8.0/861dbcf2757dd6701c98b3949198549ccb5f62ff/toml-3.8.0.jar, /home/zeh/git/create/lowheated/.gradle/repositories/ng_dummy_ng/net/minecraft/client/1.21.1/client-1.21.1-client-extra.jar, /home/zeh/.gradle/caches/modules-2/files-2.1/com.github.oshi/oshi-core/6.4.10/b1d8ab82d11d92fd639b56d639f8f46f739dd5fa/oshi-core-6.4.10.jar, /home/zeh/.gradle/caches/modules-2/files-2.1/org.openjdk.nashorn/nashorn-core/15.4/f67f5ffaa5f5130cf6fb9b133da00c7df3b532a5/nashorn-core-15.4.jar, /home/zeh/.gradle/caches/modules-2/files-2.1/org.apache.logging.log4j/log4j-core/2.22.1/7183a25510a02ad00cc6a95d3b3d2a7d3c5a8dc4/log4j-core-2.22.1.jar, /home/zeh/.gradle/caches/modules-2/files-2.1/net.neoforged/mergetool/2.0.3/1275202cbbb248f49345cf6787ce299afd9a02fb/mergetool-2.0.3-api.jar, /home/zeh/.gradle/caches/modules-2/files-2.1/org.apache.commons/commons-compress/1.26.0/659feffdd12280201c8aacb8f7be94f9a883c824/commons-compress-1.26.0.jar, /home/zeh/.gradle/caches/modules-2/files-2.1/io.netty/netty-transport-native-unix-common/4.1.97.Final/d469d84265ab70095b01b40886cabdd433b6e664/netty-transport-native-unix-common-4.1.97.Final.jar, /home/zeh/.gradle/caches/modules-2/files-2.1/ca.weblite/java-objc-bridge/1.1/1227f9e0666314f9de41477e3ec277e542ed7f7b/java-objc-bridge-1.1.jar, /home/zeh/.gradle/caches/modules-2/files-2.1/org.lwjgl/lwjgl-freetype/3.3.3/a0db6c84a8becc8ca05f9dbfa985edc348a824c7/lwjgl-freetype-3.3.3.jar, /home/zeh/.gradle/caches/modules-2/files-2.1/commons-codec/commons-codec/1.16.0/4e3eb3d79888d76b54e28b350915b5dc3919c9de/commons-codec-1.16.0.jar, /home/zeh/.gradle/caches/modules-2/files-2.1/net.java.dev.jna/jna/5.14.0/67bf3eaea4f0718cb376a181a629e5f88fa1c9dd/jna-5.14.0.jar, /home/zeh/.gradle/caches/modules-2/files-2.1/com.mojang/text2speech/1.17.9/3cad216e3a7f0c19b4b394388bc9ffc446f13b14/text2speech-1.17.9.jar, /home/zeh/.gradle/caches/modules-2/files-2.1/io.netty/netty-transport-classes-epoll/4.1.97.Final/795da37ded759e862457a82d9d92c4d39ce8ecee/netty-transport-classes-epoll-4.1.97.Final.jar, /home/zeh/.gradle/caches/modules-2/files-2.1/org.lwjgl/lwjgl-tinyfd/3.3.3/82d755ca94b102e9ca77283b9e2dc46d1b15fbe5/lwjgl-tinyfd-3.3.3.jar, /home/zeh/.gradle/caches/modules-2/files-2.1/org.lwjgl/lwjgl-opengl/3.3.3/2f6b0147078396a58979125a4c947664e98293a/lwjgl-opengl-3.3.3.jar, /home/zeh/.gradle/caches/modules-2/files-2.1/org.apache.logging.log4j/log4j-slf4j2-impl/2.22.1/d7e6693c2606cb7e7335047d7bb96dec52db5665/log4j-slf4j2-impl-2.22.1.jar, /home/zeh/.gradle/caches/modules-2/files-2.1/net.fabricmc/sponge-mixin/0.15.2+mixin.0.8.7/2af2f021d8e02a0220dc27a7a72b4666d66d44ca/sponge-mixin-0.15.2+mixin.0.8.7.jar, /home/zeh/.gradle/caches/modules-2/files-2.1/org.antlr/antlr4-runtime/4.13.1/17125bae1d965624e265ef49552f6465a2bfa307/antlr4-runtime-4.13.1.jar, /home/zeh/.gradle/caches/modules-2/files-2.1/org.apache.commons/commons-lang3/3.14.0/1ed471194b02f2c6cb734a0cd6f6f107c673afae/commons-lang3-3.14.0.jar, /home/zeh/.gradle/caches/modules-2/files-2.1/io.netty/netty-transport-native-epoll/4.1.97.Final/54188f271e388e7f313aea995e82f58ce2cdb809/netty-transport-native-epoll-4.1.97.Final-linux-x86_64.jar, /home/zeh/.gradle/caches/modules-2/files-2.1/net.neoforged/JarJarMetadata/0.4.1/f8da03683dc81694556dc3e177c5e3bb77ae6fcb/JarJarMetadata-0.4.1.jar]
[05Mar2025 02:07:31.083] [main/DEBUG] [net.neoforged.fml.loading.FMLServiceProvider/CORE]: Preparing launch handler
[05Mar2025 02:07:31.083] [main/DEBUG] [net.neoforged.fml.loading.FMLLoader/CORE]: Using forgedatauserdev as launch service
[05Mar2025 02:07:31.083] [main/DEBUG] [net.neoforged.fml.common.asm.RuntimeDistCleaner/DISTXFORM]: Configuring for Dist CLIENT
[05Mar2025 02:07:31.086] [main/DEBUG] [cpw.mods.modlauncher.TransformationServiceDecorator/MODLAUNCHER]: Initialized transformation service fml
[05Mar2025 02:07:31.086] [main/DEBUG] [cpw.mods.modlauncher.TransformationServicesHandler/MODLAUNCHER]: Transformation services begin scanning
[05Mar2025 02:07:31.086] [main/DEBUG] [cpw.mods.modlauncher.TransformationServiceDecorator/MODLAUNCHER]: Beginning scan trigger - transformation service mixin
[05Mar2025 02:07:31.087] [main/DEBUG] [cpw.mods.modlauncher.TransformationServiceDecorator/MODLAUNCHER]: End scan trigger - transformation service mixin
[05Mar2025 02:07:31.087] [main/DEBUG] [cpw.mods.modlauncher.TransformationServiceDecorator/MODLAUNCHER]: Beginning scan trigger - transformation service fml
[05Mar2025 02:07:31.087] [main/DEBUG] [net.neoforged.fml.loading.FMLServiceProvider/CORE]: Initiating mod scan
[05Mar2025 02:07:31.089] [main/DEBUG] [net.neoforged.fml.loading.targets.CommonLaunchHandler/CORE]: Got mod coordinates CreateLowHeated%%/home/zeh/git/create/lowheated/build/resources/main:CreateLowHeated%%/home/zeh/git/create/lowheated/build/classes/java/main from env
[05Mar2025 02:07:31.090] [main/DEBUG] [net.neoforged.fml.loading.targets.CommonLaunchHandler/CORE]: Found supplied mod coordinates [{CreateLowHeated=[/home/zeh/git/create/lowheated/build/resources/main, /home/zeh/git/create/lowheated/build/classes/java/main]}]
[05Mar2025 02:07:31.104] [main/DEBUG] [net.neoforged.fml.util.ServiceLoaderUtil/CORE]: Found 4 implementations of IModFileCandidateLocator:
[05Mar2025 02:07:31.104] [main/DEBUG] [net.neoforged.fml.util.ServiceLoaderUtil/CORE]: 	       0 - [built-in] net.neoforged.fml.loading.moddiscovery.locators.NeoForgeDevProvider from loader-4.0.37.jar
[05Mar2025 02:07:31.105] [main/DEBUG] [net.neoforged.fml.util.ServiceLoaderUtil/CORE]: 	       0 - net.neoforged.fml.loading.moddiscovery.locators.ModsFolderLocator from loader-4.0.37.jar
[05Mar2025 02:07:31.105] [main/DEBUG] [net.neoforged.fml.util.ServiceLoaderUtil/CORE]: 	       0 - net.neoforged.fml.loading.moddiscovery.locators.MavenDirectoryLocator from loader-4.0.37.jar
[05Mar2025 02:07:31.105] [main/DEBUG] [net.neoforged.fml.util.ServiceLoaderUtil/CORE]: 	   -1000 - [built-in] net.neoforged.fml.loading.moddiscovery.locators.UserdevLocator from loader-4.0.37.jar
[05Mar2025 02:07:31.107] [main/DEBUG] [net.neoforged.fml.util.ServiceLoaderUtil/CORE]: Found 2 implementations of IModFileReader:
[05Mar2025 02:07:31.107] [main/DEBUG] [net.neoforged.fml.util.ServiceLoaderUtil/CORE]: 	       0 - net.neoforged.fml.loading.moddiscovery.readers.JarModsDotTomlModFileReader from loader-4.0.37.jar
[05Mar2025 02:07:31.108] [main/DEBUG] [net.neoforged.fml.util.ServiceLoaderUtil/CORE]: 	   -1000 - net.neoforged.fml.loading.moddiscovery.readers.NestedLibraryModReader from loader-4.0.37.jar
[05Mar2025 02:07:31.109] [main/DEBUG] [net.neoforged.fml.util.ServiceLoaderUtil/CORE]: Found 1 implementations of IDependencyLocator:
[05Mar2025 02:07:31.109] [main/DEBUG] [net.neoforged.fml.util.ServiceLoaderUtil/CORE]: 	       0 - net.neoforged.fml.loading.moddiscovery.locators.JarInJarDependencyLocator from loader-4.0.37.jar
[05Mar2025 02:07:31.109] [main/DEBUG] [net.neoforged.fml.loading.moddiscovery.ModDiscoverer/SCAN]: Scanning for mods and other resources to load. We know 4 ways to find mods
[05Mar2025 02:07:31.109] [main/DEBUG] [net.neoforged.fml.loading.moddiscovery.ModDiscoverer/SCAN]: Trying locator neoforge devenv provider ([/home/zeh/git/create/lowheated/.gradle/repositories/ng_dummy_ng/net/neoforged/neoforge/21.1.125/neoforge-21.1.125.jar])
[05Mar2025 02:07:31.311] [main/DEBUG] [net.neoforged.fml.loading.moddiscovery.ModFileInfo/LOADING]: Found valid mod file neoforge-21.1.125.jar with {minecraft} mods - versions {1.21.1}
[05Mar2025 02:07:31.311] [main/INFO] [net.neoforged.fml.loading.moddiscovery.ModDiscoverer/SCAN]: Found mod file "neoforge-21.1.125.jar" [locator: neoforge devenv provider ([/home/zeh/git/create/lowheated/.gradle/repositories/ng_dummy_ng/net/neoforged/neoforge/21.1.125/neoforge-21.1.125.jar])]
[05Mar2025 02:07:31.319] [main/DEBUG] [net.neoforged.fml.loading.moddiscovery.readers.JarModsDotTomlModFileReader/SCAN]: Found META-INF/neoforge.mods.toml mod of type null: /home/zeh/git/create/lowheated/.gradle/repositories/ng_dummy_ng/net/neoforged/neoforge/21.1.125/neoforge-21.1.125.jar
[05Mar2025 02:07:31.320] [main/DEBUG] [net.neoforged.fml.loading.moddiscovery.ModFileParser/LOADING]: Considering mod file candidate /home/zeh/git/create/lowheated/.gradle/repositories/ng_dummy_ng/net/neoforged/neoforge/21.1.125/neoforge-21.1.125.jar
[05Mar2025 02:07:31.339] [main/DEBUG] [net.neoforged.fml.loading.moddiscovery.ModFileInfo/LOADING]: Found valid mod file neoforge-21.1.125.jar with {neoforge} mods - versions {21.1.125}
[05Mar2025 02:07:31.340] [main/INFO] [net.neoforged.fml.loading.moddiscovery.ModDiscoverer/SCAN]: Found mod file "neoforge-21.1.125.jar" [locator: neoforge devenv provider ([/home/zeh/git/create/lowheated/.gradle/repositories/ng_dummy_ng/net/neoforged/neoforge/21.1.125/neoforge-21.1.125.jar])]
[05Mar2025 02:07:31.340] [main/DEBUG] [net.neoforged.fml.loading.moddiscovery.ModDiscoverer/SCAN]: Locator neoforge devenv provider ([/home/zeh/git/create/lowheated/.gradle/repositories/ng_dummy_ng/net/neoforged/neoforge/21.1.125/neoforge-21.1.125.jar]) found 2 mods, 0 warnings, 0 errors and skipped 0 candidates
[05Mar2025 02:07:31.340] [main/DEBUG] [net.neoforged.fml.loading.moddiscovery.ModDiscoverer/SCAN]: Trying locator {mods folder locator at /home/zeh/git/create/lowheated/runs/data/mods}
[05Mar2025 02:07:31.340] [main/DEBUG] [net.neoforged.fml.loading.moddiscovery.locators.ModsFolderLocator/SCAN]: Scanning mods dir /home/zeh/git/create/lowheated/runs/data/mods for mods
[05Mar2025 02:07:31.341] [main/DEBUG] [net.neoforged.fml.loading.moddiscovery.ModDiscoverer/SCAN]: Locator {mods folder locator at /home/zeh/git/create/lowheated/runs/data/mods} found 0 mods, 0 warnings, 0 errors and skipped 0 candidates
[05Mar2025 02:07:31.342] [main/DEBUG] [net.neoforged.fml.loading.moddiscovery.ModDiscoverer/SCAN]: Trying locator maven libs
[05Mar2025 02:07:31.345] [main/DEBUG] [net.neoforged.fml.loading.moddiscovery.ModListHandler/CORE]: Found mod coordinates from lists: []
[05Mar2025 02:07:31.345] [main/DEBUG] [net.neoforged.fml.loading.moddiscovery.ModDiscoverer/SCAN]: Locator maven libs found 0 mods, 0 warnings, 0 errors and skipped 0 candidates
[05Mar2025 02:07:31.345] [main/DEBUG] [net.neoforged.fml.loading.moddiscovery.ModDiscoverer/SCAN]: Trying locator userdev mods and services
[05Mar2025 02:07:31.348] [main/DEBUG] [net.neoforged.fml.loading.moddiscovery.readers.JarModsDotTomlModFileReader/SCAN]: Found META-INF/neoforge.mods.toml mod of type null: /home/zeh/git/create/lowheated/build/resources/main
[05Mar2025 02:07:31.348] [main/DEBUG] [net.neoforged.fml.loading.moddiscovery.ModFileParser/LOADING]: Considering mod file candidate /home/zeh/git/create/lowheated/build/resources/main
[05Mar2025 02:07:31.354] [main/DEBUG] [net.neoforged.fml.loading.moddiscovery.ModFileInfo/LOADING]: Found valid mod file main with {createlowheated} mods - versions {1.21.16.0.11}
[05Mar2025 02:07:31.354] [main/INFO] [net.neoforged.fml.loading.moddiscovery.ModDiscoverer/SCAN]: Found mod file "main" [locator: userdev mods and services, reader: mod manifest]
[05Mar2025 02:07:31.363] [main/DEBUG] [net.neoforged.fml.loading.moddiscovery.readers.JarModsDotTomlModFileReader/SCAN]: Found META-INF/neoforge.mods.toml mod of type null: /home/zeh/git/create/lowheated/.gradle/repositories/ng_dummy_ng/net/neoforged/neoforge/21.1.125/neoforge-21.1.125.jar
[05Mar2025 02:07:31.363] [main/DEBUG] [net.neoforged.fml.loading.moddiscovery.ModFileParser/LOADING]: Considering mod file candidate /home/zeh/git/create/lowheated/.gradle/repositories/ng_dummy_ng/net/neoforged/neoforge/21.1.125/neoforge-21.1.125.jar
[05Mar2025 02:07:31.365] [main/DEBUG] [net.neoforged.fml.loading.moddiscovery.ModFileInfo/LOADING]: Found valid mod file neoforge-21.1.125.jar with {neoforge} mods - versions {21.1.125}
[05Mar2025 02:07:31.365] [main/INFO] [net.neoforged.fml.loading.moddiscovery.ModDiscoverer/SCAN]: Found mod file "neoforge-21.1.125.jar" [locator: userdev mods and services, reader: mod manifest]
[05Mar2025 02:07:31.366] [main/DEBUG] [net.neoforged.fml.loading.moddiscovery.readers.JarModsDotTomlModFileReader/SCAN]: Found META-INF/neoforge.mods.toml mod of type null: /home/zeh/.gradle/caches/modules-2/files-2.1/net.createmod.ponder/Ponder-NeoForge-1.21.1/1.0.40/ef87af595e47758644a2e8bbf15b3017901f3851/Ponder-NeoForge-1.21.1-1.0.40.jar
[05Mar2025 02:07:31.366] [main/DEBUG] [net.neoforged.fml.loading.moddiscovery.ModFileParser/LOADING]: Considering mod file candidate /home/zeh/.gradle/caches/modules-2/files-2.1/net.createmod.ponder/Ponder-NeoForge-1.21.1/1.0.40/ef87af595e47758644a2e8bbf15b3017901f3851/Ponder-NeoForge-1.21.1-1.0.40.jar
[05Mar2025 02:07:31.368] [main/DEBUG] [net.neoforged.fml.loading.moddiscovery.ModFileInfo/LOADING]: Found valid mod file Ponder-NeoForge-1.21.1-1.0.40.jar with {ponder} mods - versions {1.0.40}
[05Mar2025 02:07:31.368] [main/INFO] [net.neoforged.fml.loading.moddiscovery.ModDiscoverer/SCAN]: Found mod file "Ponder-NeoForge-1.21.1-1.0.40.jar" [locator: userdev mods and services, reader: mod manifest]
[05Mar2025 02:07:31.369] [main/DEBUG] [net.neoforged.fml.loading.moddiscovery.readers.JarModsDotTomlModFileReader/SCAN]: Found META-INF/neoforge.mods.toml mod of type null: /home/zeh/.gradle/caches/modules-2/files-2.1/dev.engine-room.flywheel/flywheel-neoforge-1.21.1/1.0.1-11/1bb379d899645a08077f3b799fa17efb68c20c40/flywheel-neoforge-1.21.1-1.0.1-11.jar
[05Mar2025 02:07:31.370] [main/DEBUG] [net.neoforged.fml.loading.moddiscovery.ModFileParser/LOADING]: Considering mod file candidate /home/zeh/.gradle/caches/modules-2/files-2.1/dev.engine-room.flywheel/flywheel-neoforge-1.21.1/1.0.1-11/1bb379d899645a08077f3b799fa17efb68c20c40/flywheel-neoforge-1.21.1-1.0.1-11.jar
[05Mar2025 02:07:31.372] [main/DEBUG] [net.neoforged.fml.loading.moddiscovery.ModFileInfo/LOADING]: Found valid mod file flywheel-neoforge-1.21.1-1.0.1-11.jar with {flywheel} mods - versions {1.0.1-11}
[05Mar2025 02:07:31.372] [main/INFO] [net.neoforged.fml.loading.moddiscovery.ModDiscoverer/SCAN]: Found mod file "flywheel-neoforge-1.21.1-1.0.1-11.jar" [locator: userdev mods and services, reader: mod manifest]
[05Mar2025 02:07:31.378] [main/DEBUG] [net.neoforged.fml.loading.moddiscovery.readers.JarModsDotTomlModFileReader/SCAN]: Found META-INF/neoforge.mods.toml mod of type null: /home/zeh/.gradle/caches/modules-2/files-2.1/com.simibubi.create/create-1.21.1/6.0.1-22/45bec7ce885fd932cb0e4ac3ed873a846c198aab/create-1.21.1-6.0.1-22.jar
[05Mar2025 02:07:31.378] [main/DEBUG] [net.neoforged.fml.loading.moddiscovery.ModFileParser/LOADING]: Considering mod file candidate /home/zeh/.gradle/caches/modules-2/files-2.1/com.simibubi.create/create-1.21.1/6.0.1-22/45bec7ce885fd932cb0e4ac3ed873a846c198aab/create-1.21.1-6.0.1-22.jar
[05Mar2025 02:07:31.380] [main/DEBUG] [net.neoforged.fml.loading.moddiscovery.ModFileInfo/LOADING]: Found valid mod file create-1.21.1-6.0.1-22.jar with {create} mods - versions {6.0.1}
[05Mar2025 02:07:31.380] [main/INFO] [net.neoforged.fml.loading.moddiscovery.ModDiscoverer/SCAN]: Found mod file "create-1.21.1-6.0.1-22.jar" [locator: userdev mods and services, reader: mod manifest]
[05Mar2025 02:07:31.381] [main/DEBUG] [net.neoforged.fml.loading.moddiscovery.readers.JarModsDotTomlModFileReader/SCAN]: Found META-INF/neoforge.mods.toml mod of type null: /home/zeh/.gradle/caches/modules-2/files-2.1/mezz.jei/jei-1.21.1-neoforge/19.21.0.247/4d9ed6b03c67148ffe7406a84deb168a632e0a60/jei-1.21.1-neoforge-19.21.0.247.jar
[05Mar2025 02:07:31.382] [main/DEBUG] [net.neoforged.fml.loading.moddiscovery.ModFileParser/LOADING]: Considering mod file candidate /home/zeh/.gradle/caches/modules-2/files-2.1/mezz.jei/jei-1.21.1-neoforge/19.21.0.247/4d9ed6b03c67148ffe7406a84deb168a632e0a60/jei-1.21.1-neoforge-19.21.0.247.jar
[05Mar2025 02:07:31.384] [main/DEBUG] [net.neoforged.fml.loading.moddiscovery.ModFileInfo/LOADING]: Found valid mod file jei-1.21.1-neoforge-19.21.0.247.jar with {jei} mods - versions {19.21.0.247}
[05Mar2025 02:07:31.384] [main/INFO] [net.neoforged.fml.loading.moddiscovery.ModDiscoverer/SCAN]: Found mod file "jei-1.21.1-neoforge-19.21.0.247.jar" [locator: userdev mods and services, reader: mod manifest]
[05Mar2025 02:07:31.385] [main/DEBUG] [net.neoforged.fml.loading.moddiscovery.readers.JarModsDotTomlModFileReader/SCAN]: Found META-INF/neoforge.mods.toml mod of type null: /home/zeh/.gradle/caches/modules-2/files-2.1/top.theillusivec4.curios/curios-neoforge/9.2.2+1.21.1/b9afdecfa72c6824a6e980712609ddc7e0362f37/curios-neoforge-9.2.2+1.21.1.jar
[05Mar2025 02:07:31.385] [main/DEBUG] [net.neoforged.fml.loading.moddiscovery.ModFileParser/LOADING]: Considering mod file candidate /home/zeh/.gradle/caches/modules-2/files-2.1/top.theillusivec4.curios/curios-neoforge/9.2.2+1.21.1/b9afdecfa72c6824a6e980712609ddc7e0362f37/curios-neoforge-9.2.2+1.21.1.jar
[05Mar2025 02:07:31.387] [main/DEBUG] [net.neoforged.fml.loading.moddiscovery.ModFileInfo/LOADING]: Found valid mod file curios-neoforge-9.2.2+1.21.1.jar with {curios} mods - versions {9.2.2+1.21.1}
[05Mar2025 02:07:31.387] [main/INFO] [net.neoforged.fml.loading.moddiscovery.ModDiscoverer/SCAN]: Found mod file "curios-neoforge-9.2.2+1.21.1.jar" [locator: userdev mods and services, reader: mod manifest]
[05Mar2025 02:07:31.391] [main/DEBUG] [net.neoforged.fml.loading.moddiscovery.readers.JarModsDotTomlModFileReader/SCAN]: Found META-INF/MANIFEST.MF mod of type GAMELIBRARY: /home/zeh/.gradle/caches/modules-2/files-2.1/com.tterrag.registrate/Registrate/MC1.21-1.3.0+62/e8ca9c96f9e3535e4dbf2e57699e0d1c7783fec2/Registrate-MC1.21-1.3.0+62.jar
[05Mar2025 02:07:31.393] [main/INFO] [net.neoforged.fml.loading.moddiscovery.ModDiscoverer/SCAN]: Found gamelibrary file "Registrate-MC1.21-1.3.0+62.jar" [locator: userdev mods and services, reader: mod manifest]
[05Mar2025 02:07:31.394] [main/DEBUG] [net.neoforged.fml.loading.moddiscovery.ModDiscoverer/]: Skipping /home/zeh/.gradle/caches/modules-2/files-2.1/com.github.oshi/oshi-core/6.4.10/b1d8ab82d11d92fd639b56d639f8f46f739dd5fa/oshi-core-6.4.10.jar because it was already located earlier
[05Mar2025 02:07:31.394] [main/DEBUG] [net.neoforged.fml.loading.moddiscovery.ModDiscoverer/]: Skipping /home/zeh/.gradle/caches/modules-2/files-2.1/com.mojang/authlib/6.0.54/de8bc95660e1b2fe8793fd427a7a10dcec5b3ea7/authlib-6.0.54.jar because it was already located earlier
[05Mar2025 02:07:31.394] [main/DEBUG] [net.neoforged.fml.loading.moddiscovery.ModDiscoverer/]: Skipping /home/zeh/.gradle/caches/modules-2/files-2.1/com.mojang/datafixerupper/8.0.16/67d4de6d7f95d89bcf5862995fb854ebaec02a34/datafixerupper-8.0.16.jar because it was already located earlier
[05Mar2025 02:07:31.394] [main/DEBUG] [net.neoforged.fml.loading.moddiscovery.ModDiscoverer/]: Skipping /home/zeh/.gradle/caches/modules-2/files-2.1/com.google.code.gson/gson/2.10.1/b3add478d4382b78ea20b1671390a858002feb6c/gson-2.10.1.jar because it was already located earlier
[05Mar2025 02:07:31.394] [main/DEBUG] [net.neoforged.fml.loading.moddiscovery.ModDiscoverer/]: Skipping /home/zeh/.gradle/caches/modules-2/files-2.1/com.mojang/patchy/2.2.10/da05971b07cbb379d002cf7eaec6a2048211fefc/patchy-2.2.10.jar because it was already located earlier
[05Mar2025 02:07:31.394] [main/DEBUG] [net.neoforged.fml.loading.moddiscovery.ModDiscoverer/]: Skipping /home/zeh/.gradle/caches/modules-2/files-2.1/com.mojang/text2speech/1.17.9/3cad216e3a7f0c19b4b394388bc9ffc446f13b14/text2speech-1.17.9.jar because it was already located earlier
[05Mar2025 02:07:31.394] [main/DEBUG] [net.neoforged.fml.loading.moddiscovery.ModDiscoverer/]: Skipping /home/zeh/.gradle/caches/modules-2/files-2.1/com.google.guava/guava/32.1.2-jre/5e64ec7e056456bef3a4bc4c6fdaef71e8ab6318/guava-32.1.2-jre.jar because it was already located earlier
[05Mar2025 02:07:31.394] [main/DEBUG] [net.neoforged.fml.loading.moddiscovery.ModDiscoverer/]: Skipping /home/zeh/.gradle/caches/modules-2/files-2.1/com.google.guava/failureaccess/1.0.1/1dcf1de382a0bf95a3d8b0849546c88bac1292c9/failureaccess-1.0.1.jar because it was already located earlier
[05Mar2025 02:07:31.394] [main/DEBUG] [net.neoforged.fml.loading.moddiscovery.ModDiscoverer/]: Skipping /home/zeh/.gradle/caches/modules-2/files-2.1/com.ibm.icu/icu4j/73.2/61ad4ef7f9131fcf6d25c34b817f90d6da06c9e9/icu4j-73.2.jar because it was already located earlier
[05Mar2025 02:07:31.394] [main/DEBUG] [net.neoforged.fml.loading.moddiscovery.ModDiscoverer/]: Skipping /home/zeh/.gradle/caches/modules-2/files-2.1/com.mojang/blocklist/1.0.10/5c685c5ffa94c4cd39496c7184c1d122e515ecef/blocklist-1.0.10.jar because it was already located earlier
[05Mar2025 02:07:31.394] [main/DEBUG] [net.neoforged.fml.loading.moddiscovery.ModDiscoverer/]: Skipping /home/zeh/.gradle/caches/modules-2/files-2.1/com.mojang/brigadier/1.3.10/d15b53a14cf20fdcaa98f731af5dda654452c010/brigadier-1.3.10.jar because it was already located earlier
[05Mar2025 02:07:31.394] [main/DEBUG] [net.neoforged.fml.loading.moddiscovery.ModDiscoverer/]: Skipping /home/zeh/.gradle/caches/modules-2/files-2.1/com.mojang/logging/1.2.7/24cb95ffb0e3433fd6e844c04e68009e504ca1c0/logging-1.2.7.jar because it was already located earlier
[05Mar2025 02:07:31.394] [main/DEBUG] [net.neoforged.fml.loading.moddiscovery.ModDiscoverer/]: Skipping /home/zeh/.gradle/caches/modules-2/files-2.1/org.apache.httpcomponents/httpclient/4.5.13/e5f6cae5ca7ecaac1ec2827a9e2d65ae2869cada/httpclient-4.5.13.jar because it was already located earlier
[05Mar2025 02:07:31.394] [main/DEBUG] [net.neoforged.fml.loading.moddiscovery.ModDiscoverer/]: Skipping /home/zeh/.gradle/caches/modules-2/files-2.1/commons-codec/commons-codec/1.16.0/4e3eb3d79888d76b54e28b350915b5dc3919c9de/commons-codec-1.16.0.jar because it was already located earlier
[05Mar2025 02:07:31.394] [main/DEBUG] [net.neoforged.fml.loading.moddiscovery.ModDiscoverer/]: Skipping /home/zeh/.gradle/caches/modules-2/files-2.1/org.apache.commons/commons-compress/1.26.0/659feffdd12280201c8aacb8f7be94f9a883c824/commons-compress-1.26.0.jar because it was already located earlier
[05Mar2025 02:07:31.395] [main/DEBUG] [net.neoforged.fml.loading.moddiscovery.ModDiscoverer/]: Skipping /home/zeh/.gradle/caches/modules-2/files-2.1/commons-io/commons-io/2.15.1/f11560da189ab563a5c8e351941415430e9304ea/commons-io-2.15.1.jar because it was already located earlier
[05Mar2025 02:07:31.395] [main/DEBUG] [net.neoforged.fml.loading.moddiscovery.ModDiscoverer/]: Skipping /home/zeh/.gradle/caches/modules-2/files-2.1/commons-logging/commons-logging/1.2/4bfc12adfe4842bf07b657f0369c4cb522955686/commons-logging-1.2.jar because it was already located earlier
[05Mar2025 02:07:31.395] [main/DEBUG] [net.neoforged.fml.loading.moddiscovery.ModDiscoverer/]: Skipping /home/zeh/.gradle/caches/modules-2/files-2.1/io.netty/netty-handler/4.1.97.Final/abb86c6906bf512bf2b797a41cd7d2e8d3cd7c36/netty-handler-4.1.97.Final.jar because it was already located earlier
[05Mar2025 02:07:31.395] [main/DEBUG] [net.neoforged.fml.loading.moddiscovery.ModDiscoverer/]: Skipping /home/zeh/.gradle/caches/modules-2/files-2.1/io.netty/netty-codec/4.1.97.Final/384ba4d75670befbedb45c4d3b497a93639c206d/netty-codec-4.1.97.Final.jar because it was already located earlier
[05Mar2025 02:07:31.395] [main/DEBUG] [net.neoforged.fml.loading.moddiscovery.ModDiscoverer/]: Skipping /home/zeh/.gradle/caches/modules-2/files-2.1/io.netty/netty-transport-native-epoll/4.1.97.Final/5514744c588190ffda076b35a9b8c9f24946a960/netty-transport-native-epoll-4.1.97.Final-linux-aarch_64.jar because it was already located earlier
[05Mar2025 02:07:31.395] [main/DEBUG] [net.neoforged.fml.loading.moddiscovery.ModDiscoverer/]: Skipping /home/zeh/.gradle/caches/modules-2/files-2.1/io.netty/netty-transport-native-epoll/4.1.97.Final/54188f271e388e7f313aea995e82f58ce2cdb809/netty-transport-native-epoll-4.1.97.Final-linux-x86_64.jar because it was already located earlier
[05Mar2025 02:07:31.395] [main/DEBUG] [net.neoforged.fml.loading.moddiscovery.ModDiscoverer/]: Skipping /home/zeh/.gradle/caches/modules-2/files-2.1/io.netty/netty-transport-classes-epoll/4.1.97.Final/795da37ded759e862457a82d9d92c4d39ce8ecee/netty-transport-classes-epoll-4.1.97.Final.jar because it was already located earlier
[05Mar2025 02:07:31.395] [main/DEBUG] [net.neoforged.fml.loading.moddiscovery.ModDiscoverer/]: Skipping /home/zeh/.gradle/caches/modules-2/files-2.1/io.netty/netty-transport-native-unix-common/4.1.97.Final/d469d84265ab70095b01b40886cabdd433b6e664/netty-transport-native-unix-common-4.1.97.Final.jar because it was already located earlier
[05Mar2025 02:07:31.395] [main/DEBUG] [net.neoforged.fml.loading.moddiscovery.ModDiscoverer/]: Skipping /home/zeh/.gradle/caches/modules-2/files-2.1/io.netty/netty-transport/4.1.97.Final/f37380d23c9bb079bc702910833b2fd532c9abd0/netty-transport-4.1.97.Final.jar because it was already located earlier
[05Mar2025 02:07:31.395] [main/DEBUG] [net.neoforged.fml.loading.moddiscovery.ModDiscoverer/]: Skipping /home/zeh/.gradle/caches/modules-2/files-2.1/io.netty/netty-buffer/4.1.97.Final/f8f3d8644afa5e6e1a40a3a6aeb9d9aa970ecb4f/netty-buffer-4.1.97.Final.jar because it was already located earlier
[05Mar2025 02:07:31.395] [main/DEBUG] [net.neoforged.fml.loading.moddiscovery.ModDiscoverer/]: Skipping /home/zeh/.gradle/caches/modules-2/files-2.1/io.netty/netty-resolver/4.1.97.Final/cec8348108dc76c47cf87c669d514be52c922144/netty-resolver-4.1.97.Final.jar because it was already located earlier
[05Mar2025 02:07:31.395] [main/DEBUG] [net.neoforged.fml.loading.moddiscovery.ModDiscoverer/]: Skipping /home/zeh/.gradle/caches/modules-2/files-2.1/io.netty/netty-common/4.1.97.Final/7cceacaf11df8dc63f23d0fb58e9d4640fc88404/netty-common-4.1.97.Final.jar because it was already located earlier
[05Mar2025 02:07:31.395] [main/DEBUG] [net.neoforged.fml.loading.moddiscovery.ModDiscoverer/]: Skipping /home/zeh/.gradle/caches/modules-2/files-2.1/it.unimi.dsi/fastutil/8.5.12/c24946d46824bd528054bface3231d2ecb7e95e8/fastutil-8.5.12.jar because it was already located earlier
[05Mar2025 02:07:31.395] [main/DEBUG] [net.neoforged.fml.loading.moddiscovery.ModDiscoverer/]: Skipping /home/zeh/.gradle/caches/modules-2/files-2.1/net.java.dev.jna/jna-platform/5.14.0/28934d48aed814f11e4c584da55c49fa7032b31b/jna-platform-5.14.0.jar because it was already located earlier
[05Mar2025 02:07:31.395] [main/DEBUG] [net.neoforged.fml.loading.moddiscovery.ModDiscoverer/]: Skipping /home/zeh/.gradle/caches/modules-2/files-2.1/ca.weblite/java-objc-bridge/1.1/1227f9e0666314f9de41477e3ec277e542ed7f7b/java-objc-bridge-1.1.jar because it was already located earlier
[05Mar2025 02:07:31.395] [main/DEBUG] [net.neoforged.fml.loading.moddiscovery.ModDiscoverer/]: Skipping /home/zeh/.gradle/caches/modules-2/files-2.1/net.java.dev.jna/jna/5.14.0/67bf3eaea4f0718cb376a181a629e5f88fa1c9dd/jna-5.14.0.jar because it was already located earlier
[05Mar2025 02:07:31.395] [main/DEBUG] [net.neoforged.fml.loading.moddiscovery.ModDiscoverer/]: Skipping /home/zeh/.gradle/caches/modules-2/files-2.1/net.neoforged/mergetool/2.0.3/1275202cbbb248f49345cf6787ce299afd9a02fb/mergetool-2.0.3-api.jar because it was already located earlier
[05Mar2025 02:07:31.395] [main/DEBUG] [net.neoforged.fml.loading.moddiscovery.ModDiscoverer/]: Skipping /home/zeh/.gradle/caches/modules-2/files-2.1/net.sf.jopt-simple/jopt-simple/5.0.4/4fdac2fbe92dfad86aa6e9301736f6b4342a3f5c/jopt-simple-5.0.4.jar because it was already located earlier
[05Mar2025 02:07:31.396] [main/DEBUG] [net.neoforged.fml.loading.moddiscovery.ModDiscoverer/]: Skipping /home/zeh/.gradle/caches/modules-2/files-2.1/org.apache.commons/commons-lang3/3.14.0/1ed471194b02f2c6cb734a0cd6f6f107c673afae/commons-lang3-3.14.0.jar because it was already located earlier
[05Mar2025 02:07:31.396] [main/DEBUG] [net.neoforged.fml.loading.moddiscovery.ModDiscoverer/]: Skipping /home/zeh/.gradle/caches/modules-2/files-2.1/org.apache.httpcomponents/httpcore/4.4.16/51cf043c87253c9f58b539c9f7e44c8894223850/httpcore-4.4.16.jar because it was already located earlier
[05Mar2025 02:07:31.396] [main/DEBUG] [net.neoforged.fml.loading.moddiscovery.ModDiscoverer/]: Skipping /home/zeh/.gradle/caches/modules-2/files-2.1/org.apache.logging.log4j/log4j-slf4j2-impl/2.22.1/d7e6693c2606cb7e7335047d7bb96dec52db5665/log4j-slf4j2-impl-2.22.1.jar because it was already located earlier
[05Mar2025 02:07:31.396] [main/DEBUG] [net.neoforged.fml.loading.moddiscovery.ModDiscoverer/]: Skipping /home/zeh/.gradle/caches/modules-2/files-2.1/org.apache.logging.log4j/log4j-core/2.22.1/7183a25510a02ad00cc6a95d3b3d2a7d3c5a8dc4/log4j-core-2.22.1.jar because it was already located earlier
[05Mar2025 02:07:31.396] [main/DEBUG] [net.neoforged.fml.loading.moddiscovery.ModDiscoverer/]: Skipping /home/zeh/.gradle/caches/modules-2/files-2.1/org.apache.logging.log4j/log4j-api/2.22.1/bea6fede6328fabafd7e68363161a7ea6605abd1/log4j-api-2.22.1.jar because it was already located earlier
[05Mar2025 02:07:31.396] [main/DEBUG] [net.neoforged.fml.loading.moddiscovery.ModDiscoverer/]: Skipping /home/zeh/.gradle/caches/modules-2/files-2.1/org.jcraft/jorbis/0.0.17/8872d22b293e8f5d7d56ff92be966e6dc28ebdc6/jorbis-0.0.17.jar because it was already located earlier
[05Mar2025 02:07:31.396] [main/DEBUG] [net.neoforged.fml.loading.moddiscovery.ModDiscoverer/]: Skipping /home/zeh/.gradle/caches/modules-2/files-2.1/org.joml/joml/1.10.5/22566d58af70ad3d72308bab63b8339906deb649/joml-1.10.5.jar because it was already located earlier
[05Mar2025 02:07:31.396] [main/DEBUG] [net.neoforged.fml.loading.moddiscovery.ModDiscoverer/]: Skipping /home/zeh/.gradle/caches/modules-2/files-2.1/org.lwjgl/lwjgl-freetype/3.3.3/a0db6c84a8becc8ca05f9dbfa985edc348a824c7/lwjgl-freetype-3.3.3.jar because it was already located earlier
[05Mar2025 02:07:31.396] [main/DEBUG] [net.neoforged.fml.loading.moddiscovery.ModDiscoverer/]: Skipping /home/zeh/.gradle/caches/modules-2/files-2.1/org.lwjgl/lwjgl-freetype/3.3.3/149070a5480900347071b7074779531f25a6e3dc/lwjgl-freetype-3.3.3-natives-linux.jar because it was already located earlier
[05Mar2025 02:07:31.396] [main/DEBUG] [net.neoforged.fml.loading.moddiscovery.ModDiscoverer/]: Skipping /home/zeh/.gradle/caches/modules-2/files-2.1/org.lwjgl/lwjgl-glfw/3.3.3/efa1eb78c5ccd840e9f329717109b5e892d72f8e/lwjgl-glfw-3.3.3.jar because it was already located earlier
[05Mar2025 02:07:31.396] [main/DEBUG] [net.neoforged.fml.loading.moddiscovery.ModDiscoverer/]: Skipping /home/zeh/.gradle/caches/modules-2/files-2.1/org.lwjgl/lwjgl-glfw/3.3.3/a03684c5e4b1b1dbbe0d29dbbdc27b985b6840f2/lwjgl-glfw-3.3.3-natives-linux.jar because it was already located earlier
[05Mar2025 02:07:31.396] [main/DEBUG] [net.neoforged.fml.loading.moddiscovery.ModDiscoverer/]: Skipping /home/zeh/.gradle/caches/modules-2/files-2.1/org.lwjgl/lwjgl-jemalloc/3.3.3/b543467b7ff3c6920539a88ee602d34098628be5/lwjgl-jemalloc-3.3.3.jar because it was already located earlier
[05Mar2025 02:07:31.396] [main/DEBUG] [net.neoforged.fml.loading.moddiscovery.ModDiscoverer/]: Skipping /home/zeh/.gradle/caches/modules-2/files-2.1/org.lwjgl/lwjgl-jemalloc/3.3.3/4f86728bf449b1dd61251c4e0ac01df1389cb51e/lwjgl-jemalloc-3.3.3-natives-linux.jar because it was already located earlier
[05Mar2025 02:07:31.396] [main/DEBUG] [net.neoforged.fml.loading.moddiscovery.ModDiscoverer/]: Skipping /home/zeh/.gradle/caches/modules-2/files-2.1/org.lwjgl/lwjgl-openal/3.3.3/daada81ceb5fc0c291fbfdd4433cb8d9423577f2/lwjgl-openal-3.3.3.jar because it was already located earlier
[05Mar2025 02:07:31.396] [main/DEBUG] [net.neoforged.fml.loading.moddiscovery.ModDiscoverer/]: Skipping /home/zeh/.gradle/caches/modules-2/files-2.1/org.lwjgl/lwjgl-openal/3.3.3/3037360cc4595079bea240af250b6d1a527e0905/lwjgl-openal-3.3.3-natives-linux.jar because it was already located earlier
[05Mar2025 02:07:31.396] [main/DEBUG] [net.neoforged.fml.loading.moddiscovery.ModDiscoverer/]: Skipping /home/zeh/.gradle/caches/modules-2/files-2.1/org.lwjgl/lwjgl-opengl/3.3.3/2f6b0147078396a58979125a4c947664e98293a/lwjgl-opengl-3.3.3.jar because it was already located earlier
[05Mar2025 02:07:31.396] [main/DEBUG] [net.neoforged.fml.loading.moddiscovery.ModDiscoverer/]: Skipping /home/zeh/.gradle/caches/modules-2/files-2.1/org.lwjgl/lwjgl-opengl/3.3.3/62c70a4b00ca5391882b0f4b787c1588d24f1c86/lwjgl-opengl-3.3.3-natives-linux.jar because it was already located earlier
[05Mar2025 02:07:31.396] [main/DEBUG] [net.neoforged.fml.loading.moddiscovery.ModDiscoverer/]: Skipping /home/zeh/.gradle/caches/modules-2/files-2.1/org.lwjgl/lwjgl-stb/3.3.3/25dd6161988d7e65f71d5065c99902402ee32746/lwjgl-stb-3.3.3.jar because it was already located earlier
[05Mar2025 02:07:31.396] [main/DEBUG] [net.neoforged.fml.loading.moddiscovery.ModDiscoverer/]: Skipping /home/zeh/.gradle/caches/modules-2/files-2.1/org.lwjgl/lwjgl-stb/3.3.3/fd1271ccd9d85eff2fa31f3fd543e02ccfaf5041/lwjgl-stb-3.3.3-natives-linux.jar because it was already located earlier
[05Mar2025 02:07:31.397] [main/DEBUG] [net.neoforged.fml.loading.moddiscovery.ModDiscoverer/]: Skipping /home/zeh/.gradle/caches/modules-2/files-2.1/org.lwjgl/lwjgl-tinyfd/3.3.3/82d755ca94b102e9ca77283b9e2dc46d1b15fbe5/lwjgl-tinyfd-3.3.3.jar because it was already located earlier
[05Mar2025 02:07:31.397] [main/DEBUG] [net.neoforged.fml.loading.moddiscovery.ModDiscoverer/]: Skipping /home/zeh/.gradle/caches/modules-2/files-2.1/org.lwjgl/lwjgl-tinyfd/3.3.3/d8d58daa0c3e5fd906fee96f5fddbcbc07cc308b/lwjgl-tinyfd-3.3.3-natives-linux.jar because it was already located earlier
[05Mar2025 02:07:31.397] [main/DEBUG] [net.neoforged.fml.loading.moddiscovery.ModDiscoverer/]: Skipping /home/zeh/.gradle/caches/modules-2/files-2.1/org.lwjgl/lwjgl/3.3.3/29589b5f87ed335a6c7e7ee6a5775f81f97ecb84/lwjgl-3.3.3.jar because it was already located earlier
[05Mar2025 02:07:31.397] [main/DEBUG] [net.neoforged.fml.loading.moddiscovery.ModDiscoverer/]: Skipping /home/zeh/.gradle/caches/modules-2/files-2.1/org.lwjgl/lwjgl/3.3.3/1713758e3660ba66e1e954396fd18126038b33c0/lwjgl-3.3.3-natives-linux.jar because it was already located earlier
[05Mar2025 02:07:31.397] [main/DEBUG] [net.neoforged.fml.loading.moddiscovery.ModDiscoverer/]: Skipping /home/zeh/.gradle/caches/modules-2/files-2.1/org.lz4/lz4-java/1.8.0/4b986a99445e49ea5fbf5d149c4b63f6ed6c6780/lz4-java-1.8.0.jar because it was already located earlier
[05Mar2025 02:07:31.397] [main/DEBUG] [net.neoforged.fml.loading.moddiscovery.ModDiscoverer/]: Skipping /home/zeh/.gradle/caches/modules-2/files-2.1/org.slf4j/slf4j-api/2.0.9/7cf2726fdcfbc8610f9a71fb3ed639871f315340/slf4j-api-2.0.9.jar because it was already located earlier
[05Mar2025 02:07:31.397] [main/DEBUG] [net.neoforged.fml.loading.moddiscovery.ModDiscoverer/]: Skipping /home/zeh/.gradle/caches/modules-2/files-2.1/com.google.code.findbugs/jsr305/3.0.2/25ea2e8b0c338a877313bd4672d3fe056ea78f0d/jsr305-3.0.2.jar because it was already located earlier
[05Mar2025 02:07:31.397] [main/DEBUG] [net.neoforged.fml.loading.moddiscovery.ModDiscoverer/]: Skipping /home/zeh/.gradle/caches/modules-2/files-2.1/org.jetbrains/annotations/24.1.0/7af6a669488450c4a07c2c3254e2151df42d7d04/annotations-24.1.0.jar because it was already located earlier
[05Mar2025 02:07:31.397] [main/DEBUG] [net.neoforged.fml.loading.moddiscovery.ModDiscoverer/]: Skipping /home/zeh/.gradle/caches/modules-2/files-2.1/net.neoforged.fancymodloader/earlydisplay/4.0.37/6f8837509283846bcb1ca93e5592927e492ced8f/earlydisplay-4.0.37.jar because it was already located earlier
[05Mar2025 02:07:31.397] [main/DEBUG] [net.neoforged.fml.loading.moddiscovery.ModDiscoverer/]: Skipping /home/zeh/.gradle/caches/modules-2/files-2.1/net.neoforged.fancymodloader/loader/4.0.37/1a53cff96f7859868f31c0bc8517bed0eb476faa/loader-4.0.37.jar because it was already located earlier
[05Mar2025 02:07:31.397] [main/DEBUG] [net.neoforged.fml.loading.moddiscovery.ModDiscoverer/]: Skipping /home/zeh/.gradle/caches/modules-2/files-2.1/net.neoforged/coremods/7.0.3/9147e6f638b4272b3bd5fc8f92ad37802512c6c/coremods-7.0.3.jar because it was already located earlier
[05Mar2025 02:07:31.397] [main/DEBUG] [net.neoforged.fml.loading.moddiscovery.ModDiscoverer/]: Skipping /home/zeh/.gradle/caches/modules-2/files-2.1/cpw.mods/modlauncher/11.0.4/6619d4812a3c092310d521ebc4c9503727563df7/modlauncher-11.0.4.jar because it was already located earlier
[05Mar2025 02:07:31.397] [main/DEBUG] [net.neoforged.fml.loading.moddiscovery.ModDiscoverer/]: Skipping /home/zeh/.gradle/caches/modules-2/files-2.1/net.neoforged.accesstransformers/at-modlauncher/10.0.1/5aba50202aceead086bc09fbc2751c9f05cb4890/at-modlauncher-10.0.1.jar because it was already located earlier
[05Mar2025 02:07:31.397] [main/DEBUG] [net.neoforged.fml.loading.moddiscovery.ModDiscoverer/]: Skipping /home/zeh/.gradle/caches/modules-2/files-2.1/net.neoforged/accesstransformers/10.0.1/fd83b5725f76eae9115e9355fa1c456a6a441400/accesstransformers-10.0.1.jar because it was already located earlier
[05Mar2025 02:07:31.397] [main/DEBUG] [net.neoforged.fml.loading.moddiscovery.ModDiscoverer/]: Skipping /home/zeh/.gradle/caches/modules-2/files-2.1/org.openjdk.nashorn/nashorn-core/15.4/f67f5ffaa5f5130cf6fb9b133da00c7df3b532a5/nashorn-core-15.4.jar because it was already located earlier
[05Mar2025 02:07:31.397] [main/DEBUG] [net.neoforged.fml.loading.moddiscovery.ModDiscoverer/]: Skipping /home/zeh/.gradle/caches/modules-2/files-2.1/net.neoforged/bus/8.0.2/163c9ef7c4bcca6d850c34e95261b606af91fe06/bus-8.0.2.jar because it was already located earlier
[05Mar2025 02:07:31.398] [main/DEBUG] [net.neoforged.fml.loading.moddiscovery.ModDiscoverer/]: Skipping /home/zeh/.gradle/caches/modules-2/files-2.1/com.electronwill.night-config/toml/3.8.0/861dbcf2757dd6701c98b3949198549ccb5f62ff/toml-3.8.0.jar because it was already located earlier
[05Mar2025 02:07:31.398] [main/DEBUG] [net.neoforged.fml.loading.moddiscovery.ModDiscoverer/]: Skipping /home/zeh/.gradle/caches/modules-2/files-2.1/com.electronwill.night-config/core/3.8.0/2498dd2b3120dd49e963e2feab8fa5d0c5f80e0a/core-3.8.0.jar because it was already located earlier
[05Mar2025 02:07:31.398] [main/DEBUG] [net.neoforged.fml.loading.moddiscovery.ModDiscoverer/]: Skipping /home/zeh/.gradle/caches/modules-2/files-2.1/net.neoforged/JarJarSelector/0.4.1/fb3cc7a58af22ad2880adb98af6d518128c47dae/JarJarSelector-0.4.1.jar because it was already located earlier
[05Mar2025 02:07:31.398] [main/DEBUG] [net.neoforged.fml.loading.moddiscovery.ModDiscoverer/]: Skipping /home/zeh/.gradle/caches/modules-2/files-2.1/net.neoforged/JarJarMetadata/0.4.1/f8da03683dc81694556dc3e177c5e3bb77ae6fcb/JarJarMetadata-0.4.1.jar because it was already located earlier
[05Mar2025 02:07:31.398] [main/DEBUG] [net.neoforged.fml.loading.moddiscovery.ModDiscoverer/]: Skipping /home/zeh/.gradle/caches/modules-2/files-2.1/org.apache.maven/maven-artifact/3.8.5/4433f50c07debefaed0553bd0068f4f48d449313/maven-artifact-3.8.5.jar because it was already located earlier
[05Mar2025 02:07:31.398] [main/DEBUG] [net.neoforged.fml.loading.moddiscovery.ModDiscoverer/]: Skipping /home/zeh/.gradle/caches/modules-2/files-2.1/net.jodah/typetools/0.6.3/a01aaa6ddaea9ec07ec4f209487b7a46a526283a/typetools-0.6.3.jar because it was already located earlier
[05Mar2025 02:07:31.398] [main/DEBUG] [net.neoforged.fml.loading.moddiscovery.ModDiscoverer/]: Skipping /home/zeh/.gradle/caches/modules-2/files-2.1/net.minecrell/terminalconsoleappender/1.3.0/b562e9bb61235c9520e26282cdee71f8f802d1fc/terminalconsoleappender-1.3.0.jar because it was already located earlier
[05Mar2025 02:07:31.398] [main/DEBUG] [net.neoforged.fml.loading.moddiscovery.ModDiscoverer/]: Skipping /home/zeh/.gradle/caches/modules-2/files-2.1/net.fabricmc/sponge-mixin/0.15.2+mixin.0.8.7/2af2f021d8e02a0220dc27a7a72b4666d66d44ca/sponge-mixin-0.15.2+mixin.0.8.7.jar because it was already located earlier
[05Mar2025 02:07:31.399] [main/DEBUG] [net.neoforged.fml.loading.moddiscovery.readers.JarModsDotTomlModFileReader/SCAN]: Found META-INF/MANIFEST.MF mod of type GAMELIBRARY: /home/zeh/.gradle/caches/modules-2/files-2.1/io.github.llamalad7/mixinextras-neoforge/0.4.1/eff97772ecd0dcf8e52cdbafd3b3ccec425f8314/mixinextras-neoforge-0.4.1.jar
[05Mar2025 02:07:31.400] [main/INFO] [net.neoforged.fml.loading.moddiscovery.ModDiscoverer/SCAN]: Found gamelibrary file "mixinextras-neoforge-0.4.1.jar" [locator: userdev mods and services, reader: mod manifest]
[05Mar2025 02:07:31.400] [main/DEBUG] [net.neoforged.fml.loading.moddiscovery.ModDiscoverer/]: Skipping /home/zeh/.gradle/caches/modules-2/files-2.1/com.google.guava/listenablefuture/9999.0-empty-to-avoid-conflict-with-guava/b421526c5f297295adef1c886e5246c39d4ac629/listenablefuture-9999.0-empty-to-avoid-conflict-with-guava.jar because it was already located earlier
[05Mar2025 02:07:31.400] [main/DEBUG] [net.neoforged.fml.loading.moddiscovery.ModDiscoverer/]: Skipping /home/zeh/.gradle/caches/modules-2/files-2.1/org.checkerframework/checker-qual/3.33.0/de2b60b62da487644fc11f734e73c8b0b431238f/checker-qual-3.33.0.jar because it was already located earlier
[05Mar2025 02:07:31.400] [main/DEBUG] [net.neoforged.fml.loading.moddiscovery.ModDiscoverer/]: Skipping /home/zeh/.gradle/caches/modules-2/files-2.1/com.google.errorprone/error_prone_annotations/2.18.0/89b684257096f548fa39a7df9fdaa409d4d4df91/error_prone_annotations-2.18.0.jar because it was already located earlier
[05Mar2025 02:07:31.400] [main/DEBUG] [net.neoforged.fml.loading.moddiscovery.ModDiscoverer/]: Skipping /home/zeh/.gradle/caches/modules-2/files-2.1/com.google.j2objc/j2objc-annotations/2.8/c85270e307e7b822f1086b93689124b89768e273/j2objc-annotations-2.8.jar because it was already located earlier
[05Mar2025 02:07:31.400] [main/DEBUG] [net.neoforged.fml.loading.moddiscovery.ModDiscoverer/]: Skipping /home/zeh/.gradle/caches/modules-2/files-2.1/net.minecraftforge/srgutils/0.4.15/ca408b131759478f164e010fae0d73997e125fb5/srgutils-0.4.15.jar because it was already located earlier
[05Mar2025 02:07:31.400] [main/DEBUG] [net.neoforged.fml.loading.moddiscovery.ModDiscoverer/]: Skipping /home/zeh/.gradle/caches/modules-2/files-2.1/org.antlr/antlr4-runtime/4.13.1/17125bae1d965624e265ef49552f6465a2bfa307/antlr4-runtime-4.13.1.jar because it was already located earlier
[05Mar2025 02:07:31.400] [main/DEBUG] [net.neoforged.fml.loading.moddiscovery.ModDiscoverer/]: Skipping /home/zeh/.gradle/caches/modules-2/files-2.1/org.jline/jline-reader/3.20.0/8f15415b022a25b473e8e16c28ae913186ffb9c4/jline-reader-3.20.0.jar because it was already located earlier
[05Mar2025 02:07:31.400] [main/DEBUG] [net.neoforged.fml.loading.moddiscovery.ModDiscoverer/]: Skipping /home/zeh/.gradle/caches/modules-2/files-2.1/org.jline/jline-terminal/3.20.0/d0ddcc708ddf527a3454c941b7b9225cc83a15ff/jline-terminal-3.20.0.jar because it was already located earlier
[05Mar2025 02:07:31.400] [main/DEBUG] [net.neoforged.fml.loading.moddiscovery.ModDiscoverer/]: Skipping /home/zeh/.gradle/caches/modules-2/files-2.1/org.codehaus.plexus/plexus-utils/3.3.0/cf43b5391de623b36fe066a21127baef82c64022/plexus-utils-3.3.0.jar because it was already located earlier
[05Mar2025 02:07:31.400] [main/DEBUG] [net.neoforged.fml.loading.moddiscovery.ModDiscoverer/]: Skipping /home/zeh/.gradle/caches/modules-2/files-2.1/com.machinezoo.noexception/noexception/1.7.1/b65330c98e38a1f915fa54a6e5eca496505e3f0a/noexception-1.7.1.jar because it was already located earlier
[05Mar2025 02:07:31.400] [main/DEBUG] [net.neoforged.fml.loading.moddiscovery.ModDiscoverer/]: Skipping /home/zeh/git/create/lowheated/.gradle/repositories/ng_dummy_ng/net/minecraft/client/1.21.1/client-1.21.1-client-extra.jar because it was already located earlier
[05Mar2025 02:07:31.400] [main/DEBUG] [net.neoforged.fml.loading.moddiscovery.ModDiscoverer/SCAN]: Locator userdev mods and services found 9 mods, 0 warnings, 0 errors and skipped 87 candidates
[05Mar2025 02:07:31.402] [main/DEBUG] [net.neoforged.fml.loading.UniqueModListBuilder/]: Found 2 mods for first modid neoforge, selecting most recent based on version data
[05Mar2025 02:07:31.403] [main/DEBUG] [net.neoforged.fml.loading.UniqueModListBuilder/]: Selected file neoforge-21.1.125.jar for modid neoforge with version 21.1.125
[05Mar2025 02:07:31.406] [main/DEBUG] [net.neoforged.fml.loading.moddiscovery.ModDiscoverer/SCAN]: Successfully Loaded 10 mods. Attempting to load dependencies...
[05Mar2025 02:07:31.406] [main/DEBUG] [net.neoforged.fml.loading.moddiscovery.ModDiscoverer/SCAN]: Trying locator jarinjar
[05Mar2025 02:07:31.409] [main/TRACE] [net.neoforged.fml.loading.moddiscovery.locators.JarInJarDependencyLocator/]: Failed to load resource META-INF/jarjar/metadata.json from Registrate-MC1.21-1.3.0+62.jar, it does not contain dependency information.
[05Mar2025 02:07:31.409] [main/TRACE] [net.neoforged.fml.loading.moddiscovery.locators.JarInJarDependencyLocator/]: Failed to load resource META-INF/jarjar/metadata.json from neoforge-21.1.125.jar, it does not contain dependency information.
[05Mar2025 02:07:31.409] [main/TRACE] [net.neoforged.fml.loading.moddiscovery.locators.JarInJarDependencyLocator/]: Failed to load resource META-INF/jarjar/metadata.json from mixinextras-neoforge-0.4.1.jar, it does not contain dependency information.
[05Mar2025 02:07:31.410] [main/TRACE] [net.neoforged.fml.loading.moddiscovery.locators.JarInJarDependencyLocator/]: Failed to load resource META-INF/jarjar/metadata.json from main, it does not contain dependency information.
[05Mar2025 02:07:31.410] [main/TRACE] [net.neoforged.fml.loading.moddiscovery.locators.JarInJarDependencyLocator/]: Failed to load resource META-INF/jarjar/metadata.json from curios-neoforge-9.2.2+1.21.1.jar, it does not contain dependency information.
[05Mar2025 02:07:31.410] [main/TRACE] [net.neoforged.fml.loading.moddiscovery.locators.JarInJarDependencyLocator/]: Failed to load resource META-INF/jarjar/metadata.json from flywheel-neoforge-1.21.1-1.0.1-11.jar, it does not contain dependency information.
[05Mar2025 02:07:31.410] [main/TRACE] [net.neoforged.fml.loading.moddiscovery.locators.JarInJarDependencyLocator/]: Failed to load resource META-INF/jarjar/metadata.json from Ponder-NeoForge-1.21.1-1.0.40.jar, it does not contain dependency information.
[05Mar2025 02:07:31.410] [main/TRACE] [net.neoforged.fml.loading.moddiscovery.locators.JarInJarDependencyLocator/]: Failed to load resource META-INF/jarjar/metadata.json from jei-1.21.1-neoforge-19.21.0.247.jar, it does not contain dependency information.
[05Mar2025 02:07:31.459] [main/DEBUG] [net.neoforged.fml.loading.moddiscovery.readers.JarModsDotTomlModFileReader/SCAN]: Found META-INF/MANIFEST.MF mod of type GAMELIBRARY: 
[05Mar2025 02:07:31.470] [main/DEBUG] [net.neoforged.fml.loading.moddiscovery.readers.JarModsDotTomlModFileReader/SCAN]: Found META-INF/neoforge.mods.toml mod of type null: 
[05Mar2025 02:07:31.470] [main/DEBUG] [net.neoforged.fml.loading.moddiscovery.ModFileParser/LOADING]: Considering mod file candidate 
[05Mar2025 02:07:31.472] [main/DEBUG] [net.neoforged.fml.loading.moddiscovery.ModFileInfo/LOADING]: Found valid mod file flywheel-neoforge-1.21.1-1.0.1-11.jar with {flywheel} mods - versions {1.0.1-11}
[05Mar2025 02:07:31.482] [main/DEBUG] [net.neoforged.fml.loading.moddiscovery.readers.JarModsDotTomlModFileReader/SCAN]: Found META-INF/neoforge.mods.toml mod of type null: 
[05Mar2025 02:07:31.482] [main/DEBUG] [net.neoforged.fml.loading.moddiscovery.ModFileParser/LOADING]: Considering mod file candidate 
[05Mar2025 02:07:31.484] [main/DEBUG] [net.neoforged.fml.loading.moddiscovery.ModFileInfo/LOADING]: Found valid mod file Ponder-NeoForge-1.21.1-1.0.40.jar with {ponder} mods - versions {1.0.40}
[05Mar2025 02:07:31.487] [main/DEBUG] [net.neoforged.fml.loading.moddiscovery.readers.JarModsDotTomlModFileReader/SCAN]: Found META-INF/MANIFEST.MF mod of type GAMELIBRARY: 
[05Mar2025 02:07:31.489] [main/DEBUG] [net.neoforged.fml.loading.moddiscovery.readers.JarModsDotTomlModFileReader/SCAN]: Found META-INF/MANIFEST.MF mod of type LIBRARY: 
[05Mar2025 02:07:31.489] [main/TRACE] [net.neoforged.fml.loading.moddiscovery.locators.JarInJarDependencyLocator/]: Failed to load resource META-INF/jarjar/metadata.json from Registrate-MC1.21-1.3.0+62.jar, it does not contain dependency information.
[05Mar2025 02:07:31.490] [main/TRACE] [net.neoforged.fml.loading.moddiscovery.locators.JarInJarDependencyLocator/]: Failed to load resource META-INF/jarjar/metadata.json from flywheel-neoforge-1.21.1-1.0.1-11.jar, it does not contain dependency information.
[05Mar2025 02:07:31.490] [main/TRACE] [net.neoforged.fml.loading.moddiscovery.locators.JarInJarDependencyLocator/]: Failed to load resource META-INF/jarjar/metadata.json from Ponder-NeoForge-1.21.1-1.0.40.jar, it does not contain dependency information.
[05Mar2025 02:07:31.490] [main/TRACE] [net.neoforged.fml.loading.moddiscovery.locators.JarInJarDependencyLocator/]: Failed to load resource META-INF/jarjar/metadata.json from mixinextras-neoforge-0.4.1.jar, it does not contain dependency information.
[05Mar2025 02:07:31.490] [main/TRACE] [net.neoforged.fml.loading.moddiscovery.locators.JarInJarDependencyLocator/]: Failed to load resource META-INF/jarjar/metadata.json from neoforge-coremods-21.1.125.jar, it does not contain dependency information.
[05Mar2025 02:07:31.513] [main/DEBUG] [net.neoforged.fml.loading.moddiscovery.readers.JarModsDotTomlModFileReader/SCAN]: Found META-INF/MANIFEST.MF mod of type GAMELIBRARY: 
[05Mar2025 02:07:31.533] [main/DEBUG] [net.neoforged.fml.loading.moddiscovery.readers.JarModsDotTomlModFileReader/SCAN]: Found META-INF/neoforge.mods.toml mod of type null: 
[05Mar2025 02:07:31.534] [main/DEBUG] [net.neoforged.fml.loading.moddiscovery.ModFileParser/LOADING]: Considering mod file candidate 
[05Mar2025 02:07:31.535] [main/DEBUG] [net.neoforged.fml.loading.moddiscovery.ModFileInfo/LOADING]: Found valid mod file flywheel-neoforge-1.21.1-1.0.1-11.jar with {flywheel} mods - versions {1.0.1-11}
[05Mar2025 02:07:31.541] [main/DEBUG] [net.neoforged.fml.loading.moddiscovery.readers.JarModsDotTomlModFileReader/SCAN]: Found META-INF/neoforge.mods.toml mod of type null: 
[05Mar2025 02:07:31.541] [main/DEBUG] [net.neoforged.fml.loading.moddiscovery.ModFileParser/LOADING]: Considering mod file candidate 
[05Mar2025 02:07:31.542] [main/DEBUG] [net.neoforged.fml.loading.moddiscovery.ModFileInfo/LOADING]: Found valid mod file Ponder-NeoForge-1.21.1-1.0.40.jar with {ponder} mods - versions {1.0.40}
[05Mar2025 02:07:31.545] [main/DEBUG] [net.neoforged.fml.loading.moddiscovery.readers.JarModsDotTomlModFileReader/SCAN]: Found META-INF/MANIFEST.MF mod of type GAMELIBRARY: 
[05Mar2025 02:07:31.546] [main/DEBUG] [net.neoforged.fml.loading.moddiscovery.readers.JarModsDotTomlModFileReader/SCAN]: Found META-INF/MANIFEST.MF mod of type LIBRARY: 
[05Mar2025 02:07:31.549] [main/WARN] [net.neoforged.jarjar.selection.JarSelector/]: Attempted to select a dependency jar for JarJar which was passed in as source: library:mixinextras.neoforge. Using Mod File: /home/zeh/.gradle/caches/modules-2/files-2.1/io.github.llamalad7/mixinextras-neoforge/0.4.1/eff97772ecd0dcf8e52cdbafd3b3ccec425f8314/mixinextras-neoforge-0.4.1.jar
[05Mar2025 02:07:31.549] [main/WARN] [net.neoforged.jarjar.selection.JarSelector/]: Attempted to select a dependency jar for JarJar which was passed in as source: flywheel. Using Mod File: /home/zeh/.gradle/caches/modules-2/files-2.1/dev.engine-room.flywheel/flywheel-neoforge-1.21.1/1.0.1-11/1bb379d899645a08077f3b799fa17efb68c20c40/flywheel-neoforge-1.21.1-1.0.1-11.jar
[05Mar2025 02:07:31.549] [main/WARN] [net.neoforged.jarjar.selection.JarSelector/]: Attempted to select a dependency jar for JarJar which was passed in as source: ponder. Using Mod File: /home/zeh/.gradle/caches/modules-2/files-2.1/net.createmod.ponder/Ponder-NeoForge-1.21.1/1.0.40/ef87af595e47758644a2e8bbf15b3017901f3851/Ponder-NeoForge-1.21.1-1.0.40.jar
[05Mar2025 02:07:31.549] [main/WARN] [net.neoforged.jarjar.selection.JarSelector/]: Attempted to select a dependency jar for JarJar which was passed in as source: library:Registrate.MC1._21._62. Using Mod File: /home/zeh/.gradle/caches/modules-2/files-2.1/com.tterrag.registrate/Registrate/MC1.21-1.3.0+62/e8ca9c96f9e3535e4dbf2e57699e0d1c7783fec2/Registrate-MC1.21-1.3.0+62.jar
[05Mar2025 02:07:31.549] [main/INFO] [net.neoforged.fml.loading.moddiscovery.locators.JarInJarDependencyLocator/]: Found 1 dependencies adding them to mods collection
[05Mar2025 02:07:31.550] [main/INFO] [net.neoforged.fml.loading.moddiscovery.ModDiscoverer/SCAN]: Found library file "neoforge-coremods-21.1.125.jar" [parent: neoforge-21.1.125.jar, locator: jarinjar, reader: mod manifest]
[05Mar2025 02:07:31.551] [main/INFO] [net.neoforged.fml.loading.moddiscovery.ModDiscoverer/]: 
     Mod List:
		Name Version (Mod Id)

		Create 6.0.1 (create)
		Create Low-Heated 1.21.16.0.11 (createlowheated)
		Curios API 9.2.2+1.21.1 (curios)
		Flywheel 1.0.1-11 (flywheel)
		Just Enough Items 19.21.0.247 (jei)
		Minecraft 1.21.1 (minecraft)
		NeoForge 21.1.125 (neoforge)
		Ponder 1.0.40 (ponder)
[05Mar2025 02:07:31.552] [main/DEBUG] [net.neoforged.fml.loading.moddiscovery.ModFileInfo/LOADING]: Found valid mod file neoforge-21.1.125.jar with {minecraft} mods - versions {1.21.1}
[05Mar2025 02:07:31.555] [main/DEBUG] [net.neoforged.fml.loading.moddiscovery.ModFile/LOADING]: Loading mod file /home/zeh/git/create/lowheated/.gradle/repositories/ng_dummy_ng/net/neoforged/neoforge/21.1.125/neoforge-21.1.125.jar with languages [LanguageSpec[languageName=minecraft, acceptedVersions=1]]
[05Mar2025 02:07:31.556] [main/DEBUG] [net.neoforged.fml.loading.moddiscovery.ModFileParser/LOADING]: Considering mod file candidate /home/zeh/git/create/lowheated/build/resources/main
[05Mar2025 02:07:31.557] [main/DEBUG] [net.neoforged.fml.loading.moddiscovery.ModFileInfo/LOADING]: Found valid mod file main with {createlowheated} mods - versions {1.21.16.0.11}
[05Mar2025 02:07:31.558] [main/DEBUG] [net.neoforged.fml.loading.moddiscovery.ModFile/LOADING]: Loading mod file /home/zeh/git/create/lowheated/build/resources/main with languages [LanguageSpec[languageName=javafml, acceptedVersions=[4,)]]
[05Mar2025 02:07:31.558] [main/DEBUG] [net.neoforged.fml.loading.moddiscovery.ModFile/LOADING]: Found mixin config MixinConfig[config=createlowheated.mixins.json, requiredMods=[]]
[05Mar2025 02:07:31.559] [main/DEBUG] [net.neoforged.fml.loading.moddiscovery.ModFileParser/LOADING]: Considering mod file candidate /home/zeh/.gradle/caches/modules-2/files-2.1/dev.engine-room.flywheel/flywheel-neoforge-1.21.1/1.0.1-11/1bb379d899645a08077f3b799fa17efb68c20c40/flywheel-neoforge-1.21.1-1.0.1-11.jar
[05Mar2025 02:07:31.560] [main/DEBUG] [net.neoforged.fml.loading.moddiscovery.ModFileInfo/LOADING]: Found valid mod file flywheel-neoforge-1.21.1-1.0.1-11.jar with {flywheel} mods - versions {1.0.1-11}
[05Mar2025 02:07:31.560] [main/DEBUG] [net.neoforged.fml.loading.moddiscovery.ModFile/LOADING]: Loading mod file /home/zeh/.gradle/caches/modules-2/files-2.1/dev.engine-room.flywheel/flywheel-neoforge-1.21.1/1.0.1-11/1bb379d899645a08077f3b799fa17efb68c20c40/flywheel-neoforge-1.21.1-1.0.1-11.jar with languages [LanguageSpec[languageName=javafml, acceptedVersions=[0,)]]
[05Mar2025 02:07:31.560] [main/DEBUG] [net.neoforged.fml.loading.moddiscovery.ModFile/LOADING]: Found mixin config MixinConfig[config=flywheel.backend.mixins.json, requiredMods=[]]
[05Mar2025 02:07:31.560] [main/DEBUG] [net.neoforged.fml.loading.moddiscovery.ModFile/LOADING]: Found mixin config MixinConfig[config=flywheel.impl.mixins.json, requiredMods=[]]
[05Mar2025 02:07:31.560] [main/DEBUG] [net.neoforged.fml.loading.moddiscovery.ModFileParser/LOADING]: Considering mod file candidate /home/zeh/.gradle/caches/modules-2/files-2.1/top.theillusivec4.curios/curios-neoforge/9.2.2+1.21.1/b9afdecfa72c6824a6e980712609ddc7e0362f37/curios-neoforge-9.2.2+1.21.1.jar
[05Mar2025 02:07:31.561] [main/DEBUG] [net.neoforged.fml.loading.moddiscovery.ModFileInfo/LOADING]: Found valid mod file curios-neoforge-9.2.2+1.21.1.jar with {curios} mods - versions {9.2.2+1.21.1}
[05Mar2025 02:07:31.562] [main/DEBUG] [net.neoforged.fml.loading.moddiscovery.ModFile/LOADING]: Loading mod file /home/zeh/.gradle/caches/modules-2/files-2.1/top.theillusivec4.curios/curios-neoforge/9.2.2+1.21.1/b9afdecfa72c6824a6e980712609ddc7e0362f37/curios-neoforge-9.2.2+1.21.1.jar with languages [LanguageSpec[languageName=javafml, acceptedVersions=[1,)]]
[05Mar2025 02:07:31.562] [main/DEBUG] [net.neoforged.fml.loading.moddiscovery.ModFile/LOADING]: Found mixin config MixinConfig[config=curios.neoforge.mixins.json, requiredMods=[]]
[05Mar2025 02:07:31.562] [main/DEBUG] [net.neoforged.fml.loading.moddiscovery.ModFile/LOADING]: Found mixin config MixinConfig[config=curios.mixins.json, requiredMods=[]]
[05Mar2025 02:07:31.562] [main/DEBUG] [net.neoforged.fml.loading.moddiscovery.ModFileParser/LOADING]: Considering mod file candidate /home/zeh/.gradle/caches/modules-2/files-2.1/com.simibubi.create/create-1.21.1/6.0.1-22/45bec7ce885fd932cb0e4ac3ed873a846c198aab/create-1.21.1-6.0.1-22.jar
[05Mar2025 02:07:31.563] [main/DEBUG] [net.neoforged.fml.loading.moddiscovery.ModFileInfo/LOADING]: Found valid mod file create-1.21.1-6.0.1-22.jar with {create} mods - versions {6.0.1}
[05Mar2025 02:07:31.563] [main/DEBUG] [net.neoforged.fml.loading.moddiscovery.ModFile/LOADING]: Loading mod file /home/zeh/.gradle/caches/modules-2/files-2.1/com.simibubi.create/create-1.21.1/6.0.1-22/45bec7ce885fd932cb0e4ac3ed873a846c198aab/create-1.21.1-6.0.1-22.jar with languages [LanguageSpec[languageName=javafml, acceptedVersions=[0,)]]
[05Mar2025 02:07:31.563] [main/DEBUG] [net.neoforged.fml.loading.moddiscovery.ModFile/LOADING]: Found mixin config MixinConfig[config=create.mixins.json, requiredMods=[]]
[05Mar2025 02:07:31.563] [main/DEBUG] [net.neoforged.fml.loading.moddiscovery.ModFileParser/LOADING]: Considering mod file candidate /home/zeh/.gradle/caches/modules-2/files-2.1/net.createmod.ponder/Ponder-NeoForge-1.21.1/1.0.40/ef87af595e47758644a2e8bbf15b3017901f3851/Ponder-NeoForge-1.21.1-1.0.40.jar
[05Mar2025 02:07:31.565] [main/DEBUG] [net.neoforged.fml.loading.moddiscovery.ModFileInfo/LOADING]: Found valid mod file Ponder-NeoForge-1.21.1-1.0.40.jar with {ponder} mods - versions {1.0.40}
[05Mar2025 02:07:31.565] [main/DEBUG] [net.neoforged.fml.loading.moddiscovery.ModFile/LOADING]: Loading mod file /home/zeh/.gradle/caches/modules-2/files-2.1/net.createmod.ponder/Ponder-NeoForge-1.21.1/1.0.40/ef87af595e47758644a2e8bbf15b3017901f3851/Ponder-NeoForge-1.21.1-1.0.40.jar with languages [LanguageSpec[languageName=javafml, acceptedVersions=[0,)]]
[05Mar2025 02:07:31.565] [main/DEBUG] [net.neoforged.fml.loading.moddiscovery.ModFile/LOADING]: Found mixin config MixinConfig[config=ponder.mixins.json, requiredMods=[]]
[05Mar2025 02:07:31.565] [main/DEBUG] [net.neoforged.fml.loading.moddiscovery.ModFileParser/LOADING]: Considering mod file candidate /home/zeh/git/create/lowheated/.gradle/repositories/ng_dummy_ng/net/neoforged/neoforge/21.1.125/neoforge-21.1.125.jar
[05Mar2025 02:07:31.566] [main/DEBUG] [net.neoforged.fml.loading.moddiscovery.ModFileInfo/LOADING]: Found valid mod file neoforge-21.1.125.jar with {neoforge} mods - versions {21.1.125}
[05Mar2025 02:07:31.566] [main/DEBUG] [net.neoforged.fml.loading.moddiscovery.ModFile/LOADING]: Loading mod file /home/zeh/git/create/lowheated/.gradle/repositories/ng_dummy_ng/net/neoforged/neoforge/21.1.125/neoforge-21.1.125.jar with languages [LanguageSpec[languageName=javafml, acceptedVersions=[3,]]]
[05Mar2025 02:07:31.566] [main/DEBUG] [net.neoforged.fml.loading.moddiscovery.ModFile/LOADING]: Found mixin config MixinConfig[config=neoforge.mixins.json, requiredMods=[]]
[05Mar2025 02:07:31.566] [main/DEBUG] [net.neoforged.fml.loading.moddiscovery.ModFileParser/LOADING]: Considering mod file candidate /home/zeh/.gradle/caches/modules-2/files-2.1/mezz.jei/jei-1.21.1-neoforge/19.21.0.247/4d9ed6b03c67148ffe7406a84deb168a632e0a60/jei-1.21.1-neoforge-19.21.0.247.jar
[05Mar2025 02:07:31.567] [main/DEBUG] [net.neoforged.fml.loading.moddiscovery.ModFileInfo/LOADING]: Found valid mod file jei-1.21.1-neoforge-19.21.0.247.jar with {jei} mods - versions {19.21.0.247}
[05Mar2025 02:07:31.568] [main/DEBUG] [net.neoforged.fml.loading.moddiscovery.ModFile/LOADING]: Loading mod file /home/zeh/.gradle/caches/modules-2/files-2.1/mezz.jei/jei-1.21.1-neoforge/19.21.0.247/4d9ed6b03c67148ffe7406a84deb168a632e0a60/jei-1.21.1-neoforge-19.21.0.247.jar with languages [LanguageSpec[languageName=javafml, acceptedVersions=[4,)]]
[05Mar2025 02:07:31.568] [main/DEBUG] [net.neoforged.fml.loading.moddiscovery.ModFile/LOADING]: Loading mod file /home/zeh/.gradle/caches/modules-2/files-2.1/com.tterrag.registrate/Registrate/MC1.21-1.3.0+62/e8ca9c96f9e3535e4dbf2e57699e0d1c7783fec2/Registrate-MC1.21-1.3.0+62.jar with languages []
[05Mar2025 02:07:31.568] [main/DEBUG] [net.neoforged.fml.loading.moddiscovery.ModFile/LOADING]: Loading mod file /home/zeh/.gradle/caches/modules-2/files-2.1/io.github.llamalad7/mixinextras-neoforge/0.4.1/eff97772ecd0dcf8e52cdbafd3b3ccec425f8314/mixinextras-neoforge-0.4.1.jar with languages []
[05Mar2025 02:07:31.569] [main/DEBUG] [net.neoforged.fml.loading.moddiscovery.ModValidator/SCAN]: Found 10 mod files with 8 mods
[05Mar2025 02:07:31.570] [main/DEBUG] [cpw.mods.modlauncher.TransformationServiceDecorator/MODLAUNCHER]: End scan trigger - transformation service fml
[05Mar2025 02:07:31.580] [main/DEBUG] [net.neoforged.fml.util.ServiceLoaderUtil/CORE]: Found 3 implementations of IModLanguageLoader:
[05Mar2025 02:07:31.580] [main/DEBUG] [net.neoforged.fml.util.ServiceLoaderUtil/CORE]: 	net.neoforged.fml.javafmlmod.FMLJavaModLanguageProvider from loader-4.0.37.jar
[05Mar2025 02:07:31.580] [main/DEBUG] [net.neoforged.fml.util.ServiceLoaderUtil/CORE]: 	net.neoforged.fml.lowcodemod.LowCodeModLanguageProvider from loader-4.0.37.jar
[05Mar2025 02:07:31.580] [main/DEBUG] [net.neoforged.fml.util.ServiceLoaderUtil/CORE]: 	net.neoforged.fml.mclanguageprovider.MinecraftModLanguageProvider from loader-4.0.37.jar
[05Mar2025 02:07:31.581] [main/DEBUG] [net.neoforged.fml.loading.LanguageProviderLoader/CORE]: Found language provider javafml, version 4.0.37
[05Mar2025 02:07:31.581] [main/DEBUG] [net.neoforged.fml.loading.LanguageProviderLoader/CORE]: Found language provider lowcodefml, version 4.0.37
[05Mar2025 02:07:31.581] [main/DEBUG] [net.neoforged.fml.loading.LanguageProviderLoader/CORE]: Found language provider minecraft, version 4.0.37
[05Mar2025 02:07:31.586] [main/DEBUG] [net.neoforged.fml.loading.ModSorter/]: Configured system mods: [minecraft, neoforge]
[05Mar2025 02:07:31.586] [main/DEBUG] [net.neoforged.fml.loading.ModSorter/]: Found system mod: minecraft
[05Mar2025 02:07:31.586] [main/DEBUG] [net.neoforged.fml.loading.ModSorter/]: Found system mod: neoforge
[05Mar2025 02:07:31.588] [main/DEBUG] [net.neoforged.fml.loading.ModSorter/LOADING]: Found 20 mod requirements (16 mandatory, 4 optional)
[05Mar2025 02:07:31.589] [main/DEBUG] [net.neoforged.fml.loading.ModSorter/LOADING]: Found 0 mod requirements missing (0 mandatory, 0 optional)
[05Mar2025 02:07:31.606] [main/DEBUG] [net.neoforged.fml.loading.FMLLoader/SCAN]: Adding Access Transformer in /home/zeh/.gradle/caches/modules-2/files-2.1/top.theillusivec4.curios/curios-neoforge/9.2.2+1.21.1/b9afdecfa72c6824a6e980712609ddc7e0362f37/curios-neoforge-9.2.2+1.21.1.jar
[05Mar2025 02:07:31.609] [main/DEBUG] [AXFORM/AXFORM]: Loading access transformer accesstransformer.cfg
[05Mar2025 02:07:31.681] [main/DEBUG] [AXFORM/AXFORM]: Loaded access transformer accesstransformer.cfg
[05Mar2025 02:07:31.681] [main/DEBUG] [net.neoforged.fml.loading.FMLLoader/SCAN]: Adding Access Transformer in /home/zeh/.gradle/caches/modules-2/files-2.1/net.createmod.ponder/Ponder-NeoForge-1.21.1/1.0.40/ef87af595e47758644a2e8bbf15b3017901f3851/Ponder-NeoForge-1.21.1-1.0.40.jar
[05Mar2025 02:07:31.682] [main/DEBUG] [AXFORM/AXFORM]: Loading access transformer accesstransformer.cfg
[05Mar2025 02:07:31.684] [main/DEBUG] [AXFORM/AXFORM]: Loaded access transformer accesstransformer.cfg
[05Mar2025 02:07:31.684] [main/DEBUG] [net.neoforged.fml.loading.FMLLoader/SCAN]: Adding Access Transformer in /home/zeh/.gradle/caches/modules-2/files-2.1/com.simibubi.create/create-1.21.1/6.0.1-22/45bec7ce885fd932cb0e4ac3ed873a846c198aab/create-1.21.1-6.0.1-22.jar
[05Mar2025 02:07:31.684] [main/DEBUG] [AXFORM/AXFORM]: Loading access transformer accesstransformer.cfg
[05Mar2025 02:07:31.691] [main/DEBUG] [AXFORM/AXFORM]: Loaded access transformer accesstransformer.cfg
[05Mar2025 02:07:31.691] [main/DEBUG] [net.neoforged.fml.loading.FMLLoader/SCAN]: Adding Access Transformer in /home/zeh/git/create/lowheated/.gradle/repositories/ng_dummy_ng/net/neoforged/neoforge/21.1.125/neoforge-21.1.125.jar
[05Mar2025 02:07:31.693] [main/DEBUG] [AXFORM/AXFORM]: Loading access transformer accesstransformer.cfg
[05Mar2025 02:07:31.735] [main/DEBUG] [AXFORM/AXFORM]: Loaded access transformer accesstransformer.cfg
[05Mar2025 02:07:31.736] [main/DEBUG] [net.neoforged.fml.loading.FMLLoader/SCAN]: Adding Access Transformer in /home/zeh/.gradle/caches/modules-2/files-2.1/mezz.jei/jei-1.21.1-neoforge/19.21.0.247/4d9ed6b03c67148ffe7406a84deb168a632e0a60/jei-1.21.1-neoforge-19.21.0.247.jar
[05Mar2025 02:07:31.736] [main/DEBUG] [AXFORM/AXFORM]: Loading access transformer accesstransformer.cfg
[05Mar2025 02:07:31.739] [main/DEBUG] [AXFORM/AXFORM]: Loaded access transformer accesstransformer.cfg
[05Mar2025 02:07:31.741] [main/DEBUG] [mixin/]: Adding mixin platform agents for container net.neoforged.fml.loading.mixin.FMLMixinContainerHandle@5754de72
[05Mar2025 02:07:31.742] [main/DEBUG] [mixin/]: Instancing new MixinPlatformAgentMinecraftForge for net.neoforged.fml.loading.mixin.FMLMixinContainerHandle@5754de72
[05Mar2025 02:07:31.742] [main/DEBUG] [mixin/]: MixinPlatformAgentMinecraftForge rejected container net.neoforged.fml.loading.mixin.FMLMixinContainerHandle@5754de72
[05Mar2025 02:07:31.742] [main/DEBUG] [mixin/]: Instancing new MixinPlatformAgentDefault for net.neoforged.fml.loading.mixin.FMLMixinContainerHandle@5754de72
[05Mar2025 02:07:31.742] [main/DEBUG] [mixin/]: MixinPlatformAgentDefault accepted container net.neoforged.fml.loading.mixin.FMLMixinContainerHandle@5754de72
[05Mar2025 02:07:31.742] [main/DEBUG] [mixin/]: Instancing new FMLMixinPlatformAgent for net.neoforged.fml.loading.mixin.FMLMixinContainerHandle@5754de72
[05Mar2025 02:07:31.742] [main/DEBUG] [mixin/]: FMLMixinPlatformAgent accepted container net.neoforged.fml.loading.mixin.FMLMixinContainerHandle@5754de72
[05Mar2025 02:07:31.753] [main/DEBUG] [cpw.mods.modlauncher.TransformationServicesHandler/MODLAUNCHER]: Transformation services loading transformers
[05Mar2025 02:07:31.754] [main/DEBUG] [cpw.mods.modlauncher.TransformationServiceDecorator/MODLAUNCHER]: Initializing transformers for transformation service mixin
[05Mar2025 02:07:31.754] [main/DEBUG] [cpw.mods.modlauncher.TransformationServiceDecorator/MODLAUNCHER]: Initialized transformers for transformation service mixin
[05Mar2025 02:07:31.755] [main/DEBUG] [cpw.mods.modlauncher.TransformationServiceDecorator/MODLAUNCHER]: Initializing transformers for transformation service fml
[05Mar2025 02:07:31.755] [main/DEBUG] [net.neoforged.fml.loading.FMLServiceProvider/LOADING]: Loading coremod transformers
[05Mar2025 02:07:31.755] [main/DEBUG] [net.neoforged.fml.loading.FMLServiceProvider/CORE]: Not loading coremod script-engine since no mod requested it
[05Mar2025 02:07:31.757] [main/DEBUG] [net.neoforged.fml.util.ServiceLoaderUtil/CORE]: Found 1 implementations of ICoreMod:
[05Mar2025 02:07:31.758] [main/DEBUG] [net.neoforged.fml.util.ServiceLoaderUtil/CORE]: 	net.neoforged.neoforge.coremods.NeoForgeCoreMod from neoforge-21.1.125.jar > neoforge-coremods-21.1.125.jar
[05Mar2025 02:07:31.765] [main/DEBUG] [net.neoforged.fml.loading.FMLServiceProvider/CORE]: Adding [Target[className=net.minecraft.world.level.biome.Biome, elementName=, elementDescriptor=, targetType=cpw.mods.modlauncher.api.TargetType@42463763]] transformer from core-mod net.neoforged.neoforge.coremods.NeoForgeCoreMod@5e4fa1da in neoforge-21.1.125.jar > neoforge-coremods-21.1.125.jar
[05Mar2025 02:07:31.766] [main/DEBUG] [net.neoforged.fml.loading.FMLServiceProvider/CORE]: Adding [Target[className=net.minecraft.world.level.levelgen.structure.Structure, elementName=, elementDescriptor=, targetType=cpw.mods.modlauncher.api.TargetType@42463763]] transformer from core-mod net.neoforged.neoforge.coremods.NeoForgeCoreMod@5e4fa1da in neoforge-21.1.125.jar > neoforge-coremods-21.1.125.jar
[05Mar2025 02:07:31.766] [main/DEBUG] [net.neoforged.fml.loading.FMLServiceProvider/CORE]: Adding [Target[className=net.minecraft.world.level.block.FlowerPotBlock, elementName=, elementDescriptor=, targetType=cpw.mods.modlauncher.api.TargetType@42463763]] transformer from core-mod net.neoforged.neoforge.coremods.NeoForgeCoreMod@5e4fa1da in neoforge-21.1.125.jar > neoforge-coremods-21.1.125.jar
[05Mar2025 02:07:31.766] [main/DEBUG] [net.neoforged.fml.loading.FMLServiceProvider/CORE]: Adding [Target[className=net/minecraft/world/entity/ai/village/VillageSiege, elementName=, elementDescriptor=, targetType=cpw.mods.modlauncher.api.TargetType@42463763], Target[className=net/minecraft/world/level/NaturalSpawner, elementName=, elementDescriptor=, targetType=cpw.mods.modlauncher.api.TargetType@42463763], Target[className=net/minecraft/server/commands/RaidCommand, elementName=, elementDescriptor=, targetType=cpw.mods.modlauncher.api.TargetType@42463763], Target[className=net/minecraft/world/entity/monster/ZombieVillager, elementName=, elementDescriptor=, targetType=cpw.mods.modlauncher.api.TargetType@42463763], Target[className=net/minecraft/world/entity/monster/Spider, elementName=, elementDescriptor=, targetType=cpw.mods.modlauncher.api.TargetType@42463763], Target[className=net/minecraft/world/entity/npc/CatSpawner, elementName=, elementDescriptor=, targetType=cpw.mods.modlauncher.api.TargetType@42463763], Target[className=net/minecraft/server/commands/SummonCommand, elementName=, elementDescriptor=, targetType=cpw.mods.modlauncher.api.TargetType@42463763], Target[className=net/minecraft/world/level/levelgen/structure/structures/WoodlandMansionPieces$WoodlandMansionPiece, elementName=, elementDescriptor=, targetType=cpw.mods.modlauncher.api.TargetType@42463763], Target[className=net/minecraft/world/entity/monster/Zombie, elementName=, elementDescriptor=, targetType=cpw.mods.modlauncher.api.TargetType@42463763], Target[className=net/minecraft/world/entity/raid/Raid, elementName=, elementDescriptor=, targetType=cpw.mods.modlauncher.api.TargetType@42463763], Target[className=net/minecraft/world/entity/animal/horse/SkeletonTrapGoal, elementName=, elementDescriptor=, targetType=cpw.mods.modlauncher.api.TargetType@42463763], Target[className=net/minecraft/world/level/levelgen/structure/templatesystem/StructureTemplate, elementName=, elementDescriptor=, targetType=cpw.mods.modlauncher.api.TargetType@42463763], Target[className=net/minecraft/world/entity/animal/frog/Tadpole, elementName=, elementDescriptor=, targetType=cpw.mods.modlauncher.api.TargetType@42463763], Target[className=net/minecraft/world/entity/monster/Evoker$EvokerSummonSpellGoal, elementName=, elementDescriptor=, targetType=cpw.mods.modlauncher.api.TargetType@42463763], Target[className=net/minecraft/world/level/levelgen/structure/structures/OceanMonumentPieces$OceanMonumentPiece, elementName=, elementDescriptor=, targetType=cpw.mods.modlauncher.api.TargetType@42463763], Target[className=net/minecraft/world/entity/EntityType, elementName=, elementDescriptor=, targetType=cpw.mods.modlauncher.api.TargetType@42463763], Target[className=net/minecraft/world/entity/monster/Strider, elementName=, elementDescriptor=, targetType=cpw.mods.modlauncher.api.TargetType@42463763], Target[className=net/minecraft/world/level/levelgen/PhantomSpawner, elementName=, elementDescriptor=, targetType=cpw.mods.modlauncher.api.TargetType@42463763], Target[className=net/minecraft/world/level/levelgen/PatrolSpawner, elementName=, elementDescriptor=, targetType=cpw.mods.modlauncher.api.TargetType@42463763], Target[className=net/minecraft/world/entity/npc/Villager, elementName=, elementDescriptor=, targetType=cpw.mods.modlauncher.api.TargetType@42463763], Target[className=net/minecraft/world/level/levelgen/structure/structures/OceanRuinPieces$OceanRuinPiece, elementName=, elementDescriptor=, targetType=cpw.mods.modlauncher.api.TargetType@42463763], Target[className=net/minecraft/world/level/levelgen/structure/structures/SwampHutPiece, elementName=, elementDescriptor=, targetType=cpw.mods.modlauncher.api.TargetType@42463763]] transformer from core-mod net.neoforged.neoforge.coremods.NeoForgeCoreMod@5e4fa1da in neoforge-21.1.125.jar > neoforge-coremods-21.1.125.jar
[05Mar2025 02:07:31.770] [main/DEBUG] [cpw.mods.modlauncher.TransformStore/MODLAUNCHER]: Adding transformer net.neoforged.neoforge.coremods.ReplaceFieldWithGetterAccess@121c54fa to Target : cpw.mods.modlauncher.api.TargetType@42463763 {Lnet/minecraft/world/level/biome/Biome;} {} {V}
[05Mar2025 02:07:31.772] [main/DEBUG] [cpw.mods.modlauncher.TransformStore/MODLAUNCHER]: Adding transformer net.neoforged.neoforge.coremods.ReplaceFieldWithGetterAccess@47e4d9d0 to Target : cpw.mods.modlauncher.api.TargetType@42463763 {Lnet/minecraft/world/level/levelgen/structure/Structure;} {} {V}
[05Mar2025 02:07:31.772] [main/DEBUG] [cpw.mods.modlauncher.TransformStore/MODLAUNCHER]: Adding transformer net.neoforged.neoforge.coremods.ReplaceFieldWithGetterAccess@49798e84 to Target : cpw.mods.modlauncher.api.TargetType@42463763 {Lnet/minecraft/world/level/block/FlowerPotBlock;} {} {V}
[05Mar2025 02:07:31.773] [main/DEBUG] [cpw.mods.modlauncher.TransformStore/MODLAUNCHER]: Adding transformer net.neoforged.neoforge.coremods.MethodRedirector@6ed06f69 to Target : cpw.mods.modlauncher.api.TargetType@42463763 {Lnet/minecraft/world/entity/ai/village/VillageSiege;} {} {V}
[05Mar2025 02:07:31.773] [main/DEBUG] [cpw.mods.modlauncher.TransformStore/MODLAUNCHER]: Adding transformer net.neoforged.neoforge.coremods.MethodRedirector@6ed06f69 to Target : cpw.mods.modlauncher.api.TargetType@42463763 {Lnet/minecraft/world/level/NaturalSpawner;} {} {V}
[05Mar2025 02:07:31.773] [main/DEBUG] [cpw.mods.modlauncher.TransformStore/MODLAUNCHER]: Adding transformer net.neoforged.neoforge.coremods.MethodRedirector@6ed06f69 to Target : cpw.mods.modlauncher.api.TargetType@42463763 {Lnet/minecraft/server/commands/RaidCommand;} {} {V}
[05Mar2025 02:07:31.773] [main/DEBUG] [cpw.mods.modlauncher.TransformStore/MODLAUNCHER]: Adding transformer net.neoforged.neoforge.coremods.MethodRedirector@6ed06f69 to Target : cpw.mods.modlauncher.api.TargetType@42463763 {Lnet/minecraft/world/entity/monster/ZombieVillager;} {} {V}
[05Mar2025 02:07:31.773] [main/DEBUG] [cpw.mods.modlauncher.TransformStore/MODLAUNCHER]: Adding transformer net.neoforged.neoforge.coremods.MethodRedirector@6ed06f69 to Target : cpw.mods.modlauncher.api.TargetType@42463763 {Lnet/minecraft/world/entity/monster/Spider;} {} {V}
[05Mar2025 02:07:31.773] [main/DEBUG] [cpw.mods.modlauncher.TransformStore/MODLAUNCHER]: Adding transformer net.neoforged.neoforge.coremods.MethodRedirector@6ed06f69 to Target : cpw.mods.modlauncher.api.TargetType@42463763 {Lnet/minecraft/world/entity/npc/CatSpawner;} {} {V}
[05Mar2025 02:07:31.773] [main/DEBUG] [cpw.mods.modlauncher.TransformStore/MODLAUNCHER]: Adding transformer net.neoforged.neoforge.coremods.MethodRedirector@6ed06f69 to Target : cpw.mods.modlauncher.api.TargetType@42463763 {Lnet/minecraft/server/commands/SummonCommand;} {} {V}
[05Mar2025 02:07:31.773] [main/DEBUG] [cpw.mods.modlauncher.TransformStore/MODLAUNCHER]: Adding transformer net.neoforged.neoforge.coremods.MethodRedirector@6ed06f69 to Target : cpw.mods.modlauncher.api.TargetType@42463763 {Lnet/minecraft/world/level/levelgen/structure/structures/WoodlandMansionPieces$WoodlandMansionPiece;} {} {V}
[05Mar2025 02:07:31.773] [main/DEBUG] [cpw.mods.modlauncher.TransformStore/MODLAUNCHER]: Adding transformer net.neoforged.neoforge.coremods.MethodRedirector@6ed06f69 to Target : cpw.mods.modlauncher.api.TargetType@42463763 {Lnet/minecraft/world/entity/monster/Zombie;} {} {V}
[05Mar2025 02:07:31.773] [main/DEBUG] [cpw.mods.modlauncher.TransformStore/MODLAUNCHER]: Adding transformer net.neoforged.neoforge.coremods.MethodRedirector@6ed06f69 to Target : cpw.mods.modlauncher.api.TargetType@42463763 {Lnet/minecraft/world/entity/raid/Raid;} {} {V}
[05Mar2025 02:07:31.773] [main/DEBUG] [cpw.mods.modlauncher.TransformStore/MODLAUNCHER]: Adding transformer net.neoforged.neoforge.coremods.MethodRedirector@6ed06f69 to Target : cpw.mods.modlauncher.api.TargetType@42463763 {Lnet/minecraft/world/entity/animal/horse/SkeletonTrapGoal;} {} {V}
[05Mar2025 02:07:31.773] [main/DEBUG] [cpw.mods.modlauncher.TransformStore/MODLAUNCHER]: Adding transformer net.neoforged.neoforge.coremods.MethodRedirector@6ed06f69 to Target : cpw.mods.modlauncher.api.TargetType@42463763 {Lnet/minecraft/world/level/levelgen/structure/templatesystem/StructureTemplate;} {} {V}
[05Mar2025 02:07:31.774] [main/DEBUG] [cpw.mods.modlauncher.TransformStore/MODLAUNCHER]: Adding transformer net.neoforged.neoforge.coremods.MethodRedirector@6ed06f69 to Target : cpw.mods.modlauncher.api.TargetType@42463763 {Lnet/minecraft/world/entity/animal/frog/Tadpole;} {} {V}
[05Mar2025 02:07:31.774] [main/DEBUG] [cpw.mods.modlauncher.TransformStore/MODLAUNCHER]: Adding transformer net.neoforged.neoforge.coremods.MethodRedirector@6ed06f69 to Target : cpw.mods.modlauncher.api.TargetType@42463763 {Lnet/minecraft/world/entity/monster/Evoker$EvokerSummonSpellGoal;} {} {V}
[05Mar2025 02:07:31.774] [main/DEBUG] [cpw.mods.modlauncher.TransformStore/MODLAUNCHER]: Adding transformer net.neoforged.neoforge.coremods.MethodRedirector@6ed06f69 to Target : cpw.mods.modlauncher.api.TargetType@42463763 {Lnet/minecraft/world/level/levelgen/structure/structures/OceanMonumentPieces$OceanMonumentPiece;} {} {V}
[05Mar2025 02:07:31.774] [main/DEBUG] [cpw.mods.modlauncher.TransformStore/MODLAUNCHER]: Adding transformer net.neoforged.neoforge.coremods.MethodRedirector@6ed06f69 to Target : cpw.mods.modlauncher.api.TargetType@42463763 {Lnet/minecraft/world/entity/EntityType;} {} {V}
[05Mar2025 02:07:31.774] [main/DEBUG] [cpw.mods.modlauncher.TransformStore/MODLAUNCHER]: Adding transformer net.neoforged.neoforge.coremods.MethodRedirector@6ed06f69 to Target : cpw.mods.modlauncher.api.TargetType@42463763 {Lnet/minecraft/world/entity/monster/Strider;} {} {V}
[05Mar2025 02:07:31.774] [main/DEBUG] [cpw.mods.modlauncher.TransformStore/MODLAUNCHER]: Adding transformer net.neoforged.neoforge.coremods.MethodRedirector@6ed06f69 to Target : cpw.mods.modlauncher.api.TargetType@42463763 {Lnet/minecraft/world/level/levelgen/PhantomSpawner;} {} {V}
[05Mar2025 02:07:31.774] [main/DEBUG] [cpw.mods.modlauncher.TransformStore/MODLAUNCHER]: Adding transformer net.neoforged.neoforge.coremods.MethodRedirector@6ed06f69 to Target : cpw.mods.modlauncher.api.TargetType@42463763 {Lnet/minecraft/world/level/levelgen/PatrolSpawner;} {} {V}
[05Mar2025 02:07:31.774] [main/DEBUG] [cpw.mods.modlauncher.TransformStore/MODLAUNCHER]: Adding transformer net.neoforged.neoforge.coremods.MethodRedirector@6ed06f69 to Target : cpw.mods.modlauncher.api.TargetType@42463763 {Lnet/minecraft/world/entity/npc/Villager;} {} {V}
[05Mar2025 02:07:31.774] [main/DEBUG] [cpw.mods.modlauncher.TransformStore/MODLAUNCHER]: Adding transformer net.neoforged.neoforge.coremods.MethodRedirector@6ed06f69 to Target : cpw.mods.modlauncher.api.TargetType@42463763 {Lnet/minecraft/world/level/levelgen/structure/structures/OceanRuinPieces$OceanRuinPiece;} {} {V}
[05Mar2025 02:07:31.774] [main/DEBUG] [cpw.mods.modlauncher.TransformStore/MODLAUNCHER]: Adding transformer net.neoforged.neoforge.coremods.MethodRedirector@6ed06f69 to Target : cpw.mods.modlauncher.api.TargetType@42463763 {Lnet/minecraft/world/level/levelgen/structure/structures/SwampHutPiece;} {} {V}
[05Mar2025 02:07:31.774] [main/DEBUG] [cpw.mods.modlauncher.TransformationServiceDecorator/MODLAUNCHER]: Initialized transformers for transformation service fml
[05Mar2025 02:07:32.135] [main/DEBUG] [mixin/]: Processing prepare() for PlatformAgent[MixinPlatformAgentDefault:ModLauncher Root Container(ModLauncher:4f56a0a2)]
[05Mar2025 02:07:32.136] [main/DEBUG] [mixin/]: Processing prepare() for PlatformAgent[MixinPlatformAgentDefault:net.neoforged.fml.loading.mixin.FMLMixinContainerHandle@5754de72]
[05Mar2025 02:07:32.136] [main/DEBUG] [mixin/]: Processing prepare() for PlatformAgent[FMLMixinPlatformAgent:null]
[05Mar2025 02:07:32.201] [main/WARN] [mixin/]: Compatibility level JAVA_17 specified by createlowheated.mixins.json is higher than the maximum level supported by this version of mixin (JAVA_13).
[05Mar2025 02:07:32.203] [main/INFO] [mixin/]: Compatibility level set to JAVA_17
[05Mar2025 02:07:32.205] [main/WARN] [mixin/]: Compatibility level JAVA_21 specified by curios.neoforge.mixins.json is higher than the maximum level supported by this version of mixin (JAVA_13).
[05Mar2025 02:07:32.205] [main/INFO] [mixin/]: Compatibility level set to JAVA_21
[05Mar2025 02:07:32.211] [main/WARN] [mixin/]: Compatibility level JAVA_17 specified by ponder.mixins.json is higher than the maximum level supported by this version of mixin (JAVA_13).
[05Mar2025 02:07:32.216] [main/DEBUG] [mixin/]: Processing launch tasks for PlatformAgent[MixinPlatformAgentDefault:ModLauncher Root Container(ModLauncher:4f56a0a2)]
[05Mar2025 02:07:32.216] [main/DEBUG] [mixin/]: Adding mixin platform agents for container SecureJarResource(mixin_synthetic)
[05Mar2025 02:07:32.217] [main/DEBUG] [mixin/]: Instancing new MixinPlatformAgentMinecraftForge for SecureJarResource(mixin_synthetic)
[05Mar2025 02:07:32.217] [main/DEBUG] [mixin/]: MixinPlatformAgentMinecraftForge rejected container SecureJarResource(mixin_synthetic)
[05Mar2025 02:07:32.217] [main/DEBUG] [mixin/]: Instancing new MixinPlatformAgentDefault for SecureJarResource(mixin_synthetic)
[05Mar2025 02:07:32.217] [main/DEBUG] [mixin/]: MixinPlatformAgentDefault accepted container SecureJarResource(mixin_synthetic)
[05Mar2025 02:07:32.217] [main/DEBUG] [mixin/]: Instancing new FMLMixinPlatformAgent for SecureJarResource(mixin_synthetic)
[05Mar2025 02:07:32.217] [main/DEBUG] [mixin/]: FMLMixinPlatformAgent rejected container SecureJarResource(mixin_synthetic)
[05Mar2025 02:07:32.217] [main/DEBUG] [mixin/]: Processing prepare() for PlatformAgent[MixinPlatformAgentDefault:SecureJarResource(mixin_synthetic)]
[05Mar2025 02:07:32.217] [main/DEBUG] [mixin/]: Adding mixin platform agents for container SecureJarResource(minecraft)
[05Mar2025 02:07:32.217] [main/DEBUG] [mixin/]: Instancing new MixinPlatformAgentMinecraftForge for SecureJarResource(minecraft)
[05Mar2025 02:07:32.217] [main/DEBUG] [mixin/]: MixinPlatformAgentMinecraftForge rejected container SecureJarResource(minecraft)
[05Mar2025 02:07:32.217] [main/DEBUG] [mixin/]: Instancing new MixinPlatformAgentDefault for SecureJarResource(minecraft)
[05Mar2025 02:07:32.217] [main/DEBUG] [mixin/]: MixinPlatformAgentDefault accepted container SecureJarResource(minecraft)
[05Mar2025 02:07:32.217] [main/DEBUG] [mixin/]: Instancing new FMLMixinPlatformAgent for SecureJarResource(minecraft)
[05Mar2025 02:07:32.218] [main/DEBUG] [mixin/]: FMLMixinPlatformAgent rejected container SecureJarResource(minecraft)
[05Mar2025 02:07:32.218] [main/DEBUG] [mixin/]: Processing prepare() for PlatformAgent[MixinPlatformAgentDefault:SecureJarResource(minecraft)]
[05Mar2025 02:07:32.218] [main/DEBUG] [mixin/]: Adding mixin platform agents for container SecureJarResource(createlowheated)
[05Mar2025 02:07:32.218] [main/DEBUG] [mixin/]: Instancing new MixinPlatformAgentMinecraftForge for SecureJarResource(createlowheated)
[05Mar2025 02:07:32.218] [main/DEBUG] [mixin/]: MixinPlatformAgentMinecraftForge rejected container SecureJarResource(createlowheated)
[05Mar2025 02:07:32.218] [main/DEBUG] [mixin/]: Instancing new MixinPlatformAgentDefault for SecureJarResource(createlowheated)
[05Mar2025 02:07:32.218] [main/DEBUG] [mixin/]: MixinPlatformAgentDefault accepted container SecureJarResource(createlowheated)
[05Mar2025 02:07:32.218] [main/DEBUG] [mixin/]: Instancing new FMLMixinPlatformAgent for SecureJarResource(createlowheated)
[05Mar2025 02:07:32.218] [main/DEBUG] [mixin/]: FMLMixinPlatformAgent rejected container SecureJarResource(createlowheated)
[05Mar2025 02:07:32.218] [main/DEBUG] [mixin/]: Processing prepare() for PlatformAgent[MixinPlatformAgentDefault:SecureJarResource(createlowheated)]
[05Mar2025 02:07:32.218] [main/DEBUG] [mixin/]: Adding mixin platform agents for container SecureJarResource(curios)
[05Mar2025 02:07:32.218] [main/DEBUG] [mixin/]: Instancing new MixinPlatformAgentMinecraftForge for SecureJarResource(curios)
[05Mar2025 02:07:32.218] [main/DEBUG] [mixin/]: MixinPlatformAgentMinecraftForge rejected container SecureJarResource(curios)
[05Mar2025 02:07:32.218] [main/DEBUG] [mixin/]: Instancing new MixinPlatformAgentDefault for SecureJarResource(curios)
[05Mar2025 02:07:32.219] [main/DEBUG] [mixin/]: MixinPlatformAgentDefault accepted container SecureJarResource(curios)
[05Mar2025 02:07:32.219] [main/DEBUG] [mixin/]: Instancing new FMLMixinPlatformAgent for SecureJarResource(curios)
[05Mar2025 02:07:32.219] [main/DEBUG] [mixin/]: FMLMixinPlatformAgent rejected container SecureJarResource(curios)
[05Mar2025 02:07:32.219] [main/DEBUG] [mixin/]: Processing prepare() for PlatformAgent[MixinPlatformAgentDefault:SecureJarResource(curios)]
[05Mar2025 02:07:32.219] [main/DEBUG] [mixin/]: Adding mixin platform agents for container SecureJarResource(flywheel)
[05Mar2025 02:07:32.219] [main/DEBUG] [mixin/]: Instancing new MixinPlatformAgentMinecraftForge for SecureJarResource(flywheel)
[05Mar2025 02:07:32.219] [main/DEBUG] [mixin/]: MixinPlatformAgentMinecraftForge rejected container SecureJarResource(flywheel)
[05Mar2025 02:07:32.219] [main/DEBUG] [mixin/]: Instancing new MixinPlatformAgentDefault for SecureJarResource(flywheel)
[05Mar2025 02:07:32.219] [main/DEBUG] [mixin/]: MixinPlatformAgentDefault accepted container SecureJarResource(flywheel)
[05Mar2025 02:07:32.219] [main/DEBUG] [mixin/]: Instancing new FMLMixinPlatformAgent for SecureJarResource(flywheel)
[05Mar2025 02:07:32.219] [main/DEBUG] [mixin/]: FMLMixinPlatformAgent rejected container SecureJarResource(flywheel)
[05Mar2025 02:07:32.219] [main/DEBUG] [mixin/]: Processing prepare() for PlatformAgent[MixinPlatformAgentDefault:SecureJarResource(flywheel)]
[05Mar2025 02:07:32.220] [main/DEBUG] [mixin/]: Adding mixin platform agents for container SecureJarResource(ponder)
[05Mar2025 02:07:32.220] [main/DEBUG] [mixin/]: Instancing new MixinPlatformAgentMinecraftForge for SecureJarResource(ponder)
[05Mar2025 02:07:32.220] [main/DEBUG] [mixin/]: MixinPlatformAgentMinecraftForge rejected container SecureJarResource(ponder)
[05Mar2025 02:07:32.220] [main/DEBUG] [mixin/]: Instancing new MixinPlatformAgentDefault for SecureJarResource(ponder)
[05Mar2025 02:07:32.220] [main/DEBUG] [mixin/]: MixinPlatformAgentDefault accepted container SecureJarResource(ponder)
[05Mar2025 02:07:32.220] [main/DEBUG] [mixin/]: Instancing new FMLMixinPlatformAgent for SecureJarResource(ponder)
[05Mar2025 02:07:32.220] [main/DEBUG] [mixin/]: FMLMixinPlatformAgent rejected container SecureJarResource(ponder)
[05Mar2025 02:07:32.220] [main/DEBUG] [mixin/]: Processing prepare() for PlatformAgent[MixinPlatformAgentDefault:SecureJarResource(ponder)]
[05Mar2025 02:07:32.220] [main/DEBUG] [mixin/]: Adding mixin platform agents for container SecureJarResource(create)
[05Mar2025 02:07:32.220] [main/DEBUG] [mixin/]: Instancing new MixinPlatformAgentMinecraftForge for SecureJarResource(create)
[05Mar2025 02:07:32.220] [main/DEBUG] [mixin/]: MixinPlatformAgentMinecraftForge rejected container SecureJarResource(create)
[05Mar2025 02:07:32.220] [main/DEBUG] [mixin/]: Instancing new MixinPlatformAgentDefault for SecureJarResource(create)
[05Mar2025 02:07:32.220] [main/DEBUG] [mixin/]: MixinPlatformAgentDefault accepted container SecureJarResource(create)
[05Mar2025 02:07:32.221] [main/DEBUG] [mixin/]: Instancing new FMLMixinPlatformAgent for SecureJarResource(create)
[05Mar2025 02:07:32.221] [main/DEBUG] [mixin/]: FMLMixinPlatformAgent rejected container SecureJarResource(create)
[05Mar2025 02:07:32.221] [main/DEBUG] [mixin/]: Processing prepare() for PlatformAgent[MixinPlatformAgentDefault:SecureJarResource(create)]
[05Mar2025 02:07:32.221] [main/DEBUG] [mixin/]: Registering mixin config: create.mixins.json source=SecureJarResource(create)
[05Mar2025 02:07:32.221] [main/DEBUG] [mixin/]: Adding mixin platform agents for container SecureJarResource(jei)
[05Mar2025 02:07:32.221] [main/DEBUG] [mixin/]: Instancing new MixinPlatformAgentMinecraftForge for SecureJarResource(jei)
[05Mar2025 02:07:32.221] [main/DEBUG] [mixin/]: MixinPlatformAgentMinecraftForge rejected container SecureJarResource(jei)
[05Mar2025 02:07:32.221] [main/DEBUG] [mixin/]: Instancing new MixinPlatformAgentDefault for SecureJarResource(jei)
[05Mar2025 02:07:32.221] [main/DEBUG] [mixin/]: MixinPlatformAgentDefault accepted container SecureJarResource(jei)
[05Mar2025 02:07:32.221] [main/DEBUG] [mixin/]: Instancing new FMLMixinPlatformAgent for SecureJarResource(jei)
[05Mar2025 02:07:32.221] [main/DEBUG] [mixin/]: FMLMixinPlatformAgent rejected container SecureJarResource(jei)
[05Mar2025 02:07:32.221] [main/DEBUG] [mixin/]: Processing prepare() for PlatformAgent[MixinPlatformAgentDefault:SecureJarResource(jei)]
[05Mar2025 02:07:32.221] [main/DEBUG] [mixin/]: Adding mixin platform agents for container SecureJarResource(Registrate.MC1._21._62)
[05Mar2025 02:07:32.221] [main/DEBUG] [mixin/]: Instancing new MixinPlatformAgentMinecraftForge for SecureJarResource(Registrate.MC1._21._62)
[05Mar2025 02:07:32.222] [main/DEBUG] [mixin/]: MixinPlatformAgentMinecraftForge rejected container SecureJarResource(Registrate.MC1._21._62)
[05Mar2025 02:07:32.222] [main/DEBUG] [mixin/]: Instancing new MixinPlatformAgentDefault for SecureJarResource(Registrate.MC1._21._62)
[05Mar2025 02:07:32.222] [main/DEBUG] [mixin/]: MixinPlatformAgentDefault accepted container SecureJarResource(Registrate.MC1._21._62)
[05Mar2025 02:07:32.222] [main/DEBUG] [mixin/]: Instancing new FMLMixinPlatformAgent for SecureJarResource(Registrate.MC1._21._62)
[05Mar2025 02:07:32.222] [main/DEBUG] [mixin/]: FMLMixinPlatformAgent rejected container SecureJarResource(Registrate.MC1._21._62)
[05Mar2025 02:07:32.222] [main/DEBUG] [mixin/]: Processing prepare() for PlatformAgent[MixinPlatformAgentDefault:SecureJarResource(Registrate.MC1._21._62)]
[05Mar2025 02:07:32.222] [main/DEBUG] [mixin/]: Adding mixin platform agents for container SecureJarResource(mixinextras.neoforge)
[05Mar2025 02:07:32.222] [main/DEBUG] [mixin/]: Instancing new MixinPlatformAgentMinecraftForge for SecureJarResource(mixinextras.neoforge)
[05Mar2025 02:07:32.222] [main/DEBUG] [mixin/]: MixinPlatformAgentMinecraftForge rejected container SecureJarResource(mixinextras.neoforge)
[05Mar2025 02:07:32.223] [main/DEBUG] [mixin/]: Instancing new MixinPlatformAgentDefault for SecureJarResource(mixinextras.neoforge)
[05Mar2025 02:07:32.223] [main/DEBUG] [mixin/]: MixinPlatformAgentDefault accepted container SecureJarResource(mixinextras.neoforge)
[05Mar2025 02:07:32.223] [main/DEBUG] [mixin/]: Instancing new FMLMixinPlatformAgent for SecureJarResource(mixinextras.neoforge)
[05Mar2025 02:07:32.223] [main/DEBUG] [mixin/]: FMLMixinPlatformAgent rejected container SecureJarResource(mixinextras.neoforge)
[05Mar2025 02:07:32.223] [main/DEBUG] [mixin/]: Processing prepare() for PlatformAgent[MixinPlatformAgentDefault:SecureJarResource(mixinextras.neoforge)]
[05Mar2025 02:07:32.223] [main/DEBUG] [mixin/]: Registering mixin config: mixinextras.init.mixins.json source=SecureJarResource(mixinextras.neoforge)
[05Mar2025 02:07:32.225] [main/DEBUG] [mixin/]: inject() running with 12 agents
[05Mar2025 02:07:32.225] [main/DEBUG] [mixin/]: Processing inject() for PlatformAgent[MixinPlatformAgentDefault:ModLauncher Root Container(ModLauncher:4f56a0a2)]
[05Mar2025 02:07:32.225] [main/DEBUG] [mixin/]: Processing inject() for PlatformAgent[MixinPlatformAgentDefault:net.neoforged.fml.loading.mixin.FMLMixinContainerHandle@5754de72]
[05Mar2025 02:07:32.225] [main/DEBUG] [mixin/]: Processing inject() for PlatformAgent[FMLMixinPlatformAgent:null]
[05Mar2025 02:07:32.226] [main/DEBUG] [mixin/]: Processing inject() for PlatformAgent[MixinPlatformAgentDefault:SecureJarResource(mixin_synthetic)]
[05Mar2025 02:07:32.226] [main/DEBUG] [mixin/]: Processing inject() for PlatformAgent[MixinPlatformAgentDefault:SecureJarResource(minecraft)]
[05Mar2025 02:07:32.226] [main/DEBUG] [mixin/]: Processing inject() for PlatformAgent[MixinPlatformAgentDefault:SecureJarResource(createlowheated)]
[05Mar2025 02:07:32.226] [main/DEBUG] [mixin/]: Processing inject() for PlatformAgent[MixinPlatformAgentDefault:SecureJarResource(curios)]
[05Mar2025 02:07:32.226] [main/DEBUG] [mixin/]: Processing inject() for PlatformAgent[MixinPlatformAgentDefault:SecureJarResource(flywheel)]
[05Mar2025 02:07:32.226] [main/DEBUG] [mixin/]: Processing inject() for PlatformAgent[MixinPlatformAgentDefault:SecureJarResource(ponder)]
[05Mar2025 02:07:32.226] [main/DEBUG] [mixin/]: Processing inject() for PlatformAgent[MixinPlatformAgentDefault:SecureJarResource(create)]
[05Mar2025 02:07:32.226] [main/DEBUG] [mixin/]: Processing inject() for PlatformAgent[MixinPlatformAgentDefault:SecureJarResource(jei)]
[05Mar2025 02:07:32.226] [main/DEBUG] [mixin/]: Processing inject() for PlatformAgent[MixinPlatformAgentDefault:SecureJarResource(Registrate.MC1._21._62)]
[05Mar2025 02:07:32.226] [main/DEBUG] [mixin/]: Processing inject() for PlatformAgent[MixinPlatformAgentDefault:SecureJarResource(mixinextras.neoforge)]
[05Mar2025 02:07:32.226] [main/INFO] [cpw.mods.modlauncher.LaunchServiceHandler/MODLAUNCHER]: Launching target 'forgedatauserdev' with arguments [--gameDir, ., --assetsDir, /home/zeh/.gradle/caches/minecraft/assets, --mod, createlowheated, --all, --output, /home/zeh/git/create/lowheated/src/generated/resources, --existing, /home/zeh/git/create/lowheated/src/main/resources, --assetIndex, asset-index]
[05Mar2025 02:07:32.258] [main/INFO] [mixin/]: Attempting to load Fernflower decompiler (Threaded mode)
[05Mar2025 02:07:32.260] [main/INFO] [mixin/]: Fernflower could not be loaded, exported classes will not be decompiled. NoClassDefFoundError: org/jetbrains/java/decompiler/main/extern/IResultSaver
[05Mar2025 02:07:32.275] [main/INFO] [mixin/]: Preparing mixins for MixinEnvironment[DEFAULT]
[05Mar2025 02:07:32.276] [main/INFO] [mixin/]: Selecting config createlowheated.mixins.json
[05Mar2025 02:07:32.280] [main/INFO] [mixin/]: Selecting config curios.neoforge.mixins.json
[05Mar2025 02:07:32.281] [main/WARN] [mixin/]: Reference map 'curios.refmap.json' for curios.neoforge.mixins.json could not be read. If this is a development environment you can ignore this message
[05Mar2025 02:07:32.282] [main/INFO] [mixin/]: Selecting config curios.mixins.json
[05Mar2025 02:07:32.282] [main/WARN] [mixin/]: Reference map 'curios.refmap.json' for curios.mixins.json could not be read. If this is a development environment you can ignore this message
[05Mar2025 02:07:32.282] [main/INFO] [mixin/]: Selecting config flywheel.backend.mixins.json
[05Mar2025 02:07:32.288] [main/INFO] [mixin/]: Selecting config flywheel.impl.mixins.json
[05Mar2025 02:07:32.290] [main/INFO] [mixin/]: Selecting config ponder.mixins.json
[05Mar2025 02:07:32.291] [main/WARN] [mixin/]: Reference map 'ponder.refmap.json' for ponder.mixins.json could not be read. If this is a development environment you can ignore this message
[05Mar2025 02:07:32.291] [main/INFO] [mixin/]: Selecting config create.mixins.json
[05Mar2025 02:07:32.296] [main/WARN] [mixin/]: Reference map 'create.refmap.json' for create.mixins.json could not be read. If this is a development environment you can ignore this message
[05Mar2025 02:07:32.296] [main/INFO] [mixin/]: Selecting config neoforge.mixins.json
[05Mar2025 02:07:32.297] [main/INFO] [mixin/]: Selecting config mixinextras.init.mixins.json
[05Mar2025 02:07:32.343] [main/DEBUG] [MixinExtras|Service/]: com.llamalad7.mixinextras.service.MixinExtrasServiceImpl(version=0.4.1) is taking over from null
[05Mar2025 02:07:32.379] [main/DEBUG] [mixin/]: Registering new injector for @Inject with org.spongepowered.asm.mixin.injection.struct.CallbackInjectionInfo
[05Mar2025 02:07:32.381] [main/DEBUG] [mixin/]: Registering new injector for @ModifyArg with org.spongepowered.asm.mixin.injection.struct.ModifyArgInjectionInfo
[05Mar2025 02:07:32.382] [main/DEBUG] [mixin/]: Registering new injector for @ModifyArgs with org.spongepowered.asm.mixin.injection.struct.ModifyArgsInjectionInfo
[05Mar2025 02:07:32.384] [main/DEBUG] [mixin/]: Registering new injector for @Redirect with org.spongepowered.asm.mixin.injection.struct.RedirectInjectionInfo
[05Mar2025 02:07:32.385] [main/DEBUG] [mixin/]: Registering new injector for @ModifyVariable with org.spongepowered.asm.mixin.injection.struct.ModifyVariableInjectionInfo
[05Mar2025 02:07:32.387] [main/DEBUG] [mixin/]: Registering new injector for @ModifyConstant with org.spongepowered.asm.mixin.injection.struct.ModifyConstantInjectionInfo
[05Mar2025 02:07:32.404] [main/INFO] [mixin/]: Preparing curios.neoforge.mixins.json (10)
[05Mar2025 02:07:32.432] [main/TRACE] [mixin/]: Added class metadata for net/minecraft/world/level/storage/loot/functions/ApplyBonusCount to metadata cache
[05Mar2025 02:07:32.437] [main/TRACE] [mixin/]: Added class metadata for top/theillusivec4/curios/api/CuriosApi to metadata cache
[05Mar2025 02:07:32.438] [main/TRACE] [mixin/]: Added class metadata for top/theillusivec4/curios/api/CuriosDataProvider to metadata cache
[05Mar2025 02:07:32.440] [main/TRACE] [mixin/]: Added class metadata for net/minecraft/world/level/storage/loot/functions/EnchantedCountIncreaseFunction to metadata cache
[05Mar2025 02:07:32.443] [main/TRACE] [mixin/]: Added class metadata for net/minecraft/world/entity/player/Inventory to metadata cache
[05Mar2025 02:07:32.453] [main/DEBUG] [net.neoforged.accesstransformer.AccessTransformer/AXFORM]: Transforming net.minecraft.world.entity.LivingEntity FIELD jumping to access PUBLIC and LEAVE
[05Mar2025 02:07:32.455] [main/DEBUG] [net.neoforged.accesstransformer.AccessTransformer/AXFORM]: Transforming net.minecraft.world.entity.LivingEntity METHOD getHitbox()Lnet/minecraft/world/phys/AABB; to access PUBLIC and LEAVE
[05Mar2025 02:07:32.456] [main/DEBUG] [net.neoforged.accesstransformer.AccessTransformer/AXFORM]: Transforming net.minecraft.world.entity.LivingEntity METHOD getCurrentSwingDuration()I to access PUBLIC and LEAVE
[05Mar2025 02:07:32.511] [main/TRACE] [mixin/]: Added class metadata for net/minecraft/world/entity/LivingEntity to metadata cache
[05Mar2025 02:07:32.513] [main/TRACE] [mixin/]: Added class metadata for net/minecraft/advancements/critereon/NbtPredicate to metadata cache
[05Mar2025 02:07:32.518] [main/TRACE] [mixin/]: Added class metadata for net/minecraft/world/entity/monster/piglin/PiglinAi to metadata cache
[05Mar2025 02:07:32.519] [main/TRACE] [mixin/]: Added class metadata for net/minecraft/world/level/block/PowderSnowBlock to metadata cache
[05Mar2025 02:07:32.522] [main/TRACE] [mixin/]: Added class metadata for net/minecraft/util/datafix/schemas/V1460 to metadata cache
[05Mar2025 02:07:32.523] [main/INFO] [mixin/]: Preparing curios.mixins.json (3)
[05Mar2025 02:07:32.538] [main/DEBUG] [net.neoforged.accesstransformer.AccessTransformer/AXFORM]: Transforming net.minecraft.world.entity.Entity FIELD ENTITY_COUNTER to access PROTECTED and LEAVE
[05Mar2025 02:07:32.538] [main/DEBUG] [net.neoforged.accesstransformer.AccessTransformer/AXFORM]: Transforming net.minecraft.world.entity.Entity FIELD removalReason to access PUBLIC and LEAVE
[05Mar2025 02:07:32.538] [main/DEBUG] [net.neoforged.accesstransformer.AccessTransformer/AXFORM]: Transforming net.minecraft.world.entity.Entity METHOD getEncodeId()Ljava/lang/String; to access PUBLIC and LEAVE
[05Mar2025 02:07:32.563] [main/TRACE] [mixin/]: Added class metadata for net/minecraft/world/entity/Entity to metadata cache
[05Mar2025 02:07:32.564] [main/TRACE] [mixin/]: Added class metadata for top/theillusivec4/curios/api/CuriosTriggers to metadata cache
[05Mar2025 02:07:32.564] [main/TRACE] [mixin/]: Added class metadata for top/theillusivec4/curios/api/CuriosTriggers$EquipBuilder to metadata cache
[05Mar2025 02:07:32.565] [main/INFO] [mixin/]: Preparing flywheel.backend.mixins.json (8)
[05Mar2025 02:07:32.569] [main/DEBUG] [net.neoforged.fml.common.asm.RuntimeDistCleaner/DISTXFORM]: Removing Class Annotation: net/minecraft/client/player/AbstractClientPlayer @Lnet/neoforged/api/distmarker/OnlyIn;
[05Mar2025 02:07:32.570] [main/TRACE] [mixin/]: Added class metadata for net/minecraft/client/player/AbstractClientPlayer to metadata cache
[05Mar2025 02:07:32.571] [main/DEBUG] [net.neoforged.fml.common.asm.RuntimeDistCleaner/DISTXFORM]: Removing Class Annotation: com/mojang/blaze3d/platform/GlStateManager @Lnet/neoforged/api/distmarker/OnlyIn;
[05Mar2025 02:07:32.575] [main/TRACE] [mixin/]: Added class metadata for com/mojang/blaze3d/platform/GlStateManager to metadata cache
[05Mar2025 02:07:32.584] [main/DEBUG] [net.neoforged.accesstransformer.AccessTransformer/AXFORM]: Transforming net.minecraft.client.renderer.LevelRenderer METHOD shouldShowEntityOutlines()Z to access PUBLIC and LEAVE
[05Mar2025 02:07:32.585] [main/DEBUG] [net.neoforged.fml.common.asm.RuntimeDistCleaner/DISTXFORM]: Removing Class Annotation: net/minecraft/client/renderer/LevelRenderer @Lnet/neoforged/api/distmarker/OnlyIn;
[05Mar2025 02:07:32.601] [main/TRACE] [mixin/]: Added class metadata for net/minecraft/client/renderer/LevelRenderer to metadata cache
[05Mar2025 02:07:32.606] [main/DEBUG] [net.neoforged.accesstransformer.AccessTransformer/AXFORM]: Transforming net.minecraft.client.Options INNERCLASS FieldAccess to access PUBLIC and LEAVE
[05Mar2025 02:07:32.606] [main/DEBUG] [net.neoforged.accesstransformer.AccessTransformer/AXFORM]: Transforming net.minecraft.client.Options FIELD keyMappings to access PUBLIC and REMOVEFINAL
[05Mar2025 02:07:32.607] [main/DEBUG] [net.neoforged.fml.common.asm.RuntimeDistCleaner/DISTXFORM]: Removing Class Annotation: net/minecraft/client/Options @Lnet/neoforged/api/distmarker/OnlyIn;
[05Mar2025 02:07:32.615] [main/TRACE] [mixin/]: Added class metadata for net/minecraft/client/Options to metadata cache
[05Mar2025 02:07:32.617] [main/DEBUG] [net.neoforged.fml.common.asm.RuntimeDistCleaner/DISTXFORM]: Removing Class Annotation: com/mojang/blaze3d/systems/RenderSystem @Lnet/neoforged/api/distmarker/OnlyIn;
[05Mar2025 02:07:32.620] [main/TRACE] [mixin/]: Added class metadata for com/mojang/blaze3d/systems/RenderSystem to metadata cache
[05Mar2025 02:07:32.622] [main/TRACE] [mixin/]: Added class metadata for net/minecraft/world/level/lighting/LightEngine to metadata cache
[05Mar2025 02:07:32.623] [main/TRACE] [mixin/]: Added class metadata for net/minecraft/world/level/lighting/SkyLightSectionStorage$SkyDataLayerStorageMap to metadata cache
[05Mar2025 02:07:32.624] [main/TRACE] [mixin/]: Added class metadata for net/minecraft/world/level/lighting/SkyLightSectionStorage to metadata cache
[05Mar2025 02:07:32.624] [main/INFO] [mixin/]: Preparing flywheel.impl.mixins.json (14)
[05Mar2025 02:07:32.631] [main/DEBUG] [net.neoforged.accesstransformer.AccessTransformer/AXFORM]: Transforming net.minecraft.world.level.block.entity.BlockEntityType INNERCLASS BlockEntitySupplier to access PUBLIC and LEAVE
[05Mar2025 02:07:32.633] [main/TRACE] [mixin/]: Added class metadata for net/minecraft/world/level/block/entity/BlockEntityType to metadata cache
[05Mar2025 02:07:32.634] [main/DEBUG] [net.neoforged.fml.common.asm.RuntimeDistCleaner/DISTXFORM]: Removing Class Annotation: net/minecraft/client/multiplayer/ClientChunkCache @Lnet/neoforged/api/distmarker/OnlyIn;
[05Mar2025 02:07:32.635] [main/TRACE] [mixin/]: Added class metadata for net/minecraft/client/multiplayer/ClientChunkCache to metadata cache
[05Mar2025 02:07:32.653] [main/TRACE] [mixin/]: Added class metadata for net/minecraft/world/entity/EntityType to metadata cache
[05Mar2025 02:07:32.655] [main/DEBUG] [net.neoforged.accesstransformer.AccessTransformer/AXFORM]: Transforming net.minecraft.world.level.Level FIELD oRainLevel to access PUBLIC and LEAVE
[05Mar2025 02:07:32.655] [main/DEBUG] [net.neoforged.accesstransformer.AccessTransformer/AXFORM]: Transforming net.minecraft.world.level.Level FIELD rainLevel to access PUBLIC and LEAVE
[05Mar2025 02:07:32.655] [main/DEBUG] [net.neoforged.accesstransformer.AccessTransformer/AXFORM]: Transforming net.minecraft.world.level.Level FIELD oThunderLevel to access PUBLIC and LEAVE
[05Mar2025 02:07:32.655] [main/DEBUG] [net.neoforged.accesstransformer.AccessTransformer/AXFORM]: Transforming net.minecraft.world.level.Level FIELD thunderLevel to access PUBLIC and LEAVE
[05Mar2025 02:07:32.659] [main/TRACE] [mixin/]: Added class metadata for net/minecraft/world/level/Level to metadata cache
[05Mar2025 02:07:32.664] [main/DEBUG] [net.neoforged.accesstransformer.AccessTransformer/AXFORM]: Transforming net.minecraft.client.Minecraft FIELD pendingConnection to access PUBLIC and LEAVE
[05Mar2025 02:07:32.664] [main/DEBUG] [net.neoforged.fml.common.asm.RuntimeDistCleaner/DISTXFORM]: Removing Class Annotation: net/minecraft/client/Minecraft @Lnet/neoforged/api/distmarker/OnlyIn;
[05Mar2025 02:07:32.677] [main/TRACE] [mixin/]: Added class metadata for net/minecraft/client/Minecraft to metadata cache
[05Mar2025 02:07:32.678] [main/DEBUG] [net.neoforged.accesstransformer.AccessTransformer/AXFORM]: Transforming net.minecraft.client.model.geom.ModelPart FIELD cubes to access PUBLIC and LEAVE
[05Mar2025 02:07:32.678] [main/DEBUG] [net.neoforged.accesstransformer.AccessTransformer/AXFORM]: Transforming net.minecraft.client.model.geom.ModelPart FIELD children to access PUBLIC and LEAVE
[05Mar2025 02:07:32.678] [main/DEBUG] [net.neoforged.fml.common.asm.RuntimeDistCleaner/DISTXFORM]: Removing Class Annotation: net/minecraft/client/model/geom/ModelPart @Lnet/neoforged/api/distmarker/OnlyIn;
[05Mar2025 02:07:32.679] [main/TRACE] [mixin/]: Added class metadata for net/minecraft/client/model/geom/ModelPart to metadata cache
[05Mar2025 02:07:32.680] [main/DEBUG] [net.neoforged.fml.common.asm.RuntimeDistCleaner/DISTXFORM]: Removing Class Annotation: com/mojang/blaze3d/vertex/PoseStack @Lnet/neoforged/api/distmarker/OnlyIn;
[05Mar2025 02:07:32.681] [main/TRACE] [mixin/]: Added class metadata for com/mojang/blaze3d/vertex/PoseStack to metadata cache
[05Mar2025 02:07:32.682] [main/TRACE] [mixin/]: Added class metadata for net/minecraft/world/level/block/entity/BlockEntity to metadata cache
[05Mar2025 02:07:32.685] [main/TRACE] [mixin/]: Added class metadata for net/minecraft/world/level/chunk/LevelChunk to metadata cache
[05Mar2025 02:07:32.686] [main/DEBUG] [net.neoforged.fml.common.asm.RuntimeDistCleaner/DISTXFORM]: Removing Class Annotation: net/minecraft/client/renderer/chunk/SectionCompiler @Lnet/neoforged/api/distmarker/OnlyIn;
[05Mar2025 02:07:32.687] [main/TRACE] [mixin/]: Added class metadata for net/minecraft/client/renderer/chunk/SectionCompiler to metadata cache
[05Mar2025 02:07:32.687] [main/INFO] [mixin/]: Preparing ponder.mixins.json (13)
[05Mar2025 02:07:32.696] [main/DEBUG] [net.neoforged.accesstransformer.AccessTransformer/AXFORM]: Transforming net.minecraft.world.level.biome.BiomeManager FIELD biomeZoomSeed to access PUBLIC and LEAVE
[05Mar2025 02:07:32.697] [main/TRACE] [mixin/]: Added class metadata for net/minecraft/world/level/biome/BiomeManager to metadata cache
[05Mar2025 02:07:32.701] [main/DEBUG] [net.neoforged.accesstransformer.AccessTransformer/AXFORM]: Transforming net.minecraft.server.MinecraftServer INNERCLASS ReloadableResources to access PUBLIC and LEAVE
[05Mar2025 02:07:32.702] [main/DEBUG] [net.neoforged.accesstransformer.AccessTransformer/AXFORM]: Transforming net.minecraft.server.MinecraftServer FIELD storageSource to access PUBLIC and LEAVE
[05Mar2025 02:07:32.702] [main/DEBUG] [net.neoforged.accesstransformer.AccessTransformer/AXFORM]: Transforming net.minecraft.server.MinecraftServer FIELD nextTickTimeNanos to access PROTECTED and LEAVE
[05Mar2025 02:07:32.712] [main/TRACE] [mixin/]: Added class metadata for net/minecraft/server/MinecraftServer to metadata cache
[05Mar2025 02:07:32.715] [main/DEBUG] [net.neoforged.fml.common.asm.RuntimeDistCleaner/DISTXFORM]: Removing Class Annotation: net/minecraft/client/DeltaTracker$Timer @Lnet/neoforged/api/distmarker/OnlyIn;
[05Mar2025 02:07:32.715] [main/TRACE] [mixin/]: Added class metadata for net/minecraft/client/DeltaTracker$Timer to metadata cache
[05Mar2025 02:07:32.716] [main/DEBUG] [net.neoforged.fml.common.asm.RuntimeDistCleaner/DISTXFORM]: Removing Class Annotation: com/mojang/blaze3d/vertex/BufferBuilder @Lnet/neoforged/api/distmarker/OnlyIn;
[05Mar2025 02:07:32.717] [main/TRACE] [mixin/]: Added class metadata for com/mojang/blaze3d/vertex/BufferBuilder to metadata cache
[05Mar2025 02:07:32.722] [main/DEBUG] [net.neoforged.accesstransformer.AccessTransformer/AXFORM]: Transforming net.minecraft.client.multiplayer.ClientPacketListener FIELD serverChunkRadius to access PUBLIC and LEAVE
[05Mar2025 02:07:32.722] [main/DEBUG] [net.neoforged.accesstransformer.AccessTransformer/AXFORM]: Transforming net.minecraft.client.multiplayer.ClientPacketListener FIELD commands to access PUBLIC and LEAVE
[05Mar2025 02:07:32.722] [main/DEBUG] [net.neoforged.fml.common.asm.RuntimeDistCleaner/DISTXFORM]: Removing Class Annotation: net/minecraft/client/multiplayer/ClientPacketListener @Lnet/neoforged/api/distmarker/OnlyIn;
[05Mar2025 02:07:32.731] [main/TRACE] [mixin/]: Added class metadata for net/minecraft/client/multiplayer/ClientPacketListener to metadata cache
[05Mar2025 02:07:32.734] [main/DEBUG] [net.neoforged.accesstransformer.AccessTransformer/AXFORM]: Transforming net.minecraft.client.renderer.GameRenderer METHOD loadEffect(Lnet/minecraft/resources/ResourceLocation;)V to access PUBLIC and LEAVE
[05Mar2025 02:07:32.735] [main/DEBUG] [net.neoforged.fml.common.asm.RuntimeDistCleaner/DISTXFORM]: Removing Class Annotation: net/minecraft/client/renderer/GameRenderer @Lnet/neoforged/api/distmarker/OnlyIn;
[05Mar2025 02:07:32.741] [main/TRACE] [mixin/]: Added class metadata for net/minecraft/client/renderer/GameRenderer to metadata cache
[05Mar2025 02:07:32.742] [main/DEBUG] [net.neoforged.accesstransformer.AccessTransformer/AXFORM]: Transforming net.minecraft.client.renderer.entity.ItemRenderer FIELD textureManager to access PUBLIC and LEAVE
[05Mar2025 02:07:32.742] [main/DEBUG] [net.neoforged.accesstransformer.AccessTransformer/AXFORM]: Transforming net.minecraft.client.renderer.entity.ItemRenderer METHOD renderModelLists(Lnet/minecraft/client/resources/model/BakedModel;Lnet/minecraft/world/item/ItemStack;IILcom/mojang/blaze3d/vertex/PoseStack;Lcom/mojang/blaze3d/vertex/VertexConsumer;)V to access PUBLIC and LEAVE
[05Mar2025 02:07:32.742] [main/DEBUG] [net.neoforged.accesstransformer.AccessTransformer/AXFORM]: Transforming net.minecraft.client.renderer.entity.ItemRenderer METHOD renderQuadList(Lcom/mojang/blaze3d/vertex/PoseStack;Lcom/mojang/blaze3d/vertex/VertexConsumer;Ljava/util/List;Lnet/minecraft/world/item/ItemStack;II)V to access PUBLIC and LEAVE
[05Mar2025 02:07:32.742] [main/DEBUG] [net.neoforged.fml.common.asm.RuntimeDistCleaner/DISTXFORM]: Removing Class Annotation: net/minecraft/client/renderer/entity/ItemRenderer @Lnet/neoforged/api/distmarker/OnlyIn;
[05Mar2025 02:07:32.744] [main/TRACE] [mixin/]: Added class metadata for net/minecraft/client/renderer/entity/ItemRenderer to metadata cache
[05Mar2025 02:07:32.746] [main/DEBUG] [net.neoforged.accesstransformer.AccessTransformer/AXFORM]: Transforming net.minecraft.client.particle.ParticleEngine INNERCLASS SpriteParticleRegistration to access PUBLIC and LEAVE
[05Mar2025 02:07:32.746] [main/DEBUG] [net.neoforged.accesstransformer.AccessTransformer/AXFORM]: Transforming net.minecraft.client.particle.ParticleEngine METHOD register(Lnet/minecraft/core/particles/ParticleType;Lnet/minecraft/client/particle/ParticleProvider;)V to access PUBLIC and LEAVE
[05Mar2025 02:07:32.746] [main/DEBUG] [net.neoforged.accesstransformer.AccessTransformer/AXFORM]: Transforming net.minecraft.client.particle.ParticleEngine METHOD register(Lnet/minecraft/core/particles/ParticleType;Lnet/minecraft/client/particle/ParticleProvider$Sprite;)V to access PUBLIC and LEAVE
[05Mar2025 02:07:32.746] [main/DEBUG] [net.neoforged.accesstransformer.AccessTransformer/AXFORM]: Transforming net.minecraft.client.particle.ParticleEngine METHOD register(Lnet/minecraft/core/particles/ParticleType;Lnet/minecraft/client/particle/ParticleEngine$SpriteParticleRegistration;)V to access PUBLIC and LEAVE
[05Mar2025 02:07:32.746] [main/DEBUG] [net.neoforged.fml.common.asm.RuntimeDistCleaner/DISTXFORM]: Removing Class Annotation: net/minecraft/client/particle/ParticleEngine @Lnet/neoforged/api/distmarker/OnlyIn;
[05Mar2025 02:07:32.749] [main/TRACE] [mixin/]: Added class metadata for net/minecraft/client/particle/ParticleEngine to metadata cache
[05Mar2025 02:07:32.752] [main/DEBUG] [net.neoforged.accesstransformer.AccessTransformer/AXFORM]: Transforming net.minecraft.client.renderer.RenderType FIELDWILDCARD to access PUBLIC and LEAVE
[05Mar2025 02:07:32.752] [main/DEBUG] [net.neoforged.accesstransformer.AccessTransformer/AXFORM]: Transforming net.minecraft.client.renderer.RenderType INNERCLASS CompositeRenderType to access PUBLIC and LEAVE
[05Mar2025 02:07:32.752] [main/DEBUG] [net.neoforged.accesstransformer.AccessTransformer/AXFORM]: Transforming net.minecraft.client.renderer.RenderType INNERCLASS CompositeState to access PUBLIC and LEAVE
[05Mar2025 02:07:32.752] [main/DEBUG] [net.neoforged.accesstransformer.AccessTransformer/AXFORM]: Transforming net.minecraft.client.renderer.RenderType INNERCLASS OutlineProperty to access PUBLIC and LEAVE
[05Mar2025 02:07:32.753] [main/DEBUG] [net.neoforged.accesstransformer.AccessTransformer/AXFORM]: Transforming net.minecraft.client.renderer.RenderType METHOD create(Ljava/lang/String;Lcom/mojang/blaze3d/vertex/VertexFormat;Lcom/mojang/blaze3d/vertex/VertexFormat$Mode;ILnet/minecraft/client/renderer/RenderType$CompositeState;)Lnet/minecraft/client/renderer/RenderType$CompositeRenderType; to access PUBLIC and LEAVE
[05Mar2025 02:07:32.753] [main/DEBUG] [net.neoforged.accesstransformer.AccessTransformer/AXFORM]: Transforming net.minecraft.client.renderer.RenderType METHOD create(Ljava/lang/String;Lcom/mojang/blaze3d/vertex/VertexFormat;Lcom/mojang/blaze3d/vertex/VertexFormat$Mode;IZZLnet/minecraft/client/renderer/RenderType$CompositeState;)Lnet/minecraft/client/renderer/RenderType$CompositeRenderType; to access PUBLIC and LEAVE
[05Mar2025 02:07:32.753] [main/DEBUG] [net.neoforged.fml.common.asm.RuntimeDistCleaner/DISTXFORM]: Removing Class Annotation: net/minecraft/client/renderer/RenderType @Lnet/neoforged/api/distmarker/OnlyIn;
[05Mar2025 02:07:32.755] [main/TRACE] [mixin/]: Added class metadata for net/minecraft/client/renderer/RenderType to metadata cache
[05Mar2025 02:07:32.757] [main/DEBUG] [net.neoforged.accesstransformer.AccessTransformer/AXFORM]: Transforming net.minecraft.client.gui.screens.Screen FIELD children to access PUBLIC and LEAVE
[05Mar2025 02:07:32.757] [main/DEBUG] [net.neoforged.accesstransformer.AccessTransformer/AXFORM]: Transforming net.minecraft.client.gui.screens.Screen FIELD narratables to access PUBLIC and LEAVE
[05Mar2025 02:07:32.757] [main/DEBUG] [net.neoforged.accesstransformer.AccessTransformer/AXFORM]: Transforming net.minecraft.client.gui.screens.Screen FIELD renderables to access PUBLIC and LEAVE
[05Mar2025 02:07:32.757] [main/DEBUG] [net.neoforged.fml.common.asm.RuntimeDistCleaner/DISTXFORM]: Removing Class Annotation: net/minecraft/client/gui/screens/Screen @Lnet/neoforged/api/distmarker/OnlyIn;
[05Mar2025 02:07:32.760] [main/TRACE] [mixin/]: Added class metadata for net/minecraft/client/gui/screens/Screen to metadata cache
[05Mar2025 02:07:32.760] [main/INFO] [mixin/]: Preparing neoforge.mixins.json (2)
[05Mar2025 02:07:32.763] [main/TRACE] [mixin/]: Added class metadata for net/minecraft/core/MappedRegistry to metadata cache
[05Mar2025 02:07:32.763] [main/INFO] [mixin/]: Preparing mixinextras.init.mixins.json (0)
[05Mar2025 02:07:32.763] [main/INFO] [mixin/]: Preparing create.mixins.json (60)
[05Mar2025 02:07:32.781] [main/TRACE] [mixin/]: Added class metadata for net/minecraft/world/item/armortrim/ArmorTrim to metadata cache
[05Mar2025 02:07:32.782] [main/TRACE] [mixin/]: Added class metadata for net/minecraft/world/item/BlockItem to metadata cache
[05Mar2025 02:07:32.785] [main/TRACE] [mixin/]: Added class metadata for net/minecraft/core/registries/BuiltInRegistries to metadata cache
[05Mar2025 02:07:32.787] [main/DEBUG] [net.neoforged.accesstransformer.AccessTransformer/AXFORM]: Transforming net.minecraft.world.level.saveddata.maps.MapItemSavedData METHOD removeDecoration(Ljava/lang/String;)V to access PUBLIC and LEAVE
[05Mar2025 02:07:32.787] [main/DEBUG] [net.neoforged.accesstransformer.AccessTransformer/AXFORM]: Transforming net.minecraft.world.level.saveddata.maps.MapItemSavedData METHOD addDecoration(Lnet/minecraft/core/Holder;Lnet/minecraft/world/level/LevelAccessor;Ljava/lang/String;DDDLnet/minecraft/network/chat/Component;)V to access PUBLIC and LEAVE
[05Mar2025 02:07:32.790] [main/TRACE] [mixin/]: Added class metadata for net/minecraft/world/level/saveddata/maps/MapItemSavedData to metadata cache
[05Mar2025 02:07:32.793] [main/DEBUG] [net.neoforged.accesstransformer.AccessTransformer/AXFORM]: Transforming net.minecraft.world.entity.Mob FIELD goalSelector to access PUBLIC and LEAVE
[05Mar2025 02:07:32.793] [main/DEBUG] [net.neoforged.accesstransformer.AccessTransformer/AXFORM]: Transforming net.minecraft.world.entity.Mob FIELD targetSelector to access PUBLIC and LEAVE
[05Mar2025 02:07:32.797] [main/TRACE] [mixin/]: Added class metadata for net/minecraft/world/entity/Mob to metadata cache
[05Mar2025 02:07:32.801] [main/DEBUG] [net.neoforged.accesstransformer.AccessTransformer/AXFORM]: Transforming net.minecraft.world.entity.player.Player METHOD closeContainer()V to access PUBLIC and LEAVE
[05Mar2025 02:07:32.807] [main/TRACE] [mixin/]: Added class metadata for net/minecraft/world/entity/player/Player to metadata cache
[05Mar2025 02:07:32.809] [main/TRACE] [mixin/]: Added class metadata for net/minecraft/world/entity/projectile/ProjectileUtil to metadata cache
[05Mar2025 02:07:32.810] [main/TRACE] [mixin/]: Added class metadata for net/minecraft/world/level/block/ShulkerBoxBlock to metadata cache
[05Mar2025 02:07:32.811] [main/TRACE] [mixin/]: Added class metadata for net/minecraft/world/inventory/SmithingMenu to metadata cache
[05Mar2025 02:07:32.812] [main/DEBUG] [net.neoforged.accesstransformer.AccessTransformer/AXFORM]: Transforming net.minecraft.world.item.crafting.SmithingTrimRecipe FIELD template to access PUBLIC and LEAVE
[05Mar2025 02:07:32.813] [main/DEBUG] [net.neoforged.accesstransformer.AccessTransformer/AXFORM]: Transforming net.minecraft.world.item.crafting.SmithingTrimRecipe FIELD base to access PUBLIC and LEAVE
[05Mar2025 02:07:32.813] [main/DEBUG] [net.neoforged.accesstransformer.AccessTransformer/AXFORM]: Transforming net.minecraft.world.item.crafting.SmithingTrimRecipe FIELD addition to access PUBLIC and LEAVE
[05Mar2025 02:07:32.813] [main/TRACE] [mixin/]: Added class metadata for net/minecraft/world/item/crafting/SmithingTrimRecipe to metadata cache
[05Mar2025 02:07:32.816] [main/TRACE] [mixin/]: Added class metadata for net/minecraft/gametest/framework/TestCommand to metadata cache
[05Mar2025 02:07:32.818] [main/TRACE] [mixin/]: Added class metadata for net/minecraft/world/level/material/FlowingFluid to metadata cache
[05Mar2025 02:07:32.822] [main/TRACE] [mixin/]: Added class metadata for com/tterrag/registrate/AbstractRegistrate to metadata cache
[05Mar2025 02:07:32.823] [main/DEBUG] [net.neoforged.accesstransformer.AccessTransformer/AXFORM]: Transforming net.minecraft.world.level.block.state.BlockBehaviour METHOD propertiesCodec()Lcom/mojang/serialization/codecs/RecordCodecBuilder; to access PUBLIC and LEAVE
[05Mar2025 02:07:32.825] [main/TRACE] [mixin/]: Added class metadata for net/minecraft/world/level/block/state/BlockBehaviour to metadata cache
[05Mar2025 02:07:32.827] [main/DEBUG] [net.neoforged.accesstransformer.AccessTransformer/AXFORM]: Transforming net.minecraft.world.level.block.DispenserBlock METHOD <init>(Lnet/minecraft/world/level/block/state/BlockBehaviour$Properties;)V to access PUBLIC and LEAVE
[05Mar2025 02:07:32.828] [main/TRACE] [mixin/]: Added class metadata for net/minecraft/world/level/block/DispenserBlock to metadata cache
[05Mar2025 02:07:32.830] [main/TRACE] [mixin/]: Added class metadata for net/minecraft/world/entity/item/FallingBlockEntity to metadata cache
[05Mar2025 02:07:32.830] [main/TRACE] [mixin/]: Added class metadata for net/neoforged/neoforge/fluids/FluidInteractionRegistry to metadata cache
[05Mar2025 02:07:32.833] [main/DEBUG] [net.neoforged.accesstransformer.AccessTransformer/AXFORM]: Transforming net.minecraft.gametest.framework.GameTestHelper FIELD testInfo to access PUBLIC and LEAVE
[05Mar2025 02:07:32.836] [main/TRACE] [mixin/]: Added class metadata for net/minecraft/gametest/framework/GameTestHelper to metadata cache
[05Mar2025 02:07:32.838] [main/DEBUG] [net.neoforged.accesstransformer.AccessTransformer/AXFORM]: Transforming net.minecraft.data.models.ItemModelGenerators INNERCLASS TrimModelData to access PUBLIC and LEAVE
[05Mar2025 02:07:32.838] [main/DEBUG] [net.neoforged.accesstransformer.AccessTransformer/AXFORM]: Transforming net.minecraft.data.models.ItemModelGenerators FIELD GENERATED_TRIM_MODELS to access PUBLIC and LEAVE
[05Mar2025 02:07:32.839] [main/TRACE] [mixin/]: Added class metadata for net/minecraft/data/models/ItemModelGenerators to metadata cache
[05Mar2025 02:07:32.840] [main/TRACE] [mixin/]: Added class metadata for net/neoforged/neoforge/items/ItemStackHandler to metadata cache
[05Mar2025 02:07:32.841] [main/TRACE] [mixin/]: Added class metadata for net/minecraft/world/entity/vehicle/MinecartFurnace to metadata cache
[05Mar2025 02:07:32.843] [main/TRACE] [mixin/]: Added class metadata for net/minecraft/world/effect/MobEffectInstance to metadata cache
[05Mar2025 02:07:32.844] [main/TRACE] [mixin/]: Added class metadata for net/minecraft/nbt/NbtAccounter to metadata cache
[05Mar2025 02:07:32.845] [main/DEBUG] [net.neoforged.accesstransformer.AccessTransformer/AXFORM]: Transforming net.minecraft.world.item.alchemy.PotionBrewing INNERCLASS Mix to access PUBLIC and LEAVE
[05Mar2025 02:07:32.845] [main/DEBUG] [net.neoforged.accesstransformer.AccessTransformer/AXFORM]: Transforming net.minecraft.world.item.alchemy.PotionBrewing FIELD containers to access PUBLIC and LEAVE
[05Mar2025 02:07:32.845] [main/DEBUG] [net.neoforged.accesstransformer.AccessTransformer/AXFORM]: Transforming net.minecraft.world.item.alchemy.PotionBrewing FIELD potionMixes to access PUBLIC and LEAVE
[05Mar2025 02:07:32.845] [main/DEBUG] [net.neoforged.accesstransformer.AccessTransformer/AXFORM]: Transforming net.minecraft.world.item.alchemy.PotionBrewing FIELD containerMixes to access PUBLIC and LEAVE
[05Mar2025 02:07:32.846] [main/TRACE] [mixin/]: Added class metadata for net/minecraft/world/item/alchemy/PotionBrewing to metadata cache
[05Mar2025 02:07:32.847] [main/TRACE] [mixin/]: Added class metadata for net/minecraft/core/dispenser/ProjectileDispenseBehavior to metadata cache
[05Mar2025 02:07:32.850] [main/DEBUG] [net.neoforged.accesstransformer.AccessTransformer/AXFORM]: Transforming net.minecraft.server.level.ServerLevel METHOD getEntities()Lnet/minecraft/world/level/entity/LevelEntityGetter; to access PUBLIC and LEAVE
[05Mar2025 02:07:32.855] [main/TRACE] [mixin/]: Added class metadata for net/minecraft/server/level/ServerLevel to metadata cache
[05Mar2025 02:07:32.856] [main/DEBUG] [net.neoforged.accesstransformer.AccessTransformer/AXFORM]: Transforming net.minecraft.world.item.crafting.ShapedRecipe FIELD pattern to access PUBLIC and LEAVE
[05Mar2025 02:07:32.857] [main/TRACE] [mixin/]: Added class metadata for net/minecraft/world/item/crafting/ShapedRecipe to metadata cache
[05Mar2025 02:07:32.858] [main/TRACE] [mixin/]: Added class metadata for net/minecraft/world/level/block/state/StateHolder to metadata cache
[05Mar2025 02:07:32.859] [main/TRACE] [mixin/]: Added class metadata for net/minecraft/SystemReport to metadata cache
[05Mar2025 02:07:32.860] [main/DEBUG] [net.neoforged.accesstransformer.AccessTransformer/AXFORM]: Transforming net.minecraft.world.item.context.UseOnContext METHOD <init>(Lnet/minecraft/world/level/Level;Lnet/minecraft/world/entity/player/Player;Lnet/minecraft/world/InteractionHand;Lnet/minecraft/world/item/ItemStack;Lnet/minecraft/world/phys/BlockHitResult;)V to access PUBLIC and LEAVE
[05Mar2025 02:07:32.861] [main/TRACE] [mixin/]: Added class metadata for net/minecraft/world/item/context/UseOnContext to metadata cache
[05Mar2025 02:07:32.862] [main/TRACE] [mixin/CATCHING]: Catching
java.lang.ClassNotFoundException: journeymap.client.render.map.MapRenderer
	at cpw.mods.securejarhandler/cpw.mods.cl.ModuleClassLoader.getMaybeTransformedClassBytes(ModuleClassLoader.java:334) ~[securejarhandler-3.0.8.jar:?]
	at MC-BOOTSTRAP/cpw.mods.modlauncher@11.0.4/cpw.mods.modlauncher.TransformingClassLoader.buildTransformedClassNodeFor(TransformingClassLoader.java:65) ~[modlauncher-11.0.4.jar:?]
	at MC-BOOTSTRAP/cpw.mods.modlauncher@11.0.4/cpw.mods.modlauncher.LaunchPluginHandler.lambda$announceLaunch$10(LaunchPluginHandler.java:106) ~[modlauncher-11.0.4.jar:?]
	at MC-BOOTSTRAP/org.spongepowered.mixin/org.spongepowered.asm.launch.MixinLaunchPluginLegacy.getClassNode(MixinLaunchPluginLegacy.java:227) ~[sponge-mixin-0.15.2+mixin.0.8.7.jar:0.15.2+mixin.0.8.7]
	at MC-BOOTSTRAP/org.spongepowered.mixin/org.spongepowered.asm.mixin.transformer.ClassInfo.forName(ClassInfo.java:2029) ~[sponge-mixin-0.15.2+mixin.0.8.7.jar:0.15.2+mixin.0.8.7]
	at MC-BOOTSTRAP/org.spongepowered.mixin/org.spongepowered.asm.mixin.transformer.MixinInfo.getTargetClass(MixinInfo.java:1017) ~[sponge-mixin-0.15.2+mixin.0.8.7.jar:0.15.2+mixin.0.8.7]
	at MC-BOOTSTRAP/org.spongepowered.mixin/org.spongepowered.asm.mixin.transformer.MixinInfo.readTargetClasses(MixinInfo.java:1007) ~[sponge-mixin-0.15.2+mixin.0.8.7.jar:0.15.2+mixin.0.8.7]
	at MC-BOOTSTRAP/org.spongepowered.mixin/org.spongepowered.asm.mixin.transformer.MixinInfo.parseTargets(MixinInfo.java:895) ~[sponge-mixin-0.15.2+mixin.0.8.7.jar:0.15.2+mixin.0.8.7]
	at MC-BOOTSTRAP/org.spongepowered.mixin/org.spongepowered.asm.mixin.transformer.MixinConfig.prepareMixins(MixinConfig.java:950) ~[sponge-mixin-0.15.2+mixin.0.8.7.jar:0.15.2+mixin.0.8.7]
	at MC-BOOTSTRAP/org.spongepowered.mixin/org.spongepowered.asm.mixin.transformer.MixinConfig.prepare(MixinConfig.java:858) ~[sponge-mixin-0.15.2+mixin.0.8.7.jar:0.15.2+mixin.0.8.7]
	at MC-BOOTSTRAP/org.spongepowered.mixin/org.spongepowered.asm.mixin.transformer.MixinProcessor.prepareConfigs(MixinProcessor.java:540) ~[sponge-mixin-0.15.2+mixin.0.8.7.jar:0.15.2+mixin.0.8.7]
	at MC-BOOTSTRAP/org.spongepowered.mixin/org.spongepowered.asm.mixin.transformer.MixinProcessor.select(MixinProcessor.java:462) ~[sponge-mixin-0.15.2+mixin.0.8.7.jar:0.15.2+mixin.0.8.7]
	at MC-BOOTSTRAP/org.spongepowered.mixin/org.spongepowered.asm.mixin.transformer.MixinProcessor.checkSelect(MixinProcessor.java:438) ~[sponge-mixin-0.15.2+mixin.0.8.7.jar:0.15.2+mixin.0.8.7]
	at MC-BOOTSTRAP/org.spongepowered.mixin/org.spongepowered.asm.mixin.transformer.MixinProcessor.applyMixins(MixinProcessor.java:290) ~[sponge-mixin-0.15.2+mixin.0.8.7.jar:0.15.2+mixin.0.8.7]
	at MC-BOOTSTRAP/org.spongepowered.mixin/org.spongepowered.asm.mixin.transformer.MixinTransformer.transformClass(MixinTransformer.java:250) ~[sponge-mixin-0.15.2+mixin.0.8.7.jar:0.15.2+mixin.0.8.7]
	at MC-BOOTSTRAP/org.spongepowered.mixin/org.spongepowered.asm.service.modlauncher.MixinTransformationHandler.processClass(MixinTransformationHandler.java:131) ~[sponge-mixin-0.15.2+mixin.0.8.7.jar:0.15.2+mixin.0.8.7]
	at MC-BOOTSTRAP/org.spongepowered.mixin/org.spongepowered.asm.launch.MixinLaunchPluginLegacy.processClass(MixinLaunchPluginLegacy.java:131) ~[sponge-mixin-0.15.2+mixin.0.8.7.jar:0.15.2+mixin.0.8.7]
	at MC-BOOTSTRAP/cpw.mods.modlauncher@11.0.4/cpw.mods.modlauncher.serviceapi.ILaunchPluginService.processClassWithFlags(ILaunchPluginService.java:156) ~[modlauncher-11.0.4.jar:11.0.4+main.d2e20e43]
	at MC-BOOTSTRAP/cpw.mods.modlauncher@11.0.4/cpw.mods.modlauncher.LaunchPluginHandler.offerClassNodeToPlugins(LaunchPluginHandler.java:94) ~[modlauncher-11.0.4.jar:?]
	at MC-BOOTSTRAP/cpw.mods.modlauncher@11.0.4/cpw.mods.modlauncher.ClassTransformer.transform(ClassTransformer.java:120) ~[modlauncher-11.0.4.jar:?]
	at MC-BOOTSTRAP/cpw.mods.modlauncher@11.0.4/cpw.mods.modlauncher.TransformingClassLoader.maybeTransformClassBytes(TransformingClassLoader.java:57) ~[modlauncher-11.0.4.jar:?]
	at cpw.mods.securejarhandler/cpw.mods.cl.ModuleClassLoader.readerToClass(ModuleClassLoader.java:190) ~[securejarhandler-3.0.8.jar:?]
	at cpw.mods.securejarhandler/cpw.mods.cl.ModuleClassLoader.lambda$findClass$20(ModuleClassLoader.java:298) ~[securejarhandler-3.0.8.jar:?]
	at cpw.mods.securejarhandler/cpw.mods.cl.ModuleClassLoader.loadFromModule(ModuleClassLoader.java:311) ~[securejarhandler-3.0.8.jar:?]
	at cpw.mods.securejarhandler/cpw.mods.cl.ModuleClassLoader.findClass(ModuleClassLoader.java:298) ~[securejarhandler-3.0.8.jar:?]
	at java.base/java.lang.ClassLoader.loadClass(ClassLoader.java:638) ~[?:?]
	at java.base/java.lang.Class.forName(Class.java:625) ~[?:?]
	at java.base/java.lang.Class.forName(Class.java:600) ~[?:?]
	at MC-BOOTSTRAP/fml_loader@4.0.37/net.neoforged.fml.loading.ImmediateWindowHandler$DummyProvider.lambda$updateModuleReads$1(ImmediateWindowHandler.java:173) ~[loader-4.0.37.jar%23131!/:4.0]
	at java.base/java.util.Optional.map(Optional.java:260) [?:?]
	at MC-BOOTSTRAP/fml_loader@4.0.37/net.neoforged.fml.loading.ImmediateWindowHandler$DummyProvider.updateModuleReads(ImmediateWindowHandler.java:173) [loader-4.0.37.jar%23131!/:4.0]
	at MC-BOOTSTRAP/fml_loader@4.0.37/net.neoforged.fml.loading.ImmediateWindowHandler.acceptGameLayer(ImmediateWindowHandler.java:94) [loader-4.0.37.jar%23131!/:4.0]
	at MC-BOOTSTRAP/fml_loader@4.0.37/net.neoforged.fml.loading.FMLLoader.beforeStart(FMLLoader.java:160) [loader-4.0.37.jar%23131!/:4.0]
	at MC-BOOTSTRAP/fml_loader@4.0.37/net.neoforged.fml.loading.targets.CommonLaunchHandler.launchService(CommonLaunchHandler.java:115) [loader-4.0.37.jar%23131!/:4.0]
	at MC-BOOTSTRAP/cpw.mods.modlauncher@11.0.4/cpw.mods.modlauncher.LaunchServiceHandlerDecorator.launch(LaunchServiceHandlerDecorator.java:30) [modlauncher-11.0.4.jar%23111!/:?]
	at MC-BOOTSTRAP/cpw.mods.modlauncher@11.0.4/cpw.mods.modlauncher.LaunchServiceHandler.launch(LaunchServiceHandler.java:53) [modlauncher-11.0.4.jar%23111!/:?]
	at MC-BOOTSTRAP/cpw.mods.modlauncher@11.0.4/cpw.mods.modlauncher.LaunchServiceHandler.launch(LaunchServiceHandler.java:71) [modlauncher-11.0.4.jar%23111!/:?]
	at MC-BOOTSTRAP/cpw.mods.modlauncher@11.0.4/cpw.mods.modlauncher.Launcher.run(Launcher.java:103) [modlauncher-11.0.4.jar%23111!/:?]
	at MC-BOOTSTRAP/cpw.mods.modlauncher@11.0.4/cpw.mods.modlauncher.Launcher.main(Launcher.java:74) [modlauncher-11.0.4.jar%23111!/:?]
	at MC-BOOTSTRAP/cpw.mods.modlauncher@11.0.4/cpw.mods.modlauncher.BootstrapLaunchConsumer.accept(BootstrapLaunchConsumer.java:26) [modlauncher-11.0.4.jar%23111!/:?]
	at MC-BOOTSTRAP/cpw.mods.modlauncher@11.0.4/cpw.mods.modlauncher.BootstrapLaunchConsumer.accept(BootstrapLaunchConsumer.java:23) [modlauncher-11.0.4.jar%23111!/:?]
	at cpw.mods.bootstraplauncher@2.0.2/cpw.mods.bootstraplauncher.BootstrapLauncher.run(BootstrapLauncher.java:210) [bootstraplauncher-2.0.2.jar:?]
	at cpw.mods.bootstraplauncher@2.0.2/cpw.mods.bootstraplauncher.BootstrapLauncher.main(BootstrapLauncher.java:69) [bootstraplauncher-2.0.2.jar:?]
[05Mar2025 02:07:32.879] [main/WARN] [mixin/]: Error loading class: journeymap/client/render/map/MapRenderer (java.lang.ClassNotFoundException: journeymap.client.render.map.MapRenderer)
[05Mar2025 02:07:32.879] [main/TRACE] [mixin/]: Added class metadata for journeymap/client/render/map/MapRenderer to metadata cache
[05Mar2025 02:07:32.880] [main/WARN] [mixin/]: @Mixin target journeymap.client.render.map.MapRenderer was not found create.mixins.json:compat.journeymap.MapRendererAccessor from mod create
[05Mar2025 02:07:32.881] [main/TRACE] [mixin/]: Added class metadata for net/minecraft/util/datafix/fixes/BlockPosFormatAndRenamesFix to metadata cache
[05Mar2025 02:07:32.883] [main/DEBUG] [net.neoforged.accesstransformer.AccessTransformer/AXFORM]: Transforming net.minecraft.util.datafix.fixes.ItemStackComponentizationFix INNERCLASS ItemStackData to access PUBLIC and LEAVE
[05Mar2025 02:07:32.886] [main/TRACE] [mixin/]: Added class metadata for net/minecraft/util/datafix/fixes/ItemStackComponentizationFix to metadata cache
[05Mar2025 02:07:32.893] [main/DEBUG] [net.neoforged.accesstransformer.AccessTransformer/AXFORM]: Transforming net.minecraft.client.model.AgeableListModel FIELD scaleHead to access PUBLIC and LEAVE
[05Mar2025 02:07:32.893] [main/DEBUG] [net.neoforged.accesstransformer.AccessTransformer/AXFORM]: Transforming net.minecraft.client.model.AgeableListModel FIELD babyYHeadOffset to access PUBLIC and LEAVE
[05Mar2025 02:07:32.893] [main/DEBUG] [net.neoforged.accesstransformer.AccessTransformer/AXFORM]: Transforming net.minecraft.client.model.AgeableListModel FIELD babyZHeadOffset to access PUBLIC and LEAVE
[05Mar2025 02:07:32.893] [main/DEBUG] [net.neoforged.accesstransformer.AccessTransformer/AXFORM]: Transforming net.minecraft.client.model.AgeableListModel FIELD babyHeadScale to access PUBLIC and LEAVE
[05Mar2025 02:07:32.893] [main/DEBUG] [net.neoforged.fml.common.asm.RuntimeDistCleaner/DISTXFORM]: Removing Class Annotation: net/minecraft/client/model/AgeableListModel @Lnet/neoforged/api/distmarker/OnlyIn;
[05Mar2025 02:07:32.893] [main/TRACE] [mixin/]: Added class metadata for net/minecraft/client/model/AgeableListModel to metadata cache
[05Mar2025 02:07:32.894] [main/DEBUG] [net.neoforged.fml.common.asm.RuntimeDistCleaner/DISTXFORM]: Removing Class Annotation: net/minecraft/client/renderer/entity/EntityRenderDispatcher @Lnet/neoforged/api/distmarker/OnlyIn;
[05Mar2025 02:07:32.896] [main/TRACE] [mixin/]: Added class metadata for net/minecraft/client/renderer/entity/EntityRenderDispatcher to metadata cache
[05Mar2025 02:07:32.897] [main/DEBUG] [net.neoforged.accesstransformer.AccessTransformer/AXFORM]: Transforming net.minecraft.client.gui.Font METHOD getFontSet(Lnet/minecraft/resources/ResourceLocation;)Lnet/minecraft/client/gui/font/FontSet; to access PUBLIC and LEAVE
[05Mar2025 02:07:32.897] [main/DEBUG] [net.neoforged.fml.common.asm.RuntimeDistCleaner/DISTXFORM]: Removing Class Annotation: net/minecraft/client/gui/Font @Lnet/neoforged/api/distmarker/OnlyIn;
[05Mar2025 02:07:32.898] [main/TRACE] [mixin/]: Added class metadata for net/minecraft/client/gui/Font to metadata cache
[05Mar2025 02:07:32.901] [main/DEBUG] [net.neoforged.accesstransformer.AccessTransformer/AXFORM]: Transforming net.minecraft.client.gui.Gui INNERCLASS HeartType to access PUBLIC and LEAVE
[05Mar2025 02:07:32.901] [main/DEBUG] [net.neoforged.fml.common.asm.RuntimeDistCleaner/DISTXFORM]: Removing Class Annotation: net/minecraft/client/gui/Gui @Lnet/neoforged/api/distmarker/OnlyIn;
[05Mar2025 02:07:32.905] [main/TRACE] [mixin/]: Added class metadata for net/minecraft/client/gui/Gui to metadata cache
[05Mar2025 02:07:32.906] [main/DEBUG] [net.neoforged.fml.common.asm.RuntimeDistCleaner/DISTXFORM]: Removing Class Annotation: net/minecraft/client/renderer/entity/layers/HumanoidArmorLayer @Lnet/neoforged/api/distmarker/OnlyIn;
[05Mar2025 02:07:32.907] [main/TRACE] [mixin/]: Added class metadata for net/minecraft/client/renderer/entity/layers/HumanoidArmorLayer to metadata cache
[05Mar2025 02:07:32.908] [main/DEBUG] [net.neoforged.fml.common.asm.RuntimeDistCleaner/DISTXFORM]: Removing Class Annotation: net/minecraft/client/MouseHandler @Lnet/neoforged/api/distmarker/OnlyIn;
[05Mar2025 02:07:32.909] [main/TRACE] [mixin/]: Added class metadata for net/minecraft/client/MouseHandler to metadata cache
[05Mar2025 02:07:32.910] [main/TRACE] [mixin/]: Added class metadata for net/minecraft/server/level/BlockDestructionProgress to metadata cache
[05Mar2025 02:07:32.911] [main/DEBUG] [net.neoforged.fml.common.asm.RuntimeDistCleaner/DISTXFORM]: Removing Class Annotation: net/minecraft/client/Camera @Lnet/neoforged/api/distmarker/OnlyIn;
[05Mar2025 02:07:32.912] [main/TRACE] [mixin/]: Added class metadata for net/minecraft/client/Camera to metadata cache
[05Mar2025 02:07:32.914] [main/DEBUG] [net.neoforged.accesstransformer.AccessTransformer/AXFORM]: Transforming net.minecraft.client.player.LocalPlayer METHOD getPermissionLevel()I to access PUBLIC and LEAVE
[05Mar2025 02:07:32.914] [main/DEBUG] [net.neoforged.fml.common.asm.RuntimeDistCleaner/DISTXFORM]: Removing Class Annotation: net/minecraft/client/player/LocalPlayer @Lnet/neoforged/api/distmarker/OnlyIn;
[05Mar2025 02:07:32.917] [main/TRACE] [mixin/]: Added class metadata for net/minecraft/client/player/LocalPlayer to metadata cache
[05Mar2025 02:07:32.918] [main/DEBUG] [net.neoforged.fml.common.asm.RuntimeDistCleaner/DISTXFORM]: Removing Class Annotation: net/minecraft/client/model/HumanoidModel @Lnet/neoforged/api/distmarker/OnlyIn;
[05Mar2025 02:07:32.920] [main/TRACE] [mixin/]: Added class metadata for net/minecraft/client/model/HumanoidModel to metadata cache
[05Mar2025 02:07:32.921] [main/DEBUG] [net.neoforged.fml.common.asm.RuntimeDistCleaner/DISTXFORM]: Removing Class Annotation: net/minecraft/client/renderer/entity/player/PlayerRenderer @Lnet/neoforged/api/distmarker/OnlyIn;
[05Mar2025 02:07:32.922] [main/TRACE] [mixin/]: Added class metadata for net/minecraft/client/renderer/entity/player/PlayerRenderer to metadata cache
[05Mar2025 02:07:32.923] [main/TRACE] [mixin/CATCHING]: Catching
java.lang.ClassNotFoundException: journeymap.client.ui.fullscreen.Fullscreen
	at cpw.mods.securejarhandler/cpw.mods.cl.ModuleClassLoader.getMaybeTransformedClassBytes(ModuleClassLoader.java:334) ~[securejarhandler-3.0.8.jar:?]
	at MC-BOOTSTRAP/cpw.mods.modlauncher@11.0.4/cpw.mods.modlauncher.TransformingClassLoader.buildTransformedClassNodeFor(TransformingClassLoader.java:65) ~[modlauncher-11.0.4.jar:?]
	at MC-BOOTSTRAP/cpw.mods.modlauncher@11.0.4/cpw.mods.modlauncher.LaunchPluginHandler.lambda$announceLaunch$10(LaunchPluginHandler.java:106) ~[modlauncher-11.0.4.jar:?]
	at MC-BOOTSTRAP/org.spongepowered.mixin/org.spongepowered.asm.launch.MixinLaunchPluginLegacy.getClassNode(MixinLaunchPluginLegacy.java:227) ~[sponge-mixin-0.15.2+mixin.0.8.7.jar:0.15.2+mixin.0.8.7]
	at MC-BOOTSTRAP/org.spongepowered.mixin/org.spongepowered.asm.mixin.transformer.ClassInfo.forName(ClassInfo.java:2029) ~[sponge-mixin-0.15.2+mixin.0.8.7.jar:0.15.2+mixin.0.8.7]
	at MC-BOOTSTRAP/org.spongepowered.mixin/org.spongepowered.asm.mixin.transformer.MixinInfo.getTargetClass(MixinInfo.java:1017) ~[sponge-mixin-0.15.2+mixin.0.8.7.jar:0.15.2+mixin.0.8.7]
	at MC-BOOTSTRAP/org.spongepowered.mixin/org.spongepowered.asm.mixin.transformer.MixinInfo.readTargetClasses(MixinInfo.java:1007) ~[sponge-mixin-0.15.2+mixin.0.8.7.jar:0.15.2+mixin.0.8.7]
	at MC-BOOTSTRAP/org.spongepowered.mixin/org.spongepowered.asm.mixin.transformer.MixinInfo.parseTargets(MixinInfo.java:895) ~[sponge-mixin-0.15.2+mixin.0.8.7.jar:0.15.2+mixin.0.8.7]
	at MC-BOOTSTRAP/org.spongepowered.mixin/org.spongepowered.asm.mixin.transformer.MixinConfig.prepareMixins(MixinConfig.java:950) ~[sponge-mixin-0.15.2+mixin.0.8.7.jar:0.15.2+mixin.0.8.7]
	at MC-BOOTSTRAP/org.spongepowered.mixin/org.spongepowered.asm.mixin.transformer.MixinConfig.prepare(MixinConfig.java:862) ~[sponge-mixin-0.15.2+mixin.0.8.7.jar:0.15.2+mixin.0.8.7]
	at MC-BOOTSTRAP/org.spongepowered.mixin/org.spongepowered.asm.mixin.transformer.MixinProcessor.prepareConfigs(MixinProcessor.java:540) ~[sponge-mixin-0.15.2+mixin.0.8.7.jar:0.15.2+mixin.0.8.7]
	at MC-BOOTSTRAP/org.spongepowered.mixin/org.spongepowered.asm.mixin.transformer.MixinProcessor.select(MixinProcessor.java:462) ~[sponge-mixin-0.15.2+mixin.0.8.7.jar:0.15.2+mixin.0.8.7]
	at MC-BOOTSTRAP/org.spongepowered.mixin/org.spongepowered.asm.mixin.transformer.MixinProcessor.checkSelect(MixinProcessor.java:438) ~[sponge-mixin-0.15.2+mixin.0.8.7.jar:0.15.2+mixin.0.8.7]
	at MC-BOOTSTRAP/org.spongepowered.mixin/org.spongepowered.asm.mixin.transformer.MixinProcessor.applyMixins(MixinProcessor.java:290) ~[sponge-mixin-0.15.2+mixin.0.8.7.jar:0.15.2+mixin.0.8.7]
	at MC-BOOTSTRAP/org.spongepowered.mixin/org.spongepowered.asm.mixin.transformer.MixinTransformer.transformClass(MixinTransformer.java:250) ~[sponge-mixin-0.15.2+mixin.0.8.7.jar:0.15.2+mixin.0.8.7]
	at MC-BOOTSTRAP/org.spongepowered.mixin/org.spongepowered.asm.service.modlauncher.MixinTransformationHandler.processClass(MixinTransformationHandler.java:131) ~[sponge-mixin-0.15.2+mixin.0.8.7.jar:0.15.2+mixin.0.8.7]
	at MC-BOOTSTRAP/org.spongepowered.mixin/org.spongepowered.asm.launch.MixinLaunchPluginLegacy.processClass(MixinLaunchPluginLegacy.java:131) ~[sponge-mixin-0.15.2+mixin.0.8.7.jar:0.15.2+mixin.0.8.7]
	at MC-BOOTSTRAP/cpw.mods.modlauncher@11.0.4/cpw.mods.modlauncher.serviceapi.ILaunchPluginService.processClassWithFlags(ILaunchPluginService.java:156) ~[modlauncher-11.0.4.jar:11.0.4+main.d2e20e43]
	at MC-BOOTSTRAP/cpw.mods.modlauncher@11.0.4/cpw.mods.modlauncher.LaunchPluginHandler.offerClassNodeToPlugins(LaunchPluginHandler.java:94) ~[modlauncher-11.0.4.jar:?]
	at MC-BOOTSTRAP/cpw.mods.modlauncher@11.0.4/cpw.mods.modlauncher.ClassTransformer.transform(ClassTransformer.java:120) ~[modlauncher-11.0.4.jar:?]
	at MC-BOOTSTRAP/cpw.mods.modlauncher@11.0.4/cpw.mods.modlauncher.TransformingClassLoader.maybeTransformClassBytes(TransformingClassLoader.java:57) ~[modlauncher-11.0.4.jar:?]
	at cpw.mods.securejarhandler/cpw.mods.cl.ModuleClassLoader.readerToClass(ModuleClassLoader.java:190) ~[securejarhandler-3.0.8.jar:?]
	at cpw.mods.securejarhandler/cpw.mods.cl.ModuleClassLoader.lambda$findClass$20(ModuleClassLoader.java:298) ~[securejarhandler-3.0.8.jar:?]
	at cpw.mods.securejarhandler/cpw.mods.cl.ModuleClassLoader.loadFromModule(ModuleClassLoader.java:311) ~[securejarhandler-3.0.8.jar:?]
	at cpw.mods.securejarhandler/cpw.mods.cl.ModuleClassLoader.findClass(ModuleClassLoader.java:298) ~[securejarhandler-3.0.8.jar:?]
	at java.base/java.lang.ClassLoader.loadClass(ClassLoader.java:638) ~[?:?]
	at java.base/java.lang.Class.forName(Class.java:625) ~[?:?]
	at java.base/java.lang.Class.forName(Class.java:600) ~[?:?]
	at MC-BOOTSTRAP/fml_loader@4.0.37/net.neoforged.fml.loading.ImmediateWindowHandler$DummyProvider.lambda$updateModuleReads$1(ImmediateWindowHandler.java:173) ~[loader-4.0.37.jar%23131!/:4.0]
	at java.base/java.util.Optional.map(Optional.java:260) [?:?]
	at MC-BOOTSTRAP/fml_loader@4.0.37/net.neoforged.fml.loading.ImmediateWindowHandler$DummyProvider.updateModuleReads(ImmediateWindowHandler.java:173) [loader-4.0.37.jar%23131!/:4.0]
	at MC-BOOTSTRAP/fml_loader@4.0.37/net.neoforged.fml.loading.ImmediateWindowHandler.acceptGameLayer(ImmediateWindowHandler.java:94) [loader-4.0.37.jar%23131!/:4.0]
	at MC-BOOTSTRAP/fml_loader@4.0.37/net.neoforged.fml.loading.FMLLoader.beforeStart(FMLLoader.java:160) [loader-4.0.37.jar%23131!/:4.0]
	at MC-BOOTSTRAP/fml_loader@4.0.37/net.neoforged.fml.loading.targets.CommonLaunchHandler.launchService(CommonLaunchHandler.java:115) [loader-4.0.37.jar%23131!/:4.0]
	at MC-BOOTSTRAP/cpw.mods.modlauncher@11.0.4/cpw.mods.modlauncher.LaunchServiceHandlerDecorator.launch(LaunchServiceHandlerDecorator.java:30) [modlauncher-11.0.4.jar%23111!/:?]
	at MC-BOOTSTRAP/cpw.mods.modlauncher@11.0.4/cpw.mods.modlauncher.LaunchServiceHandler.launch(LaunchServiceHandler.java:53) [modlauncher-11.0.4.jar%23111!/:?]
	at MC-BOOTSTRAP/cpw.mods.modlauncher@11.0.4/cpw.mods.modlauncher.LaunchServiceHandler.launch(LaunchServiceHandler.java:71) [modlauncher-11.0.4.jar%23111!/:?]
	at MC-BOOTSTRAP/cpw.mods.modlauncher@11.0.4/cpw.mods.modlauncher.Launcher.run(Launcher.java:103) [modlauncher-11.0.4.jar%23111!/:?]
	at MC-BOOTSTRAP/cpw.mods.modlauncher@11.0.4/cpw.mods.modlauncher.Launcher.main(Launcher.java:74) [modlauncher-11.0.4.jar%23111!/:?]
	at MC-BOOTSTRAP/cpw.mods.modlauncher@11.0.4/cpw.mods.modlauncher.BootstrapLaunchConsumer.accept(BootstrapLaunchConsumer.java:26) [modlauncher-11.0.4.jar%23111!/:?]
	at MC-BOOTSTRAP/cpw.mods.modlauncher@11.0.4/cpw.mods.modlauncher.BootstrapLaunchConsumer.accept(BootstrapLaunchConsumer.java:23) [modlauncher-11.0.4.jar%23111!/:?]
	at cpw.mods.bootstraplauncher@2.0.2/cpw.mods.bootstraplauncher.BootstrapLauncher.run(BootstrapLauncher.java:210) [bootstraplauncher-2.0.2.jar:?]
	at cpw.mods.bootstraplauncher@2.0.2/cpw.mods.bootstraplauncher.BootstrapLauncher.main(BootstrapLauncher.java:69) [bootstraplauncher-2.0.2.jar:?]
[05Mar2025 02:07:32.923] [main/WARN] [mixin/]: Error loading class: journeymap/client/ui/fullscreen/Fullscreen (java.lang.ClassNotFoundException: journeymap.client.ui.fullscreen.Fullscreen)
[05Mar2025 02:07:32.923] [main/TRACE] [mixin/]: Added class metadata for journeymap/client/ui/fullscreen/Fullscreen to metadata cache
[05Mar2025 02:07:32.923] [main/WARN] [mixin/]: @Mixin target journeymap.client.ui.fullscreen.Fullscreen was not found create.mixins.json:compat.journeymap.JourneyFullscreenMapMixin from mod create
[05Mar2025 02:07:32.923] [main/INFO] [mixin/]: Preparing createlowheated.mixins.json (7)
[05Mar2025 02:07:32.935] [main/TRACE] [mixin/]: Added class metadata for com/simibubi/create/content/processing/basin/BasinBlockEntity to metadata cache
[05Mar2025 02:07:32.936] [main/TRACE] [mixin/]: Added class metadata for com/simibubi/create/content/fluids/tank/BoilerHeaters to metadata cache
[05Mar2025 02:07:32.936] [main/TRACE] [mixin/]: Added class metadata for com/simibubi/create/content/processing/recipe/HeatCondition to metadata cache
[05Mar2025 02:07:32.937] [main/TRACE] [mixin/]: Added class metadata for com/simibubi/create/content/processing/burner/BlazeBurnerBlock$HeatLevel to metadata cache
[05Mar2025 02:07:32.938] [main/TRACE] [mixin/]: Added class metadata for com/simibubi/create/content/kinetics/fan/EncasedFanBlockEntity to metadata cache
[05Mar2025 02:07:32.939] [main/TRACE] [mixin/]: Added class metadata for com/simibubi/create/compat/jei/category/BasinCategory to metadata cache
[05Mar2025 02:07:32.940] [main/TRACE] [mixin/]: Added class metadata for com/simibubi/create/compat/jei/category/MixingCategory to metadata cache
[05Mar2025 02:07:32.946] [main/TRACE] [mixin/]: Added class metadata for net/minecraft/world/entity/ai/attributes/AttributeModifier$Operation to metadata cache
[05Mar2025 02:07:32.949] [main/TRACE] [mixin/]: Added class metadata for top/theillusivec4/curios/common/util/EquipCurioTrigger$TriggerInstance to metadata cache
[05Mar2025 02:07:32.949] [main/TRACE] [mixin/]: Added class metadata for net/minecraft/advancements/critereon/ItemPredicate$Builder to metadata cache
[05Mar2025 02:07:32.950] [main/TRACE] [mixin/]: Added class metadata for net/minecraft/advancements/critereon/LocationPredicate$Builder to metadata cache
[05Mar2025 02:07:32.950] [main/TRACE] [mixin/]: Added class metadata for top/theillusivec4/curios/api/SlotPredicate$Builder to metadata cache
[05Mar2025 02:07:32.953] [main/TRACE] [mixin/]: Added class metadata for net/minecraft/world/level/lighting/LayerLightSectionStorage to metadata cache
[05Mar2025 02:07:32.955] [main/TRACE] [mixin/]: Added class metadata for dev/engine_room/flywheel/api/visualization/VisualizationManager$RenderDispatcher to metadata cache
[05Mar2025 02:07:32.956] [main/DEBUG] [net.neoforged.fml.common.asm.RuntimeDistCleaner/DISTXFORM]: Removing Class Annotation: com/mojang/blaze3d/vertex/PoseStack$Pose @Lnet/neoforged/api/distmarker/OnlyIn;
[05Mar2025 02:07:32.956] [main/TRACE] [mixin/]: Added class metadata for com/mojang/blaze3d/vertex/PoseStack$Pose to metadata cache
[05Mar2025 02:07:32.958] [main/TRACE] [mixin/]: Added class metadata for net/minecraft/world/level/storage/LevelStorageSource$LevelStorageAccess to metadata cache
[05Mar2025 02:07:32.960] [main/DEBUG] [net.neoforged.fml.common.asm.RuntimeDistCleaner/DISTXFORM]: Removing Class Annotation: com/mojang/blaze3d/vertex/VertexFormat$Mode @Lnet/neoforged/api/distmarker/OnlyIn;
[05Mar2025 02:07:32.960] [main/TRACE] [mixin/]: Added class metadata for com/mojang/blaze3d/vertex/VertexFormat$Mode to metadata cache
[05Mar2025 02:07:32.961] [main/DEBUG] [net.neoforged.accesstransformer.AccessTransformer/AXFORM]: Transforming net.minecraft.client.renderer.RenderType$CompositeState CLASS to access PUBLIC and LEAVE
[05Mar2025 02:07:32.962] [main/DEBUG] [net.neoforged.fml.common.asm.RuntimeDistCleaner/DISTXFORM]: Removing Class Annotation: net/minecraft/client/renderer/RenderType$CompositeState @Lnet/neoforged/api/distmarker/OnlyIn;
[05Mar2025 02:07:32.962] [main/TRACE] [mixin/]: Added class metadata for net/minecraft/client/renderer/RenderType$CompositeState to metadata cache
[05Mar2025 02:07:32.963] [main/DEBUG] [net.neoforged.accesstransformer.AccessTransformer/AXFORM]: Transforming net.minecraft.client.renderer.RenderType$CompositeRenderType CLASS to access PUBLIC and LEAVE
[05Mar2025 02:07:32.963] [main/DEBUG] [net.neoforged.fml.common.asm.RuntimeDistCleaner/DISTXFORM]: Removing Class Annotation: net/minecraft/client/renderer/RenderType$CompositeRenderType @Lnet/neoforged/api/distmarker/OnlyIn;
[05Mar2025 02:07:32.963] [main/TRACE] [mixin/]: Added class metadata for net/minecraft/client/renderer/RenderType$CompositeRenderType to metadata cache
[05Mar2025 02:07:32.967] [main/TRACE] [mixin/]: Added class metadata for java/lang/invoke/MethodHandles$Lookup to metadata cache
[05Mar2025 02:07:32.969] [main/TRACE] [mixin/]: Added class metadata for org/spongepowered/asm/mixin/injection/At$Shift to metadata cache
[05Mar2025 02:07:32.970] [main/TRACE] [mixin/]: Added class metadata for net/minecraft/core/HolderLookup$Provider to metadata cache
[05Mar2025 02:07:32.971] [main/TRACE] [mixin/]: Added class metadata for net/createmod/catnip/config/ConfigBase$ConfigBool to metadata cache
[05Mar2025 02:07:32.972] [main/TRACE] [mixin/]: Added class metadata for net/minecraft/world/item/enchantment/ItemEnchantments$Mutable to metadata cache
[05Mar2025 02:07:32.973] [main/TRACE] [mixin/]: Added class metadata for com/simibubi/create/AllTags$AllItemTags to metadata cache
[05Mar2025 02:07:32.974] [main/TRACE] [mixin/]: Added class metadata for net/minecraft/core/Direction$Axis to metadata cache
[05Mar2025 02:07:32.975] [main/TRACE] [mixin/]: Added class metadata for net/neoforged/neoforge/fluids/FluidInteractionRegistry$InteractionInformation to metadata cache
[05Mar2025 02:07:32.976] [main/DEBUG] [net.neoforged.accesstransformer.AccessTransformer/AXFORM]: Transforming net.minecraft.data.models.ItemModelGenerators$TrimModelData CLASS to access PUBLIC and LEAVE
[05Mar2025 02:07:32.976] [main/DEBUG] [net.neoforged.accesstransformer.AccessTransformer/AXFORM]: Transforming net.minecraft.data.models.ItemModelGenerators$TrimModelData METHOD <init>(Ljava/lang/String;FLjava/util/Map;)V to access PUBLIC and LEAVE
[05Mar2025 02:07:32.977] [main/TRACE] [mixin/]: Added class metadata for net/minecraft/data/models/ItemModelGenerators$TrimModelData to metadata cache
[05Mar2025 02:07:32.978] [main/TRACE] [mixin/]: Added class metadata for net/minecraft/core/Holder$Reference to metadata cache
[05Mar2025 02:07:32.979] [main/DEBUG] [net.neoforged.accesstransformer.AccessTransformer/AXFORM]: Transforming net.minecraft.world.item.alchemy.PotionBrewing$Mix CLASS to access PUBLIC and LEAVE
[05Mar2025 02:07:32.980] [main/TRACE] [mixin/]: Added class metadata for net/minecraft/world/item/alchemy/PotionBrewing$Mix to metadata cache
[05Mar2025 02:07:32.980] [main/TRACE] [mixin/]: Added class metadata for net/minecraft/world/item/ProjectileItem$DispenseConfig to metadata cache
[05Mar2025 02:07:32.982] [main/TRACE] [mixin/]: Added class metadata for com/simibubi/create/foundation/utility/DataFixerHelper$BlockPosFixer to metadata cache
[05Mar2025 02:07:32.982] [main/TRACE] [mixin/]: Added class metadata for com/mojang/datafixers/DSL$TypeReference to metadata cache
[05Mar2025 02:07:32.983] [main/TRACE] [mixin/]: Added class metadata for com/mojang/datafixers/DataFix to metadata cache
[05Mar2025 02:07:32.984] [main/DEBUG] [net.neoforged.accesstransformer.AccessTransformer/AXFORM]: Transforming net.minecraft.util.datafix.fixes.ItemStackComponentizationFix$ItemStackData CLASS to access PUBLIC and LEAVE
[05Mar2025 02:07:32.985] [main/TRACE] [mixin/]: Added class metadata for net/minecraft/util/datafix/fixes/ItemStackComponentizationFix$ItemStackData to metadata cache
[05Mar2025 02:07:32.986] [main/TRACE] [mixin/]: Added class metadata for com/simibubi/create/content/equipment/clipboard/ClipboardOverrides$ClipboardType to metadata cache
[05Mar2025 02:07:32.987] [main/TRACE] [mixin/]: Added class metadata for net/minecraft/world/level/levelgen/structure/templatesystem/StructureTemplate$StructureBlockInfo to metadata cache
[05Mar2025 02:07:32.988] [main/DEBUG] [net.neoforged.fml.common.asm.RuntimeDistCleaner/DISTXFORM]: Removing Class Annotation: net/minecraft/client/model/HumanoidModel$ArmPose @Lnet/neoforged/api/distmarker/OnlyIn;
[05Mar2025 02:07:32.989] [main/TRACE] [mixin/]: Added class metadata for net/minecraft/client/model/HumanoidModel$ArmPose to metadata cache
[05Mar2025 02:07:32.989] [main/TRACE] [mixin/]: Added class metadata for net/neoforged/neoforge/common/ModConfigSpec$BooleanValue to metadata cache
[05Mar2025 02:07:32.991] [main/TRACE] [mixin/]: Added class metadata for net/neoforged/neoforge/common/ModConfigSpec$IntValue to metadata cache
[05Mar2025 02:07:32.992] [main/TRACE] [mixin/]: Added class metadata for com/simibubi/create/content/kinetics/base/KineticBlockEntity to metadata cache
[05Mar2025 02:07:32.993] [main/TRACE] [mixin/]: Added class metadata for net/createmod/catnip/gui/element/GuiGameElement$GuiRenderBuilder to metadata cache
[05Mar2025 02:07:32.994] [main/DEBUG] [net.neoforged.fml.common.asm.RuntimeDistCleaner/DISTXFORM]: Removing Class Annotation: net/minecraft/client/renderer/MultiBufferSource$BufferSource @Lnet/neoforged/api/distmarker/OnlyIn;
[05Mar2025 02:07:32.994] [main/TRACE] [mixin/]: Added class metadata for net/minecraft/client/renderer/MultiBufferSource$BufferSource to metadata cache
[05Mar2025 02:07:32.996] [main/INFO] [mixin/]: Prepared 115 mixins in 0.719 sec (6.3ms avg) (0ms load, 0ms transform, 0ms plugin)
[05Mar2025 02:07:33.114] [main/DEBUG] [io.netty.util.internal.logging.InternalLoggerFactory/]: Using SLF4J as the default logging framework
[05Mar2025 02:07:33.118] [main/DEBUG] [io.netty.util.ResourceLeakDetector/]: -Dio.netty.leakDetection.level: simple
[05Mar2025 02:07:33.118] [main/DEBUG] [io.netty.util.ResourceLeakDetector/]: -Dio.netty.leakDetection.targetRecords: 4
[05Mar2025 02:07:33.244] [main/INFO] [MixinExtras|Service/]: Initializing MixinExtras via com.llamalad7.mixinextras.service.MixinExtrasServiceImpl(version=0.4.1).
[05Mar2025 02:07:33.246] [main/DEBUG] [mixin/]: Registering new injector for @SugarWrapper with com.llamalad7.mixinextras.sugar.impl.SugarWrapperInjectionInfo
[05Mar2025 02:07:33.247] [main/DEBUG] [mixin/]: Registering new injector for @FactoryRedirectWrapper with com.llamalad7.mixinextras.wrapper.factory.FactoryRedirectWrapperInjectionInfo
[05Mar2025 02:07:33.253] [main/INFO] [mixin/]: Mixing accessor.NbtAccounterAccessor from create.mixins.json into net.minecraft.nbt.NbtAccounter
[05Mar2025 02:07:33.326] [main/INFO] [net.neoforged.neoforge.data.loading.DatagenModLoader/]: Initializing Data Gatherer for mods [createlowheated]
[05Mar2025 02:07:33.332] [main/INFO] [mixin/]: Mixing BuiltInRegistriesMixin from create.mixins.json into net.minecraft.core.registries.BuiltInRegistries
[05Mar2025 02:07:33.338] [main/INFO] [mixin/]: Renaming synthetic method lambda$create$ourRegistriesAreNotEmpty$0(Ljava/util/function/Consumer;Lnet/minecraft/core/Registry;)V to mda82036$create$lambda$create$ourRegistriesAreNotEmpty$0$0 in create.mixins.json:BuiltInRegistriesMixin from mod create
[05Mar2025 02:07:33.427] [main/INFO] [mixin/]: Mixing MappedRegistryAccessor from neoforge.mixins.json into net.minecraft.core.MappedRegistry
[05Mar2025 02:07:33.429] [main/INFO] [mixin/]: Mixing accessor.MappedRegistryAccessor from create.mixins.json into net.minecraft.core.MappedRegistry
[05Mar2025 02:07:33.569] [main/INFO] [mixin/]: Mixing accessor.AbstractRegistrateAccessor from create.mixins.json into com.tterrag.registrate.AbstractRegistrate
[05Mar2025 02:07:33.627] [main/INFO] [mixin/]: Mixing accessor.BlockBehaviourAccessor from create.mixins.json into net.minecraft.world.level.block.state.BlockBehaviour
[05Mar2025 02:07:33.645] [main/INFO] [mixin/]: Mixing EntityTypeMixin from flywheel.impl.mixins.json into net.minecraft.world.entity.EntityType
[05Mar2025 02:07:33.683] [main/INFO] [mixin/]: Mixing PlayerMixin from create.mixins.json into net.minecraft.world.entity.player.Player
[05Mar2025 02:07:33.786] [main/INFO] [mixin/]: Mixing MixinLivingEntity from curios.neoforge.mixins.json into net.minecraft.world.entity.LivingEntity
[05Mar2025 02:07:33.790] [main/INFO] [mixin/]: Mixing CustomItemUseEffectsMixin from create.mixins.json into net.minecraft.world.entity.LivingEntity
[05Mar2025 02:07:33.804] [main/INFO] [mixin/]: Mixing LavaSwimmingMixin from create.mixins.json into net.minecraft.world.entity.LivingEntity
[05Mar2025 02:07:33.822] [main/INFO] [mixin/]: Mixing accessor.LivingEntityAccessor from create.mixins.json into net.minecraft.world.entity.LivingEntity
[05Mar2025 02:07:33.853] [main/DEBUG] [mixin/]: curios.neoforge.mixins.json:MixinLivingEntity from mod curios->@Inject::curio$canFreeze(Lorg/spongepowered/asm/mixin/injection/callback/CallbackInfoReturnable;)V does use it's CallbackInfoReturnable
[05Mar2025 02:07:33.853] [main/DEBUG] [mixin/]: create.mixins.json:CustomItemUseEffectsMixin from mod create->@Inject::create$onShouldTriggerUseEffects(Lorg/spongepowered/asm/mixin/injection/callback/CallbackInfoReturnable;)V does use it's CallbackInfoReturnable
[05Mar2025 02:07:33.853] [main/DEBUG] [mixin/]: create.mixins.json:CustomItemUseEffectsMixin from mod create->@Inject::create$onTriggerUseEffects(Lnet/minecraft/world/item/ItemStack;ILorg/spongepowered/asm/mixin/injection/callback/CallbackInfo;)V does use it's CallbackInfo
[05Mar2025 02:07:33.853] [main/DEBUG] [mixin/]: create.mixins.json:LavaSwimmingMixin from mod create->@Inject::create$onLavaTravel(Lnet/minecraft/world/phys/Vec3;Lorg/spongepowered/asm/mixin/injection/callback/CallbackInfo;)V doesn't use it's CallbackInfo
[05Mar2025 02:07:33.854] [main/DEBUG] [mixin/]: create.mixins.json:LavaSwimmingMixin from mod create->@Inject::create$onLavaTravel(Lnet/minecraft/world/phys/Vec3;Lorg/spongepowered/asm/mixin/injection/callback/CallbackInfo;)V has 0 override(s) in child classes
[05Mar2025 02:07:33.854] [main/DEBUG] [mixin/]: create.mixins.json:LavaSwimmingMixin from mod create->@Inject::create$onLavaTravel(Lnet/minecraft/world/phys/Vec3;Lorg/spongepowered/asm/mixin/injection/callback/CallbackInfo;)V won't be passed a CallbackInfo as a result
[05Mar2025 02:07:33.902] [main/INFO] [mixin/]: Mixing AccessorEntity from curios.mixins.json into net.minecraft.world.entity.Entity
[05Mar2025 02:07:33.902] [main/INFO] [mixin/]: Mixing accessor.EntityAccessor from ponder.mixins.json into net.minecraft.world.entity.Entity
[05Mar2025 02:07:33.903] [main/WARN] [mixin/]: ponder.mixins.json:accessor.EntityAccessor from mod ponder: Class version 65 required is higher than the class version supported by the current version of Mixin (JAVA_17 supports class version 61)
[05Mar2025 02:07:33.903] [main/INFO] [mixin/]: Mixing EntityMixin from create.mixins.json into net.minecraft.world.entity.Entity
[05Mar2025 02:07:33.906] [main/INFO] [mixin/]: Mixing client.EntityContraptionInteractionMixin from create.mixins.json into net.minecraft.world.entity.Entity
[05Mar2025 02:07:33.908] [main/INFO] [mixin/]: Renaming synthetic method lambda$create$onSpawnSprintParticle$4(Lnet/minecraft/world/entity/Entity;Lnet/minecraft/core/BlockPos;Lcom/simibubi/create/content/contraptions/Contraption;Lnet/minecraft/world/level/block/state/BlockState;Lnet/minecraft/core/BlockPos;)V to mda82036$create$lambda$create$onSpawnSprintParticle$4$0 in create.mixins.json:client.EntityContraptionInteractionMixin from mod create
[05Mar2025 02:07:33.909] [main/INFO] [mixin/]: Renaming synthetic method lambda$create$onMove$3(Lnet/minecraft/world/phys/Vec3;Lnet/minecraft/world/entity/Entity;Lcom/simibubi/create/content/contraptions/AbstractContraptionEntity;)Z to mda82036$create$lambda$create$onMove$3$1 in create.mixins.json:client.EntityContraptionInteractionMixin from mod create
[05Mar2025 02:07:33.909] [main/INFO] [mixin/]: Renaming synthetic method lambda$create$contraptionStepSounds$2(Lorg/apache/commons/lang3/mutable/MutableBoolean;Lcom/simibubi/create/content/contraptions/Contraption;Lnet/minecraft/world/level/block/state/BlockState;Lnet/minecraft/core/BlockPos;)V to mda82036$create$lambda$create$contraptionStepSounds$2$2 in create.mixins.json:client.EntityContraptionInteractionMixin from mod create
[05Mar2025 02:07:33.909] [main/INFO] [mixin/]: Renaming synthetic method lambda$create$forCollision$1(Lnet/minecraft/world/phys/Vec3;Lorg/apache/logging/log4j/util/TriConsumer;Lcom/simibubi/create/content/contraptions/AbstractContraptionEntity;)V to mda82036$create$lambda$create$forCollision$1$3 in create.mixins.json:client.EntityContraptionInteractionMixin from mod create
[05Mar2025 02:07:33.909] [main/INFO] [mixin/]: Renaming synthetic method lambda$create$getIntersectionContraptionsStream$0(Lcom/simibubi/create/content/contraptions/AbstractContraptionEntity;)Z to mda82036$create$lambda$create$getIntersectionContraptionsStream$0$4 in create.mixins.json:client.EntityContraptionInteractionMixin from mod create
[05Mar2025 02:07:34.003] [main/DEBUG] [mixin/]: create.mixins.json:client.EntityContraptionInteractionMixin from mod create->@Inject::create$contraptionStepSounds(Lnet/minecraft/world/entity/MoverType;Lnet/minecraft/world/phys/Vec3;Lorg/spongepowered/asm/mixin/injection/callback/CallbackInfo;)V doesn't use it's CallbackInfo
[05Mar2025 02:07:34.003] [main/DEBUG] [mixin/]: create.mixins.json:client.EntityContraptionInteractionMixin from mod create->@Inject::create$contraptionStepSounds(Lnet/minecraft/world/entity/MoverType;Lnet/minecraft/world/phys/Vec3;Lorg/spongepowered/asm/mixin/injection/callback/CallbackInfo;)V has 0 override(s) in child classes
[05Mar2025 02:07:34.003] [main/DEBUG] [mixin/]: create.mixins.json:client.EntityContraptionInteractionMixin from mod create->@Inject::create$contraptionStepSounds(Lnet/minecraft/world/entity/MoverType;Lnet/minecraft/world/phys/Vec3;Lorg/spongepowered/asm/mixin/injection/callback/CallbackInfo;)V won't be passed a CallbackInfo as a result
[05Mar2025 02:07:34.003] [main/DEBUG] [mixin/]: create.mixins.json:client.EntityContraptionInteractionMixin from mod create->@Inject::create$onMove(Lnet/minecraft/world/entity/MoverType;Lnet/minecraft/world/phys/Vec3;Lorg/spongepowered/asm/mixin/injection/callback/CallbackInfo;)V doesn't use it's CallbackInfo
[05Mar2025 02:07:34.003] [main/DEBUG] [mixin/]: create.mixins.json:client.EntityContraptionInteractionMixin from mod create->@Inject::create$onMove(Lnet/minecraft/world/entity/MoverType;Lnet/minecraft/world/phys/Vec3;Lorg/spongepowered/asm/mixin/injection/callback/CallbackInfo;)V has 0 override(s) in child classes
[05Mar2025 02:07:34.003] [main/DEBUG] [mixin/]: create.mixins.json:client.EntityContraptionInteractionMixin from mod create->@Inject::create$onMove(Lnet/minecraft/world/entity/MoverType;Lnet/minecraft/world/phys/Vec3;Lorg/spongepowered/asm/mixin/injection/callback/CallbackInfo;)V won't be passed a CallbackInfo as a result
[05Mar2025 02:07:34.003] [main/DEBUG] [mixin/]: create.mixins.json:client.EntityContraptionInteractionMixin from mod create->@Inject::create$onSpawnSprintParticle(Lorg/spongepowered/asm/mixin/injection/callback/CallbackInfo;)V doesn't use it's CallbackInfo
[05Mar2025 02:07:34.003] [main/DEBUG] [mixin/]: create.mixins.json:client.EntityContraptionInteractionMixin from mod create->@Inject::create$onSpawnSprintParticle(Lorg/spongepowered/asm/mixin/injection/callback/CallbackInfo;)V has 0 override(s) in child classes
[05Mar2025 02:07:34.004] [main/DEBUG] [mixin/]: create.mixins.json:client.EntityContraptionInteractionMixin from mod create->@Inject::create$onSpawnSprintParticle(Lorg/spongepowered/asm/mixin/injection/callback/CallbackInfo;)V won't be passed a CallbackInfo as a result
[05Mar2025 02:07:34.066] [main/DEBUG] [io.netty.util.internal.PlatformDependent0/]: -Dio.netty.noUnsafe: false
[05Mar2025 02:07:34.066] [main/DEBUG] [io.netty.util.internal.PlatformDependent0/]: Java version: 21
[05Mar2025 02:07:34.067] [main/DEBUG] [io.netty.util.internal.PlatformDependent0/]: sun.misc.Unsafe.theUnsafe: available
[05Mar2025 02:07:34.067] [main/DEBUG] [io.netty.util.internal.PlatformDependent0/]: sun.misc.Unsafe.copyMemory: available
[05Mar2025 02:07:34.068] [main/DEBUG] [io.netty.util.internal.PlatformDependent0/]: sun.misc.Unsafe.storeFence: available
[05Mar2025 02:07:34.068] [main/DEBUG] [io.netty.util.internal.PlatformDependent0/]: java.nio.Buffer.address: available
[05Mar2025 02:07:34.069] [main/DEBUG] [io.netty.util.internal.PlatformDependent0/]: java.nio.Bits.unaligned: available, true
[05Mar2025 02:07:34.071] [main/DEBUG] [io.netty.util.internal.PlatformDependent0/]: java.nio.DirectByteBuffer.<init>(long, {int,long}): unavailable
[05Mar2025 02:07:34.072] [main/DEBUG] [io.netty.util.internal.PlatformDependent/]: sun.misc.Unsafe: available
[05Mar2025 02:07:34.072] [main/DEBUG] [io.netty.util.internal.PlatformDependent/]: maxDirectMemory: 2573205504 bytes (maybe)
[05Mar2025 02:07:34.072] [main/DEBUG] [io.netty.util.internal.PlatformDependent/]: -Dio.netty.tmpdir: /tmp (java.io.tmpdir)
[05Mar2025 02:07:34.073] [main/DEBUG] [io.netty.util.internal.PlatformDependent/]: -Dio.netty.bitMode: 64 (sun.arch.data.model)
[05Mar2025 02:07:34.073] [main/DEBUG] [io.netty.util.internal.PlatformDependent/]: -Dio.netty.maxDirectMemory: -1 bytes
[05Mar2025 02:07:34.073] [main/DEBUG] [io.netty.util.internal.PlatformDependent/]: -Dio.netty.uninitializedArrayAllocationThreshold: -1
[05Mar2025 02:07:34.075] [main/DEBUG] [io.netty.util.internal.CleanerJava9/]: java.nio.ByteBuffer.cleaner(): available
[05Mar2025 02:07:34.075] [main/DEBUG] [io.netty.util.internal.PlatformDependent/]: -Dio.netty.noPreferDirect: false
[05Mar2025 02:07:34.083] [main/INFO] [mixin/]: Mixing accessor.StateHolderAccessor from create.mixins.json into net.minecraft.world.level.block.state.StateHolder
[05Mar2025 02:07:34.111] [main/INFO] [mixin/]: Mixing LevelMixin from flywheel.impl.mixins.json into net.minecraft.world.level.Level
[05Mar2025 02:07:34.124] [main/INFO] [mixin/]: Mixing accessor.ServerLevelAccessor from create.mixins.json into net.minecraft.server.level.ServerLevel
[05Mar2025 02:07:34.342] [main/INFO] [mixin/]: Mixing accessor.DispenserBlockAccessor from create.mixins.json into net.minecraft.world.level.block.DispenserBlock
[05Mar2025 02:07:34.540] [main/INFO] [mixin/]: Mixing MixinPowderSnowBlock from curios.neoforge.mixins.json into net.minecraft.world.level.block.PowderSnowBlock
[05Mar2025 02:07:34.545] [main/DEBUG] [mixin/]: curios.neoforge.mixins.json:MixinPowderSnowBlock from mod curios->@Inject::curios$canEntityWalkOnPowderSnow(Lnet/minecraft/world/entity/Entity;Lorg/spongepowered/asm/mixin/injection/callback/CallbackInfoReturnable;)V does use it's CallbackInfoReturnable
[05Mar2025 02:07:34.545] [main/DEBUG] [mixin/]: curios.neoforge.mixins.json:MixinPowderSnowBlock from mod curios->@Inject::curios$canEntityWalkOnPowderSnow(Lnet/minecraft/world/entity/Entity;Lorg/spongepowered/asm/mixin/injection/callback/CallbackInfoReturnable;)V does use it's CallbackInfoReturnable
[05Mar2025 02:07:34.575] [main/INFO] [mixin/]: Mixing ShulkerBoxBlockMixin from create.mixins.json into net.minecraft.world.level.block.ShulkerBoxBlock
[05Mar2025 02:07:34.633] [main/INFO] [mixin/]: Mixing WaterWheelFluidSpreadMixin from create.mixins.json into net.minecraft.world.level.material.FlowingFluid
[05Mar2025 02:07:34.649] [main/INFO] [mixin/]: Mixing accessor.FlowingFluidAccessor from create.mixins.json into net.minecraft.world.level.material.FlowingFluid
[05Mar2025 02:07:34.654] [main/DEBUG] [mixin/]: create.mixins.json:WaterWheelFluidSpreadMixin from mod create->@Inject::create$canPassThroughOnWaterWheel(Lnet/minecraft/world/level/BlockGetter;Lnet/minecraft/world/level/material/Fluid;Lnet/minecraft/core/BlockPos;Lnet/minecraft/world/level/block/state/BlockState;Lnet/minecraft/core/Direction;Lnet/minecraft/core/BlockPos;Lnet/minecraft/world/level/block/state/BlockState;Lnet/minecraft/world/level/material/FluidState;Lorg/spongepowered/asm/mixin/injection/callback/CallbackInfoReturnable;)V does use it's CallbackInfoReturnable
[05Mar2025 02:07:34.721] [main/INFO] [mixin/]: Mixing visualmanage.BlockEntityMixin from flywheel.impl.mixins.json into net.minecraft.world.level.block.entity.BlockEntity
[05Mar2025 02:07:34.724] [main/DEBUG] [mixin/]: flywheel.impl.mixins.json:visualmanage.BlockEntityMixin from mod flywheel->@Inject::flywheel$removeVisual(Lorg/spongepowered/asm/mixin/injection/callback/CallbackInfo;)V doesn't use it's CallbackInfo
[05Mar2025 02:07:34.725] [main/DEBUG] [mixin/]: flywheel.impl.mixins.json:visualmanage.BlockEntityMixin from mod flywheel->@Inject::flywheel$removeVisual(Lorg/spongepowered/asm/mixin/injection/callback/CallbackInfo;)V has 0 override(s) in child classes
[05Mar2025 02:07:34.725] [main/DEBUG] [mixin/]: flywheel.impl.mixins.json:visualmanage.BlockEntityMixin from mod flywheel->@Inject::flywheel$removeVisual(Lorg/spongepowered/asm/mixin/injection/callback/CallbackInfo;)V won't be passed a CallbackInfo as a result
[05Mar2025 02:07:34.729] [main/INFO] [mixin/]: Mixing accessor.FallingBlockEntityAccessor from create.mixins.json into net.minecraft.world.entity.item.FallingBlockEntity
[05Mar2025 02:07:34.729] [main/INFO] [mixin/]: Renaming @Invoker method create$callInit(Lnet/minecraft/world/level/Level;DDDLnet/minecraft/world/level/block/state/BlockState;)Lnet/minecraft/world/entity/item/FallingBlockEntity; to callInit$create_$md$a82036$0 in create.mixins.json:accessor.FallingBlockEntityAccessor from mod create
[05Mar2025 02:07:34.936] [main/INFO] [mixin/]: Mixing accessor.MobEffectInstanceAccessor from create.mixins.json into net.minecraft.world.effect.MobEffectInstance
[05Mar2025 02:07:34.965] [main/INFO] [mixin/]: Mixing MobMixin from create.mixins.json into net.minecraft.world.entity.Mob
[05Mar2025 02:07:35.029] [main/INFO] [mixin/]: Mixing BlockEntityTypeMixin from flywheel.impl.mixins.json into net.minecraft.world.level.block.entity.BlockEntityType
[05Mar2025 02:07:35.031] [main/INFO] [mixin/]: Mixing BlockEntityTypeAccessor from neoforge.mixins.json into net.minecraft.world.level.block.entity.BlockEntityType
[05Mar2025 02:07:35.443] [main/INFO] [mixin/]: Mixing SmithingMenuMixin from create.mixins.json into net.minecraft.world.inventory.SmithingMenu
[05Mar2025 02:07:35.446] [main/INFO] [mixin/]: Renaming synthetic method lambda$create$preventUnbreakingOnBacktanks$0(Lnet/minecraft/world/item/ItemStack;Lnet/minecraft/core/Holder;)Z to mda82036$create$lambda$create$preventUnbreakingOnBacktanks$0$0 in create.mixins.json:SmithingMenuMixin from mod create
[05Mar2025 02:07:35.452] [main/DEBUG] [mixin/]: create.mixins.json:SmithingMenuMixin from mod create->@Inject::create$awardAdvancementWhenTrimmingCardboardArmor(Lnet/minecraft/world/entity/player/Player;Lnet/minecraft/world/item/ItemStack;Lorg/spongepowered/asm/mixin/injection/callback/CallbackInfo;)V doesn't use it's CallbackInfo
[05Mar2025 02:07:35.453] [main/DEBUG] [mixin/]: create.mixins.json:SmithingMenuMixin from mod create->@Inject::create$awardAdvancementWhenTrimmingCardboardArmor(Lnet/minecraft/world/entity/player/Player;Lnet/minecraft/world/item/ItemStack;Lorg/spongepowered/asm/mixin/injection/callback/CallbackInfo;)V has 0 override(s) in child classes
[05Mar2025 02:07:35.453] [main/DEBUG] [mixin/]: create.mixins.json:SmithingMenuMixin from mod create->@Inject::create$awardAdvancementWhenTrimmingCardboardArmor(Lnet/minecraft/world/entity/player/Player;Lnet/minecraft/world/item/ItemStack;Lorg/spongepowered/asm/mixin/injection/callback/CallbackInfo;)V won't be passed a CallbackInfo as a result
[05Mar2025 02:07:36.118] [main/INFO] [mixin/]: Mixing BlockItemMixin from create.mixins.json into net.minecraft.world.item.BlockItem
[05Mar2025 02:07:36.121] [main/DEBUG] [mixin/]: create.mixins.json:BlockItemMixin from mod create->@Inject::create$fixDeployerPlacement(Lnet/minecraft/world/item/context/BlockPlaceContext;Lorg/spongepowered/asm/mixin/injection/callback/CallbackInfoReturnable;)V does use it's CallbackInfoReturnable
[05Mar2025 02:07:36.238] [main/INFO] [mixin/]: Mixing MixinNbtPredicate from curios.neoforge.mixins.json into net.minecraft.advancements.critereon.NbtPredicate
[05Mar2025 02:07:36.291] [main/INFO] [mixin/]: Mixing ArmorTrimMixin from create.mixins.json into net.minecraft.world.item.armortrim.ArmorTrim
[05Mar2025 02:07:36.292] [main/INFO] [mixin/]: Renaming synthetic method lambda$new$0(Ljava/lang/Boolean;Lnet/minecraft/core/Holder;)Lnet/minecraft/resources/ResourceLocation; to mda82036$create$lambda$new$0$0 in create.mixins.json:ArmorTrimMixin from mod create
[05Mar2025 02:07:36.299] [main/DEBUG] [mixin/]: create.mixins.json:ArmorTrimMixin from mod create->@Inject::create$swapTexturesForCardboardTrimsInner(Lnet/minecraft/core/Holder;Lorg/spongepowered/asm/mixin/injection/callback/CallbackInfoReturnable;)V does use it's CallbackInfoReturnable
[05Mar2025 02:07:36.299] [main/DEBUG] [mixin/]: create.mixins.json:ArmorTrimMixin from mod create->@Inject::create$swapTexturesForCardboardTrimsOuter(Lnet/minecraft/core/Holder;Lorg/spongepowered/asm/mixin/injection/callback/CallbackInfoReturnable;)V does use it's CallbackInfoReturnable
[05Mar2025 02:07:36.323] [main/INFO] [mixin/]: Mixing visualmanage.LevelChunkMixin from flywheel.impl.mixins.json into net.minecraft.world.level.chunk.LevelChunk
[05Mar2025 02:07:36.326] [main/DEBUG] [mixin/]: flywheel.impl.mixins.json:visualmanage.LevelChunkMixin from mod flywheel->@Inject::flywheel$onBlockEntityAdded(Lnet/minecraft/world/level/block/entity/BlockEntity;Lorg/spongepowered/asm/mixin/injection/callback/CallbackInfo;)V doesn't use it's CallbackInfo
[05Mar2025 02:07:36.326] [main/DEBUG] [mixin/]: flywheel.impl.mixins.json:visualmanage.LevelChunkMixin from mod flywheel->@Inject::flywheel$onBlockEntityAdded(Lnet/minecraft/world/level/block/entity/BlockEntity;Lorg/spongepowered/asm/mixin/injection/callback/CallbackInfo;)V has 0 override(s) in child classes
[05Mar2025 02:07:36.326] [main/DEBUG] [mixin/]: flywheel.impl.mixins.json:visualmanage.LevelChunkMixin from mod flywheel->@Inject::flywheel$onBlockEntityAdded(Lnet/minecraft/world/level/block/entity/BlockEntity;Lorg/spongepowered/asm/mixin/injection/callback/CallbackInfo;)V won't be passed a CallbackInfo as a result
[05Mar2025 02:07:36.376] [main/INFO] [mixin/]: Mixing accessor.UseOnContextAccessor from create.mixins.json into net.minecraft.world.item.context.UseOnContext
[05Mar2025 02:07:36.497] [main/INFO] [mixin/]: Mixing datafixer.BlockPosFormatAndRenamesFixMixin from create.mixins.json into net.minecraft.util.datafix.fixes.BlockPosFormatAndRenamesFix
[05Mar2025 02:07:36.497] [main/INFO] [mixin/]: Renaming synthetic method lambda$create$addFixers$2(Lcom/mojang/datafixers/OpticFinder;Lcom/simibubi/create/foundation/utility/DataFixerHelper$BlockPosFixer;Lcom/mojang/datafixers/Typed;)Lcom/mojang/datafixers/Typed; to mda82036$create$lambda$create$addFixers$2$0 in create.mixins.json:datafixer.BlockPosFormatAndRenamesFixMixin from mod create
[05Mar2025 02:07:36.498] [main/INFO] [mixin/]: Renaming synthetic method lambda$create$addFixers$1(Lcom/simibubi/create/foundation/utility/DataFixerHelper$BlockPosFixer;Lcom/mojang/datafixers/Typed;)Lcom/mojang/datafixers/Typed; to mda82036$create$lambda$create$addFixers$1$1 in create.mixins.json:datafixer.BlockPosFormatAndRenamesFixMixin from mod create
[05Mar2025 02:07:36.498] [main/INFO] [mixin/]: Renaming synthetic method lambda$create$addFixers$0(Lcom/simibubi/create/foundation/utility/DataFixerHelper$BlockPosFixer;Lcom/mojang/serialization/Dynamic;)Lcom/mojang/serialization/Dynamic; to mda82036$create$lambda$create$addFixers$0$2 in create.mixins.json:datafixer.BlockPosFormatAndRenamesFixMixin from mod create
[05Mar2025 02:07:36.506] [main/DEBUG] [mixin/]: create.mixins.json:datafixer.BlockPosFormatAndRenamesFixMixin from mod create->@Inject::create$addFixers(Lorg/spongepowered/asm/mixin/injection/callback/CallbackInfoReturnable;)V doesn't use it's CallbackInfoReturnable
[05Mar2025 02:07:36.506] [main/DEBUG] [mixin/]: create.mixins.json:datafixer.BlockPosFormatAndRenamesFixMixin from mod create->@Inject::create$addFixers(Lorg/spongepowered/asm/mixin/injection/callback/CallbackInfoReturnable;)V has 0 override(s) in child classes
[05Mar2025 02:07:36.506] [main/DEBUG] [mixin/]: create.mixins.json:datafixer.BlockPosFormatAndRenamesFixMixin from mod create->@Inject::create$addFixers(Lorg/spongepowered/asm/mixin/injection/callback/CallbackInfoReturnable;)V won't be passed a CallbackInfoReturnable as a result
[05Mar2025 02:07:36.511] [main/INFO] [mixin/]: Mixing datafixer.ItemStackComponentizationFixMixin from create.mixins.json into net.minecraft.util.datafix.fixes.ItemStackComponentizationFix
[05Mar2025 02:07:36.511] [main/INFO] [mixin/]: Renaming synthetic method lambda$create$moveItemStackHandlerToItemContainerContents$4(Lcom/mojang/serialization/Dynamic;Lnet/minecraft/util/datafix/fixes/ItemStackComponentizationFix$ItemStackData;Ljava/lang/String;Lcom/mojang/serialization/Dynamic;)V to mda82036$create$lambda$create$moveItemStackHandlerToItemContainerContents$4$0 in create.mixins.json:datafixer.ItemStackComponentizationFixMixin from mod create
[05Mar2025 02:07:36.511] [main/INFO] [mixin/]: Renaming synthetic method lambda$create$moveItemStackHandlerToItemContainerContents$3(Lcom/mojang/serialization/Dynamic;Ljava/util/List;Lcom/mojang/serialization/Dynamic;)V to mda82036$create$lambda$create$moveItemStackHandlerToItemContainerContents$3$1 in create.mixins.json:datafixer.ItemStackComponentizationFixMixin from mod create
[05Mar2025 02:07:36.511] [main/INFO] [mixin/]: Renaming synthetic method lambda$create$moveTagToEnumComponent$2([Ljava/lang/Enum;Lnet/minecraft/util/datafix/fixes/ItemStackComponentizationFix$ItemStackData;Ljava/lang/String;Lcom/mojang/serialization/Dynamic;)V to mda82036$create$lambda$create$moveTagToEnumComponent$2$2 in create.mixins.json:datafixer.ItemStackComponentizationFixMixin from mod create
[05Mar2025 02:07:36.512] [main/INFO] [mixin/]: Renaming synthetic method lambda$create$fixItemsAndTranslateNBTIntoComponents$1(Lnet/minecraft/util/datafix/fixes/ItemStackComponentizationFix$ItemStackData;Lcom/mojang/serialization/Dynamic;)V to mda82036$create$lambda$create$fixItemsAndTranslateNBTIntoComponents$1$3 in create.mixins.json:datafixer.ItemStackComponentizationFixMixin from mod create
[05Mar2025 02:07:36.512] [main/INFO] [mixin/]: Renaming synthetic method lambda$create$fixItemsAndTranslateNBTIntoComponents$0(Lcom/mojang/serialization/Dynamic;Lnet/minecraft/util/datafix/fixes/ItemStackComponentizationFix$ItemStackData;Lcom/mojang/serialization/Dynamic;)V to mda82036$create$lambda$create$fixItemsAndTranslateNBTIntoComponents$0$4 in create.mixins.json:datafixer.ItemStackComponentizationFixMixin from mod create
[05Mar2025 02:07:36.530] [main/DEBUG] [mixin/]: create.mixins.json:datafixer.ItemStackComponentizationFixMixin from mod create->@Inject::create$fixItemsAndTranslateNBTIntoComponents(Lnet/minecraft/util/datafix/fixes/ItemStackComponentizationFix$ItemStackData;Lcom/mojang/serialization/Dynamic;Lorg/spongepowered/asm/mixin/injection/callback/CallbackInfo;)V doesn't use it's CallbackInfo
[05Mar2025 02:07:36.796] [main/INFO] [mixin/]: Mixing MixinV1460 from curios.neoforge.mixins.json into net.minecraft.util.datafix.schemas.V1460
[05Mar2025 02:07:36.797] [main/INFO] [mixin/]: Mixing datafixer.V1460Mixin from create.mixins.json into net.minecraft.util.datafix.schemas.V1460
[05Mar2025 02:07:36.800] [main/DEBUG] [mixin/]: curios.neoforge.mixins.json:MixinV1460 from mod curios->@Inject::captureSchema(Lcom/mojang/datafixers/schemas/Schema;Ljava/util/Map;Ljava/util/Map;Lorg/spongepowered/asm/mixin/injection/callback/CallbackInfo;)V doesn't use it's CallbackInfo
[05Mar2025 02:07:36.800] [main/DEBUG] [mixin/]: curios.neoforge.mixins.json:MixinV1460 from mod curios->@Inject::captureSchema(Lcom/mojang/datafixers/schemas/Schema;Ljava/util/Map;Ljava/util/Map;Lorg/spongepowered/asm/mixin/injection/callback/CallbackInfo;)V has 0 override(s) in child classes
[05Mar2025 02:07:36.800] [main/DEBUG] [mixin/]: curios.neoforge.mixins.json:MixinV1460 from mod curios->@Inject::captureSchema(Lcom/mojang/datafixers/schemas/Schema;Ljava/util/Map;Ljava/util/Map;Lorg/spongepowered/asm/mixin/injection/callback/CallbackInfo;)V won't be passed a CallbackInfo as a result
[05Mar2025 02:07:36.801] [main/DEBUG] [mixin/]: create.mixins.json:datafixer.V1460Mixin from mod create->@Inject::create$registerEntitiesToBeFixed(Lcom/mojang/datafixers/schemas/Schema;Lorg/spongepowered/asm/mixin/injection/callback/CallbackInfoReturnable;)V does use it's CallbackInfoReturnable
[05Mar2025 02:07:36.801] [main/DEBUG] [mixin/]: create.mixins.json:datafixer.V1460Mixin from mod create->@Inject::create$registerBlockEntitiesToBeFixed(Lcom/mojang/datafixers/schemas/Schema;Lorg/spongepowered/asm/mixin/injection/callback/CallbackInfoReturnable;)V does use it's CallbackInfoReturnable
[05Mar2025 02:07:37.139] [main/INFO] [mixin/]: Mixing accessor.MinecartFurnaceAccessor from create.mixins.json into net.minecraft.world.entity.vehicle.MinecartFurnace
[05Mar2025 02:07:37.863] [main/INFO] [mixin/]: Mixing accessor.ProjectileDispenseBehaviorAccessor from create.mixins.json into net.minecraft.core.dispenser.ProjectileDispenseBehavior
[05Mar2025 02:07:37.921] [main/INFO] [mixin/]: Mixing MixinInventory from curios.neoforge.mixins.json into net.minecraft.world.entity.player.Inventory
[05Mar2025 02:07:37.923] [main/DEBUG] [mixin/]: curios.neoforge.mixins.json:MixinInventory from mod curios->@Inject::curios$containsStack(Lnet/minecraft/world/item/ItemStack;Lorg/spongepowered/asm/mixin/injection/callback/CallbackInfoReturnable;)V does use it's CallbackInfoReturnable
[05Mar2025 02:07:37.923] [main/DEBUG] [mixin/]: curios.neoforge.mixins.json:MixinInventory from mod curios->@Inject::curios$containsTag(Lnet/minecraft/tags/TagKey;Lorg/spongepowered/asm/mixin/injection/callback/CallbackInfoReturnable;)V does use it's CallbackInfoReturnable
[05Mar2025 02:07:37.937] [main/INFO] [mixin/]: Mixing accessor.ShapedRecipeAccessor from create.mixins.json into net.minecraft.world.item.crafting.ShapedRecipe
[05Mar2025 02:07:37.968] [main/INFO] [mixin/]: Mixing SmithingTrimRecipeMixin from create.mixins.json into net.minecraft.world.item.crafting.SmithingTrimRecipe
[05Mar2025 02:07:38.047] [main/INFO] [mixin/]: Mixing MixinEnchantedCountIncreaseFunction from curios.neoforge.mixins.json into net.minecraft.world.level.storage.loot.functions.EnchantedCountIncreaseFunction
[05Mar2025 02:07:38.048] [main/INFO] [mixin/]: Mixing EnchantedCountIncreaseFunctionMixin from create.mixins.json into net.minecraft.world.level.storage.loot.functions.EnchantedCountIncreaseFunction
[05Mar2025 02:07:38.053] [main/DEBUG] [mixin/]: create.mixins.json:EnchantedCountIncreaseFunctionMixin from mod create->@Inject::fireWithoutAttackingEntity(Lnet/minecraft/world/item/ItemStack;Lnet/minecraft/world/level/storage/loot/LootContext;Lorg/spongepowered/asm/mixin/injection/callback/CallbackInfoReturnable;)V doesn't use it's CallbackInfoReturnable
[05Mar2025 02:07:38.053] [main/DEBUG] [mixin/]: create.mixins.json:EnchantedCountIncreaseFunctionMixin from mod create->@Inject::fireWithoutAttackingEntity(Lnet/minecraft/world/item/ItemStack;Lnet/minecraft/world/level/storage/loot/LootContext;Lorg/spongepowered/asm/mixin/injection/callback/CallbackInfoReturnable;)V has 0 override(s) in child classes
[05Mar2025 02:07:38.053] [main/DEBUG] [mixin/]: create.mixins.json:EnchantedCountIncreaseFunctionMixin from mod create->@Inject::fireWithoutAttackingEntity(Lnet/minecraft/world/item/ItemStack;Lnet/minecraft/world/level/storage/loot/LootContext;Lorg/spongepowered/asm/mixin/injection/callback/CallbackInfoReturnable;)V won't be passed a CallbackInfoReturnable as a result
[05Mar2025 02:07:38.077] [main/INFO] [mixin/]: Mixing MixinApplyBonusCount from curios.neoforge.mixins.json into net.minecraft.world.level.storage.loot.functions.ApplyBonusCount
[05Mar2025 02:07:38.632] [main/DEBUG] [net.neoforged.neoforge.registries.GameData/REGISTRIES]: Creating vanilla freeze snapshot
[05Mar2025 02:07:38.654] [main/DEBUG] [net.neoforged.neoforge.registries.GameData/REGISTRIES]: Vanilla freeze snapshot created
[05Mar2025 02:07:38.656] [main/DEBUG] [net.neoforged.fml.ModWorkManager/LOADING]: Using 12 threads for parallel mod-loading
[05Mar2025 02:07:38.665] [main/DEBUG] [net.neoforged.fml.javafmlmod.FMLModContainer/LOADING]: Creating FMLModContainer instance for [zeh.createlowheated.CreateLowHeated]
[05Mar2025 02:07:38.669] [main/DEBUG] [net.neoforged.fml.javafmlmod.FMLModContainer/LOADING]: Creating FMLModContainer instance for [top.theillusivec4.curios.Curios]
[05Mar2025 02:07:38.671] [main/DEBUG] [net.neoforged.fml.javafmlmod.FMLModContainer/LOADING]: Creating FMLModContainer instance for [dev.engine_room.flywheel.impl.FlywheelNeoForge]
[05Mar2025 02:07:38.672] [main/DEBUG] [net.neoforged.fml.javafmlmod.FMLModContainer/LOADING]: Creating FMLModContainer instance for [net.createmod.ponder.NeoForgePonder, net.createmod.ponder.NeoForgePonderClient]
[05Mar2025 02:07:38.673] [main/DEBUG] [net.neoforged.fml.javafmlmod.FMLModContainer/LOADING]: Creating FMLModContainer instance for [com.simibubi.create.Create, com.simibubi.create.CreateClient]
[05Mar2025 02:07:38.674] [main/DEBUG] [net.neoforged.fml.javafmlmod.FMLModContainer/LOADING]: Creating FMLModContainer instance for [net.neoforged.neoforge.common.NeoForgeMod, net.neoforged.neoforge.client.ClientNeoForgeMod]
[05Mar2025 02:07:38.676] [main/DEBUG] [net.neoforged.fml.javafmlmod.FMLModContainer/LOADING]: Creating FMLModContainer instance for [mezz.jei.neoforge.JustEnoughItems]
[05Mar2025 02:07:38.707] [modloading-worker-0/DEBUG] [net.neoforged.neoforge.internal.versions.neoforge.NeoForgeVersion/CORE]: Found NeoForge version 21.1.125
[05Mar2025 02:07:38.708] [modloading-worker-0/DEBUG] [net.neoforged.neoforge.internal.versions.neoforge.NeoForgeVersion/CORE]: Found FML version 4.0.37
[05Mar2025 02:07:38.708] [modloading-worker-0/DEBUG] [net.neoforged.fml.config.ConfigTracker/CONFIG]: Config file curios-client.toml for curios tracking
[05Mar2025 02:07:38.708] [modloading-worker-0/DEBUG] [net.neoforged.fml.config.ConfigTracker/CONFIG]: Config file flywheel-client.toml for flywheel tracking
[05Mar2025 02:07:38.708] [modloading-worker-0/INFO] [net.neoforged.neoforge.common.NeoForgeMod/NEOFORGE-MOD]: NeoForge mod loading, version 21.1.125, for MC 1.21.1
[05Mar2025 02:07:38.708] [modloading-worker-0/DEBUG] [net.neoforged.fml.config.ConfigTracker/CONFIG]: Config file jei-server.toml for jei tracking
[05Mar2025 02:07:38.711] [modloading-worker-0/DEBUG] [net.neoforged.fml.config.ConfigTracker/CONFIG]: Config file curios-common.toml for curios tracking
[05Mar2025 02:07:38.711] [modloading-worker-0/DEBUG] [net.neoforged.fml.config.ConfigTracker/CONFIG]: Config file curios-server.toml for curios tracking
[05Mar2025 02:07:38.711] [modloading-worker-0/DEBUG] [net.neoforged.fml.javafmlmod.AutomaticEventSubscriber/LOADING]: Attempting to inject @EventBusSubscriber classes into the eventbus for curios
[05Mar2025 02:07:38.713] [modloading-worker-0/DEBUG] [net.neoforged.fml.javafmlmod.AutomaticEventSubscriber/LOADING]: Auto-subscribing top.theillusivec4.curios.Curios$ClientProxy to MOD
[05Mar2025 02:07:38.715] [modloading-worker-0/DEBUG] [net.neoforged.fml.config.ConfigTracker/CONFIG]: Config file neoforge-client.toml for neoforge tracking
[05Mar2025 02:07:38.716] [modloading-worker-0/DEBUG] [net.neoforged.fml.config.ConfigTracker/CONFIG]: Config file neoforge-server.toml for neoforge tracking
[05Mar2025 02:07:38.716] [modloading-worker-0/DEBUG] [net.neoforged.fml.config.ConfigTracker/CONFIG]: Config file neoforge-common.toml for neoforge tracking
[05Mar2025 02:07:38.723] [modloading-worker-0/DEBUG] [mezz.jei.common.platform.Services/]: Loaded mezz.jei.neoforge.platform.PlatformHelper@3bfd2937 for service interface mezz.jei.common.platform.IPlatformHelper
[05Mar2025 02:07:38.725] [modloading-worker-0/INFO] [mixin/]: Mixing client.accessor.RenderTypeAccessor from ponder.mixins.json into net.minecraft.client.renderer.RenderType
[05Mar2025 02:07:38.727] [modloading-worker-0/DEBUG] [mixin/]: ponder.mixins.json:client.accessor.RenderTypeAccessor from mod ponder: Class version 65 required is higher than the class version supported by the current version of Mixin (JAVA_17 supports class version 61)
[05Mar2025 02:07:38.727] [modloading-worker-0/INFO] [mixin/]: Renaming @Invoker method catnip$create(Ljava/lang/String;Lcom/mojang/blaze3d/vertex/VertexFormat;Lcom/mojang/blaze3d/vertex/VertexFormat$Mode;IZZLnet/minecraft/client/renderer/RenderType$CompositeState;)Lnet/minecraft/client/renderer/RenderType$CompositeRenderType; to catnip$create$ponder_$md$a82036$0 in ponder.mixins.json:client.accessor.RenderTypeAccessor from mod ponder
[05Mar2025 02:07:38.739] [modloading-worker-0/INFO] [mixin/]: Mixing client.accessor.GameRendererAccessor from ponder.mixins.json into net.minecraft.client.renderer.GameRenderer
[05Mar2025 02:07:38.740] [modloading-worker-0/DEBUG] [mixin/]: ponder.mixins.json:client.accessor.GameRendererAccessor from mod ponder: Class version 65 required is higher than the class version supported by the current version of Mixin (JAVA_17 supports class version 61)
[05Mar2025 02:07:38.740] [modloading-worker-0/INFO] [mixin/]: Mixing client.GameRendererMixin from create.mixins.json into net.minecraft.client.renderer.GameRenderer
[05Mar2025 02:07:38.742] [modloading-worker-0/DEBUG] [mixin/]: create.mixins.json:client.GameRendererMixin from mod create->@Inject::create$bigShapePick(Lorg/spongepowered/asm/mixin/injection/callback/CallbackInfo;)V doesn't use it's CallbackInfo
[05Mar2025 02:07:38.742] [modloading-worker-0/DEBUG] [mixin/]: create.mixins.json:client.GameRendererMixin from mod create->@Inject::create$bigShapePick(Lorg/spongepowered/asm/mixin/injection/callback/CallbackInfo;)V has 0 override(s) in child classes
[05Mar2025 02:07:38.742] [modloading-worker-0/DEBUG] [mixin/]: create.mixins.json:client.GameRendererMixin from mod create->@Inject::create$bigShapePick(Lorg/spongepowered/asm/mixin/injection/callback/CallbackInfo;)V won't be passed a CallbackInfo as a result
[05Mar2025 02:07:38.747] [modloading-worker-0/INFO] [mixin/]: Mixing MinecraftMixin from flywheel.impl.mixins.json into net.minecraft.client.Minecraft
[05Mar2025 02:07:38.750] [modloading-worker-0/INFO] [mixin/]: Mixing client.WindowResizeMixin from ponder.mixins.json into net.minecraft.client.Minecraft
[05Mar2025 02:07:38.750] [modloading-worker-0/DEBUG] [mixin/]: ponder.mixins.json:client.WindowResizeMixin from mod ponder: Class version 65 required is higher than the class version supported by the current version of Mixin (JAVA_17 supports class version 61)
[05Mar2025 02:07:38.751] [modloading-worker-0/INFO] [mixin/]: Mixing accessor.MinecraftAccessor from create.mixins.json into net.minecraft.client.Minecraft
[05Mar2025 02:07:38.754] [modloading-worker-0/DEBUG] [mixin/]: flywheel.impl.mixins.json:MinecraftMixin from mod flywheel->@Inject::flywheel$onBeginInitialResourceReload(Lorg/spongepowered/asm/mixin/injection/callback/CallbackInfo;)V doesn't use it's CallbackInfo
[05Mar2025 02:07:38.755] [modloading-worker-0/DEBUG] [mixin/]: flywheel.impl.mixins.json:MinecraftMixin from mod flywheel->@Inject::flywheel$onBeginInitialResourceReload(Lorg/spongepowered/asm/mixin/injection/callback/CallbackInfo;)V has 0 override(s) in child classes
[05Mar2025 02:07:38.755] [modloading-worker-0/DEBUG] [mixin/]: flywheel.impl.mixins.json:MinecraftMixin from mod flywheel->@Inject::flywheel$onBeginInitialResourceReload(Lorg/spongepowered/asm/mixin/injection/callback/CallbackInfo;)V won't be passed a CallbackInfo as a result
[05Mar2025 02:07:38.755] [modloading-worker-0/DEBUG] [mixin/]: flywheel.impl.mixins.json:MinecraftMixin from mod flywheel->@Inject::flywheel$onEndInitialResourceReload(Ljava/lang/Object;Ljava/util/Optional;Lorg/spongepowered/asm/mixin/injection/callback/CallbackInfo;)V doesn't use it's CallbackInfo
[05Mar2025 02:07:38.755] [modloading-worker-0/DEBUG] [mixin/]: flywheel.impl.mixins.json:MinecraftMixin from mod flywheel->@Inject::flywheel$onEndInitialResourceReload(Ljava/lang/Object;Ljava/util/Optional;Lorg/spongepowered/asm/mixin/injection/callback/CallbackInfo;)V has 0 override(s) in child classes
[05Mar2025 02:07:38.755] [modloading-worker-0/DEBUG] [mixin/]: flywheel.impl.mixins.json:MinecraftMixin from mod flywheel->@Inject::flywheel$onEndInitialResourceReload(Ljava/lang/Object;Ljava/util/Optional;Lorg/spongepowered/asm/mixin/injection/callback/CallbackInfo;)V won't be passed a CallbackInfo as a result
[05Mar2025 02:07:38.755] [modloading-worker-0/DEBUG] [mixin/]: flywheel.impl.mixins.json:MinecraftMixin from mod flywheel->@Inject::flywheel$onEndManualResourceReload(ZLjava/lang/Object;Ljava/util/concurrent/CompletableFuture;Ljava/util/Optional;Lorg/spongepowered/asm/mixin/injection/callback/CallbackInfo;)V doesn't use it's CallbackInfo
[05Mar2025 02:07:38.755] [modloading-worker-0/DEBUG] [mixin/]: flywheel.impl.mixins.json:MinecraftMixin from mod flywheel->@Inject::flywheel$onEndManualResourceReload(ZLjava/lang/Object;Ljava/util/concurrent/CompletableFuture;Ljava/util/Optional;Lorg/spongepowered/asm/mixin/injection/callback/CallbackInfo;)V has 0 override(s) in child classes
[05Mar2025 02:07:38.755] [modloading-worker-0/DEBUG] [mixin/]: flywheel.impl.mixins.json:MinecraftMixin from mod flywheel->@Inject::flywheel$onEndManualResourceReload(ZLjava/lang/Object;Ljava/util/concurrent/CompletableFuture;Ljava/util/Optional;Lorg/spongepowered/asm/mixin/injection/callback/CallbackInfo;)V won't be passed a CallbackInfo as a result
[05Mar2025 02:07:38.755] [modloading-worker-0/DEBUG] [mixin/]: ponder.mixins.json:client.WindowResizeMixin from mod ponder->@Inject::catnip$updateWindowSize(Lorg/spongepowered/asm/mixin/injection/callback/CallbackInfo;)V doesn't use it's CallbackInfo
[05Mar2025 02:07:38.755] [modloading-worker-0/DEBUG] [mixin/]: ponder.mixins.json:client.WindowResizeMixin from mod ponder->@Inject::catnip$updateWindowSize(Lorg/spongepowered/asm/mixin/injection/callback/CallbackInfo;)V has 0 override(s) in child classes
[05Mar2025 02:07:38.756] [modloading-worker-0/DEBUG] [mixin/]: ponder.mixins.json:client.WindowResizeMixin from mod ponder->@Inject::catnip$updateWindowSize(Lorg/spongepowered/asm/mixin/injection/callback/CallbackInfo;)V won't be passed a CallbackInfo as a result
[05Mar2025 02:07:38.763] [modloading-worker-0/DEBUG] [net.neoforged.fml.javafmlmod.AutomaticEventSubscriber/LOADING]: Attempting to inject @EventBusSubscriber classes into the eventbus for flywheel
[05Mar2025 02:07:38.769] [modloading-worker-0/INFO] [mixin/]: Mixing client.HeavyBootsOnPlayerMixin from create.mixins.json into net.minecraft.client.player.LocalPlayer
[05Mar2025 02:07:38.772] [modloading-worker-0/DEBUG] [mixin/]: create.mixins.json:client.HeavyBootsOnPlayerMixin from mod create->@Inject::create$noSwimmingWithHeavyBootsOn(Lorg/spongepowered/asm/mixin/injection/callback/CallbackInfoReturnable;)V does use it's CallbackInfoReturnable
[05Mar2025 02:07:38.776] [modloading-worker-0/INFO] [mixin/]: Mixing AbstractClientPlayerAccessor from flywheel.backend.mixins.json into net.minecraft.client.player.AbstractClientPlayer
[05Mar2025 02:07:38.777] [modloading-worker-0/DEBUG] [net.neoforged.fml.config.ConfigTracker/CONFIG]: Config file ponder-client.toml for ponder tracking
[05Mar2025 02:07:38.778] [modloading-worker-0/DEBUG] [net.neoforged.fml.javafmlmod.AutomaticEventSubscriber/LOADING]: Attempting to inject @EventBusSubscriber classes into the eventbus for ponder
[05Mar2025 02:07:38.779] [modloading-worker-0/DEBUG] [net.neoforged.fml.javafmlmod.AutomaticEventSubscriber/LOADING]: Auto-subscribing net.createmod.ponder.NeoForgePonderClient$ClientEvents to GAME
[05Mar2025 02:07:38.782] [modloading-worker-0/INFO] [mixin/]: Mixing client.accessor.ScreenAccessor from ponder.mixins.json into net.minecraft.client.gui.screens.Screen
[05Mar2025 02:07:38.783] [modloading-worker-0/DEBUG] [mixin/]: ponder.mixins.json:client.accessor.ScreenAccessor from mod ponder: Class version 65 required is higher than the class version supported by the current version of Mixin (JAVA_17 supports class version 61)
[05Mar2025 02:07:38.783] [modloading-worker-0/DEBUG] [net.neoforged.fml.javafmlmod.AutomaticEventSubscriber/LOADING]: Auto-subscribing net.createmod.ponder.NeoForgePonder$ModBusEvents to MOD
[05Mar2025 02:07:38.785] [modloading-worker-0/DEBUG] [net.neoforged.fml.javafmlmod.AutomaticEventSubscriber/LOADING]: Auto-subscribing net.createmod.ponder.NeoForgePonder$Events to GAME
[05Mar2025 02:07:38.787] [modloading-worker-0/DEBUG] [net.neoforged.fml.javafmlmod.AutomaticEventSubscriber/LOADING]: Auto-subscribing net.createmod.ponder.NeoForgePonderClient$ModBusClientEvents to MOD
[05Mar2025 02:07:38.791] [modloading-worker-0/INFO] [com.simibubi.create.Create/]: Create 6.0.1 initializing! Commit hash: 07ebfa75a4c0f005986a04c97829e6db3cf953ac
[05Mar2025 02:07:38.802] [modloading-worker-0/DEBUG] [net.neoforged.fml.javafmlmod.AutomaticEventSubscriber/LOADING]: Attempting to inject @EventBusSubscriber classes into the eventbus for neoforge
[05Mar2025 02:07:38.803] [modloading-worker-0/DEBUG] [net.neoforged.fml.javafmlmod.AutomaticEventSubscriber/LOADING]: Auto-subscribing net.neoforged.neoforge.server.command.ConfigCommand to GAME
[05Mar2025 02:07:38.805] [modloading-worker-0/DEBUG] [net.neoforged.fml.javafmlmod.AutomaticEventSubscriber/LOADING]: Auto-subscribing net.neoforged.neoforge.network.filters.GenericPacketSplitter to MOD
[05Mar2025 02:07:38.816] [modloading-worker-0/INFO] [mixin/]: Mixing client.accessor.ItemRendererAccessor from ponder.mixins.json into net.minecraft.client.renderer.entity.ItemRenderer
[05Mar2025 02:07:38.816] [modloading-worker-0/DEBUG] [mixin/]: ponder.mixins.json:client.accessor.ItemRendererAccessor from mod ponder: Class version 65 required is higher than the class version supported by the current version of Mixin (JAVA_17 supports class version 61)
[05Mar2025 02:07:38.824] [modloading-worker-0/DEBUG] [io.netty.buffer.AbstractByteBuf/]: -Dio.netty.buffer.checkAccessible: true
[05Mar2025 02:07:38.824] [modloading-worker-0/DEBUG] [io.netty.buffer.AbstractByteBuf/]: -Dio.netty.buffer.checkBounds: true
[05Mar2025 02:07:38.825] [modloading-worker-0/DEBUG] [io.netty.util.ResourceLeakDetectorFactory/]: Loaded default ResourceLeakDetector: io.netty.util.ResourceLeakDetector@50627502
[05Mar2025 02:07:38.827] [modloading-worker-0/INFO] [mixin/]: Mixing LevelRendererAccessor from flywheel.backend.mixins.json into net.minecraft.client.renderer.LevelRenderer
[05Mar2025 02:07:38.827] [modloading-worker-0/INFO] [mixin/]: Mixing fix.FixFabulousDepthMixin from flywheel.impl.mixins.json into net.minecraft.client.renderer.LevelRenderer
[05Mar2025 02:07:38.827] [modloading-worker-0/INFO] [mixin/]: Mixing visualmanage.LevelRendererMixin from flywheel.impl.mixins.json into net.minecraft.client.renderer.LevelRenderer
[05Mar2025 02:07:38.828] [modloading-worker-0/INFO] [mixin/]: Mixing accessor.LevelRendererAccessor from create.mixins.json into net.minecraft.client.renderer.LevelRenderer
[05Mar2025 02:07:38.828] [modloading-worker-0/INFO] [mixin/]: Mixing client.LevelRendererMixin from create.mixins.json into net.minecraft.client.renderer.LevelRenderer
[05Mar2025 02:07:38.828] [modloading-worker-0/INFO] [mixin/]: Renaming synthetic method lambda$create$onDestroyBlockProgress$0(J)Ljava/util/SortedSet; to mda82036$create$lambda$create$onDestroyBlockProgress$0$0 in create.mixins.json:client.LevelRendererMixin from mod create
[05Mar2025 02:07:38.832] [modloading-worker-0/INFO] [mixin/]: Mixing LevelRendererMixin from flywheel.impl.mixins.json into net.minecraft.client.renderer.LevelRenderer
[05Mar2025 02:07:38.849] [modloading-worker-0/DEBUG] [mixin/]: flywheel.impl.mixins.json:fix.FixFabulousDepthMixin from mod flywheel->@Inject::flywheel$disableTransparencyShaderDepth(Lorg/spongepowered/asm/mixin/injection/callback/CallbackInfo;)V doesn't use it's CallbackInfo
[05Mar2025 02:07:38.849] [modloading-worker-0/DEBUG] [mixin/]: flywheel.impl.mixins.json:fix.FixFabulousDepthMixin from mod flywheel->@Inject::flywheel$disableTransparencyShaderDepth(Lorg/spongepowered/asm/mixin/injection/callback/CallbackInfo;)V has 0 override(s) in child classes
[05Mar2025 02:07:38.849] [modloading-worker-0/DEBUG] [mixin/]: flywheel.impl.mixins.json:fix.FixFabulousDepthMixin from mod flywheel->@Inject::flywheel$disableTransparencyShaderDepth(Lorg/spongepowered/asm/mixin/injection/callback/CallbackInfo;)V won't be passed a CallbackInfo as a result
[05Mar2025 02:07:38.850] [modloading-worker-0/DEBUG] [mixin/]: flywheel.impl.mixins.json:visualmanage.LevelRendererMixin from mod flywheel->@Inject::flywheel$checkUpdate(Lnet/minecraft/core/BlockPos;Lnet/minecraft/world/level/block/state/BlockState;Lnet/minecraft/world/level/block/state/BlockState;Lorg/spongepowered/asm/mixin/injection/callback/CallbackInfo;)V doesn't use it's CallbackInfo
[05Mar2025 02:07:38.850] [modloading-worker-0/DEBUG] [mixin/]: flywheel.impl.mixins.json:visualmanage.LevelRendererMixin from mod flywheel->@Inject::flywheel$checkUpdate(Lnet/minecraft/core/BlockPos;Lnet/minecraft/world/level/block/state/BlockState;Lnet/minecraft/world/level/block/state/BlockState;Lorg/spongepowered/asm/mixin/injection/callback/CallbackInfo;)V has 0 override(s) in child classes
[05Mar2025 02:07:38.850] [modloading-worker-0/DEBUG] [mixin/]: flywheel.impl.mixins.json:visualmanage.LevelRendererMixin from mod flywheel->@Inject::flywheel$checkUpdate(Lnet/minecraft/core/BlockPos;Lnet/minecraft/world/level/block/state/BlockState;Lnet/minecraft/world/level/block/state/BlockState;Lorg/spongepowered/asm/mixin/injection/callback/CallbackInfo;)V won't be passed a CallbackInfo as a result
[05Mar2025 02:07:38.850] [modloading-worker-0/DEBUG] [mixin/]: create.mixins.json:client.LevelRendererMixin from mod create->@Inject::create$onDestroyBlockProgress(ILnet/minecraft/core/BlockPos;ILorg/spongepowered/asm/mixin/injection/callback/CallbackInfo;Lnet/minecraft/server/level/BlockDestructionProgress;)V doesn't use it's CallbackInfo
[05Mar2025 02:07:38.850] [modloading-worker-0/DEBUG] [mixin/]: create.mixins.json:client.LevelRendererMixin from mod create->@Inject::create$onDestroyBlockProgress(ILnet/minecraft/core/BlockPos;ILorg/spongepowered/asm/mixin/injection/callback/CallbackInfo;Lnet/minecraft/server/level/BlockDestructionProgress;)V has 0 override(s) in child classes
[05Mar2025 02:07:38.850] [modloading-worker-0/DEBUG] [mixin/]: create.mixins.json:client.LevelRendererMixin from mod create->@Inject::create$onDestroyBlockProgress(ILnet/minecraft/core/BlockPos;ILorg/spongepowered/asm/mixin/injection/callback/CallbackInfo;Lnet/minecraft/server/level/BlockDestructionProgress;)V won't be passed a CallbackInfo as a result
[05Mar2025 02:07:38.850] [modloading-worker-0/DEBUG] [mixin/]: create.mixins.json:client.LevelRendererMixin from mod create->@Inject::create$onRemoveProgress(Lnet/minecraft/server/level/BlockDestructionProgress;Lorg/spongepowered/asm/mixin/injection/callback/CallbackInfo;)V doesn't use it's CallbackInfo
[05Mar2025 02:07:38.850] [modloading-worker-0/DEBUG] [mixin/]: create.mixins.json:client.LevelRendererMixin from mod create->@Inject::create$onRemoveProgress(Lnet/minecraft/server/level/BlockDestructionProgress;Lorg/spongepowered/asm/mixin/injection/callback/CallbackInfo;)V has 0 override(s) in child classes
[05Mar2025 02:07:38.850] [modloading-worker-0/DEBUG] [mixin/]: create.mixins.json:client.LevelRendererMixin from mod create->@Inject::create$onRemoveProgress(Lnet/minecraft/server/level/BlockDestructionProgress;Lorg/spongepowered/asm/mixin/injection/callback/CallbackInfo;)V won't be passed a CallbackInfo as a result
[05Mar2025 02:07:38.850] [modloading-worker-0/DEBUG] [mixin/]: flywheel.impl.mixins.json:LevelRendererMixin from mod flywheel->@Inject::flywheel$beginRender(Lnet/minecraft/client/DeltaTracker;ZLnet/minecraft/client/Camera;Lnet/minecraft/client/renderer/GameRenderer;Lnet/minecraft/client/renderer/LightTexture;Lorg/joml/Matrix4f;Lorg/joml/Matrix4f;Lorg/spongepowered/asm/mixin/injection/callback/CallbackInfo;)V doesn't use it's CallbackInfo
[05Mar2025 02:07:38.850] [modloading-worker-0/DEBUG] [mixin/]: flywheel.impl.mixins.json:LevelRendererMixin from mod flywheel->@Inject::flywheel$beginRender(Lnet/minecraft/client/DeltaTracker;ZLnet/minecraft/client/Camera;Lnet/minecraft/client/renderer/GameRenderer;Lnet/minecraft/client/renderer/LightTexture;Lorg/joml/Matrix4f;Lorg/joml/Matrix4f;Lorg/spongepowered/asm/mixin/injection/callback/CallbackInfo;)V has 0 override(s) in child classes
[05Mar2025 02:07:38.850] [modloading-worker-0/DEBUG] [mixin/]: flywheel.impl.mixins.json:LevelRendererMixin from mod flywheel->@Inject::flywheel$beginRender(Lnet/minecraft/client/DeltaTracker;ZLnet/minecraft/client/Camera;Lnet/minecraft/client/renderer/GameRenderer;Lnet/minecraft/client/renderer/LightTexture;Lorg/joml/Matrix4f;Lorg/joml/Matrix4f;Lorg/spongepowered/asm/mixin/injection/callback/CallbackInfo;)V won't be passed a CallbackInfo as a result
[05Mar2025 02:07:38.850] [modloading-worker-0/DEBUG] [mixin/]: flywheel.impl.mixins.json:LevelRendererMixin from mod flywheel->@Inject::flywheel$endRender(Lorg/spongepowered/asm/mixin/injection/callback/CallbackInfo;)V doesn't use it's CallbackInfo
[05Mar2025 02:07:38.850] [modloading-worker-0/DEBUG] [mixin/]: flywheel.impl.mixins.json:LevelRendererMixin from mod flywheel->@Inject::flywheel$endRender(Lorg/spongepowered/asm/mixin/injection/callback/CallbackInfo;)V has 0 override(s) in child classes
[05Mar2025 02:07:38.850] [modloading-worker-0/DEBUG] [mixin/]: flywheel.impl.mixins.json:LevelRendererMixin from mod flywheel->@Inject::flywheel$endRender(Lorg/spongepowered/asm/mixin/injection/callback/CallbackInfo;)V won't be passed a CallbackInfo as a result
[05Mar2025 02:07:38.850] [modloading-worker-0/DEBUG] [mixin/]: flywheel.impl.mixins.json:LevelRendererMixin from mod flywheel->@Inject::flywheel$reload(Lorg/spongepowered/asm/mixin/injection/callback/CallbackInfo;)V doesn't use it's CallbackInfo
[05Mar2025 02:07:38.850] [modloading-worker-0/DEBUG] [mixin/]: flywheel.impl.mixins.json:LevelRendererMixin from mod flywheel->@Inject::flywheel$reload(Lorg/spongepowered/asm/mixin/injection/callback/CallbackInfo;)V has 0 override(s) in child classes
[05Mar2025 02:07:38.850] [modloading-worker-0/DEBUG] [mixin/]: flywheel.impl.mixins.json:LevelRendererMixin from mod flywheel->@Inject::flywheel$reload(Lorg/spongepowered/asm/mixin/injection/callback/CallbackInfo;)V won't be passed a CallbackInfo as a result
[05Mar2025 02:07:38.850] [modloading-worker-0/DEBUG] [mixin/]: flywheel.impl.mixins.json:LevelRendererMixin from mod flywheel->@Inject::flywheel$beforeBlockEntities(Lorg/spongepowered/asm/mixin/injection/callback/CallbackInfo;)V doesn't use it's CallbackInfo
[05Mar2025 02:07:38.850] [modloading-worker-0/DEBUG] [mixin/]: flywheel.impl.mixins.json:LevelRendererMixin from mod flywheel->@Inject::flywheel$beforeBlockEntities(Lorg/spongepowered/asm/mixin/injection/callback/CallbackInfo;)V has 0 override(s) in child classes
[05Mar2025 02:07:38.850] [modloading-worker-0/DEBUG] [mixin/]: flywheel.impl.mixins.json:LevelRendererMixin from mod flywheel->@Inject::flywheel$beforeBlockEntities(Lorg/spongepowered/asm/mixin/injection/callback/CallbackInfo;)V won't be passed a CallbackInfo as a result
[05Mar2025 02:07:38.851] [modloading-worker-0/DEBUG] [mixin/]: flywheel.impl.mixins.json:LevelRendererMixin from mod flywheel->@Inject::flywheel$beforeRenderCrumbling(Lorg/spongepowered/asm/mixin/injection/callback/CallbackInfo;)V doesn't use it's CallbackInfo
[05Mar2025 02:07:38.851] [modloading-worker-0/DEBUG] [mixin/]: flywheel.impl.mixins.json:LevelRendererMixin from mod flywheel->@Inject::flywheel$beforeRenderCrumbling(Lorg/spongepowered/asm/mixin/injection/callback/CallbackInfo;)V has 0 override(s) in child classes
[05Mar2025 02:07:38.851] [modloading-worker-0/DEBUG] [mixin/]: flywheel.impl.mixins.json:LevelRendererMixin from mod flywheel->@Inject::flywheel$beforeRenderCrumbling(Lorg/spongepowered/asm/mixin/injection/callback/CallbackInfo;)V won't be passed a CallbackInfo as a result
[05Mar2025 02:07:38.851] [modloading-worker-0/DEBUG] [mixin/]: flywheel.impl.mixins.json:LevelRendererMixin from mod flywheel->@Inject::flywheel$decideNotToRenderEntity(Lnet/minecraft/world/entity/Entity;DDDFLcom/mojang/blaze3d/vertex/PoseStack;Lnet/minecraft/client/renderer/MultiBufferSource;Lorg/spongepowered/asm/mixin/injection/callback/CallbackInfo;)V does use it's CallbackInfo
[05Mar2025 02:07:38.862] [modloading-worker-0/DEBUG] [io.netty.util.internal.InternalThreadLocalMap/]: -Dio.netty.threadLocalMap.stringBuilder.initialSize: 1024
[05Mar2025 02:07:38.863] [modloading-worker-0/DEBUG] [io.netty.util.internal.InternalThreadLocalMap/]: -Dio.netty.threadLocalMap.stringBuilder.maxSize: 4096
[05Mar2025 02:07:38.865] [modloading-worker-0/DEBUG] [io.netty.buffer.PooledByteBufAllocator/]: -Dio.netty.allocator.numHeapArenas: 24
[05Mar2025 02:07:38.865] [modloading-worker-0/DEBUG] [io.netty.buffer.PooledByteBufAllocator/]: -Dio.netty.allocator.numDirectArenas: 24
[05Mar2025 02:07:38.865] [modloading-worker-0/DEBUG] [io.netty.buffer.PooledByteBufAllocator/]: -Dio.netty.allocator.pageSize: 8192
[05Mar2025 02:07:38.865] [modloading-worker-0/DEBUG] [io.netty.buffer.PooledByteBufAllocator/]: -Dio.netty.allocator.maxOrder: 9
[05Mar2025 02:07:38.865] [modloading-worker-0/DEBUG] [io.netty.buffer.PooledByteBufAllocator/]: -Dio.netty.allocator.chunkSize: 4194304
[05Mar2025 02:07:38.865] [modloading-worker-0/DEBUG] [io.netty.buffer.PooledByteBufAllocator/]: -Dio.netty.allocator.smallCacheSize: 256
[05Mar2025 02:07:38.866] [modloading-worker-0/DEBUG] [io.netty.buffer.PooledByteBufAllocator/]: -Dio.netty.allocator.normalCacheSize: 64
[05Mar2025 02:07:38.866] [modloading-worker-0/DEBUG] [io.netty.buffer.PooledByteBufAllocator/]: -Dio.netty.allocator.maxCachedBufferCapacity: 32768
[05Mar2025 02:07:38.866] [modloading-worker-0/DEBUG] [io.netty.buffer.PooledByteBufAllocator/]: -Dio.netty.allocator.cacheTrimInterval: 8192
[05Mar2025 02:07:38.866] [modloading-worker-0/DEBUG] [io.netty.buffer.PooledByteBufAllocator/]: -Dio.netty.allocator.cacheTrimIntervalMillis: 0
[05Mar2025 02:07:38.866] [modloading-worker-0/DEBUG] [io.netty.buffer.PooledByteBufAllocator/]: -Dio.netty.allocator.useCacheForAllThreads: false
[05Mar2025 02:07:38.866] [modloading-worker-0/DEBUG] [io.netty.buffer.PooledByteBufAllocator/]: -Dio.netty.allocator.maxCachedByteBuffersPerChunk: 1023
[05Mar2025 02:07:38.872] [modloading-worker-0/DEBUG] [mezz.jei.common.config.file.ConfigSchema/]: Localization has not loaded yet, waiting to save the config file until JEI starts.
[05Mar2025 02:07:38.876] [modloading-worker-0/DEBUG] [mezz.jei.common.config.file.ConfigSchema/]: Localization has not loaded yet, waiting to save the config file until JEI starts.
[05Mar2025 02:07:38.876] [modloading-worker-0/DEBUG] [io.netty.buffer.ByteBufUtil/]: -Dio.netty.allocator.type: pooled
[05Mar2025 02:07:38.876] [modloading-worker-0/DEBUG] [io.netty.buffer.ByteBufUtil/]: -Dio.netty.threadLocalDirectBufferSize: 0
[05Mar2025 02:07:38.876] [modloading-worker-0/DEBUG] [io.netty.buffer.ByteBufUtil/]: -Dio.netty.maxThreadLocalCharBufferSize: 16384
[05Mar2025 02:07:38.878] [modloading-worker-0/DEBUG] [mezz.jei.common.config.file.ConfigSchema/]: Localization has not loaded yet, waiting to save the config file until JEI starts.
[05Mar2025 02:07:38.886] [modloading-worker-0/DEBUG] [net.neoforged.fml.javafmlmod.AutomaticEventSubscriber/LOADING]: Auto-subscribing net.neoforged.neoforge.network.NetworkInitialization to MOD
[05Mar2025 02:07:38.885] [modloading-worker-0/DEBUG] [mezz.jei.common.config.file.ConfigSchema/]: Localization has not loaded yet, waiting to save the config file until JEI starts.
[05Mar2025 02:07:38.887] [modloading-worker-0/DEBUG] [net.neoforged.fml.javafmlmod.AutomaticEventSubscriber/LOADING]: Auto-subscribing net.neoforged.neoforge.network.ConfigurationInitialization to MOD
[05Mar2025 02:07:38.889] [modloading-worker-0/INFO] [mezz.jei.library.load.PluginCaller/]: Sending ConfigManager...
[05Mar2025 02:07:38.889] [modloading-worker-0/DEBUG] [net.neoforged.fml.config.ConfigTracker/CONFIG]: Config file createlowheated-common.toml for createlowheated tracking
[05Mar2025 02:07:38.890] [modloading-worker-0/DEBUG] [net.neoforged.fml.javafmlmod.AutomaticEventSubscriber/LOADING]: Auto-subscribing net.neoforged.neoforge.common.MonsterRoomHooks to GAME
[05Mar2025 02:07:38.891] [modloading-worker-0/DEBUG] [net.neoforged.fml.javafmlmod.AutomaticEventSubscriber/LOADING]: Auto-subscribing net.neoforged.neoforge.common.DeferredSpawnEggItem$CommonHandler to MOD
[05Mar2025 02:07:38.891] [modloading-worker-0/DEBUG] [net.neoforged.fml.javafmlmod.AutomaticEventSubscriber/LOADING]: Attempting to inject @EventBusSubscriber classes into the eventbus for createlowheated
[05Mar2025 02:07:38.893] [modloading-worker-0/DEBUG] [net.neoforged.fml.javafmlmod.AutomaticEventSubscriber/LOADING]: Auto-subscribing net.neoforged.neoforge.common.DeferredSpawnEggItem$ColorRegisterHandler to MOD
[05Mar2025 02:07:38.893] [modloading-worker-0/DEBUG] [mezz.jei.library.load.PluginCallerTimerRunnable/]: Sending ConfigManager: jei:minecraft...
[05Mar2025 02:07:38.894] [modloading-worker-0/DEBUG] [mezz.jei.library.load.PluginCallerTimerRunnable/]: Sending ConfigManager: curios:curios...
[05Mar2025 02:07:38.894] [modloading-worker-0/DEBUG] [mezz.jei.library.load.PluginCallerTimerRunnable/]: Sending ConfigManager: create:jei_plugin...
[05Mar2025 02:07:38.894] [modloading-worker-0/DEBUG] [mezz.jei.library.load.PluginCallerTimerRunnable/]: Sending ConfigManager: jei:neoforge_gui...
[05Mar2025 02:07:38.894] [modloading-worker-0/DEBUG] [mezz.jei.library.load.PluginCallerTimerRunnable/]: Sending ConfigManager: jei:debug...
[05Mar2025 02:07:38.894] [modloading-worker-0/DEBUG] [mezz.jei.library.load.PluginCallerTimerRunnable/]: Sending ConfigManager: jei:gui...
[05Mar2025 02:07:38.894] [modloading-worker-0/DEBUG] [mezz.jei.library.load.PluginCallerTimerRunnable/]: Sending ConfigManager: jei:internal...
[05Mar2025 02:07:38.894] [modloading-worker-0/DEBUG] [net.neoforged.fml.javafmlmod.AutomaticEventSubscriber/LOADING]: Auto-subscribing net.neoforged.neoforge.client.model.data.ModelDataManager to GAME
[05Mar2025 02:07:38.896] [modloading-worker-0/DEBUG] [net.neoforged.fml.javafmlmod.AutomaticEventSubscriber/LOADING]: Auto-subscribing net.neoforged.neoforge.client.ParticleBoundsDebugRenderer to GAME
[05Mar2025 02:07:38.896] [modloading-worker-0/INFO] [mezz.jei.library.load.PluginCaller/]: Sending ConfigManager took 4.325 ms
[05Mar2025 02:07:38.900] [modloading-worker-0/INFO] [mixin/]: Mixing PoseStackAccessor from flywheel.impl.mixins.json into com.mojang.blaze3d.vertex.PoseStack
[05Mar2025 02:07:38.900] [modloading-worker-0/INFO] [mixin/]: Mixing PoseStackMixin from flywheel.impl.mixins.json into com.mojang.blaze3d.vertex.PoseStack
[05Mar2025 02:07:38.904] [modloading-worker-0/DEBUG] [net.neoforged.fml.javafmlmod.AutomaticEventSubscriber/LOADING]: Attempting to inject @EventBusSubscriber classes into the eventbus for jei
[05Mar2025 02:07:38.907] [modloading-worker-0/DEBUG] [net.neoforged.fml.javafmlmod.AutomaticEventSubscriber/LOADING]: Auto-subscribing net.neoforged.neoforge.client.ClientHooks$ClientEvents to MOD
[05Mar2025 02:07:38.908] [modloading-worker-0/DEBUG] [net.neoforged.fml.javafmlmod.AutomaticEventSubscriber/LOADING]: Auto-subscribing net.neoforged.neoforge.client.BlockEntityRenderBoundsDebugRenderer to GAME
[05Mar2025 02:07:38.909] [modloading-worker-0/DEBUG] [net.neoforged.fml.javafmlmod.AutomaticEventSubscriber/LOADING]: Auto-subscribing net.neoforged.neoforge.attachment.AttachmentInternals to GAME
[05Mar2025 02:07:38.995] [modloading-worker-0/INFO] [mixin/]: Mixing BasinBlockEntityMixin from createlowheated.mixins.json into com.simibubi.create.content.processing.basin.BasinBlockEntity
[05Mar2025 02:07:38.996] [modloading-worker-0/WARN] [mixin/]: createlowheated.mixins.json:BasinBlockEntityMixin from mod createlowheated: Class version 65 required is higher than the class version supported by the current version of Mixin (JAVA_17 supports class version 61)
[05Mar2025 02:07:39.001] [modloading-worker-0/DEBUG] [mixin/]: createlowheated.mixins.json:BasinBlockEntityMixin from mod createlowheated->@Inject::getHeatLevelOfMixin(Lnet/minecraft/world/level/block/state/BlockState;Lorg/spongepowered/asm/mixin/injection/callback/CallbackInfoReturnable;)V does use it's CallbackInfoReturnable
[05Mar2025 02:07:39.180] [modloading-worker-0/DEBUG] [Ponder/]: Loaded net.createmod.catnip.platform.NeoForgePlatformHelper@1155bacb for service interface net.createmod.catnip.platform.services.PlatformHelper
[05Mar2025 02:07:39.181] [modloading-worker-0/DEBUG] [Ponder/]: Loaded net.createmod.catnip.platform.NeoForgeFluidHelper@70dc6837 for service interface net.createmod.catnip.platform.services.ModFluidHelper
[05Mar2025 02:07:39.182] [modloading-worker-0/DEBUG] [Ponder/]: Loaded net.createmod.catnip.platform.NeoForgeHooksHelper@7d7b547e for service interface net.createmod.catnip.platform.services.ModHooksHelper
[05Mar2025 02:07:39.183] [modloading-worker-0/DEBUG] [Ponder/]: Loaded net.createmod.catnip.platform.NeoForgeNetworkHelper@32a44fa7 for service interface net.createmod.catnip.platform.services.NetworkHelper
[05Mar2025 02:07:39.510] [modloading-worker-0/INFO] [mixin/]: Mixing EncasedFanBlockEntityMixin from createlowheated.mixins.json into com.simibubi.create.content.kinetics.fan.EncasedFanBlockEntity
[05Mar2025 02:07:39.510] [modloading-worker-0/DEBUG] [mixin/]: createlowheated.mixins.json:EncasedFanBlockEntityMixin from mod createlowheated: Class version 65 required is higher than the class version supported by the current version of Mixin (JAVA_17 supports class version 61)
[05Mar2025 02:07:39.514] [modloading-worker-0/DEBUG] [mixin/]: createlowheated.mixins.json:EncasedFanBlockEntityMixin from mod createlowheated->@Inject::addBasicBurnerToSpeedChange(FLorg/spongepowered/asm/mixin/injection/callback/CallbackInfo;)V doesn't use it's CallbackInfo
[05Mar2025 02:07:39.514] [modloading-worker-0/DEBUG] [mixin/]: createlowheated.mixins.json:EncasedFanBlockEntityMixin from mod createlowheated->@Inject::addBasicBurnerToSpeedChange(FLorg/spongepowered/asm/mixin/injection/callback/CallbackInfo;)V has 0 override(s) in child classes
[05Mar2025 02:07:39.514] [modloading-worker-0/DEBUG] [mixin/]: createlowheated.mixins.json:EncasedFanBlockEntityMixin from mod createlowheated->@Inject::addBasicBurnerToSpeedChange(FLorg/spongepowered/asm/mixin/injection/callback/CallbackInfo;)V won't be passed a CallbackInfo as a result
[05Mar2025 02:07:39.514] [modloading-worker-0/DEBUG] [mixin/]: createlowheated.mixins.json:EncasedFanBlockEntityMixin from mod createlowheated->@Inject::addBasicBurnerToRemove(Lorg/spongepowered/asm/mixin/injection/callback/CallbackInfo;)V doesn't use it's CallbackInfo
[05Mar2025 02:07:39.514] [modloading-worker-0/DEBUG] [mixin/]: createlowheated.mixins.json:EncasedFanBlockEntityMixin from mod createlowheated->@Inject::addBasicBurnerToRemove(Lorg/spongepowered/asm/mixin/injection/callback/CallbackInfo;)V has 0 override(s) in child classes
[05Mar2025 02:07:39.514] [modloading-worker-0/DEBUG] [mixin/]: createlowheated.mixins.json:EncasedFanBlockEntityMixin from mod createlowheated->@Inject::addBasicBurnerToRemove(Lorg/spongepowered/asm/mixin/injection/callback/CallbackInfo;)V won't be passed a CallbackInfo as a result
[05Mar2025 02:07:39.546] [modloading-worker-0/INFO] [mixin/]: Mixing accessor.ItemStackHandlerAccessor from create.mixins.json into net.neoforged.neoforge.items.ItemStackHandler
[05Mar2025 02:07:39.847] [modloading-worker-0/DEBUG] [net.neoforged.fml.config.ConfigTracker/CONFIG]: Config file create-common.toml for create tracking
[05Mar2025 02:07:39.847] [modloading-worker-0/DEBUG] [net.neoforged.fml.config.ConfigTracker/CONFIG]: Config file create-client.toml for create tracking
[05Mar2025 02:07:39.848] [modloading-worker-0/DEBUG] [net.neoforged.fml.config.ConfigTracker/CONFIG]: Config file create-server.toml for create tracking
[05Mar2025 02:07:39.901] [modloading-worker-0/DEBUG] [net.neoforged.fml.javafmlmod.AutomaticEventSubscriber/LOADING]: Attempting to inject @EventBusSubscriber classes into the eventbus for create
[05Mar2025 02:07:39.901] [modloading-worker-0/DEBUG] [net.neoforged.fml.javafmlmod.AutomaticEventSubscriber/LOADING]: Auto-subscribing com.simibubi.create.foundation.blockEntity.behaviour.ValueSettingsInputHandler to GAME
[05Mar2025 02:07:39.902] [modloading-worker-0/DEBUG] [net.neoforged.fml.javafmlmod.AutomaticEventSubscriber/LOADING]: Auto-subscribing com.simibubi.create.foundation.blockEntity.behaviour.edgeInteraction.EdgeInteractionHandler to GAME
[05Mar2025 02:07:39.904] [modloading-worker-0/DEBUG] [net.neoforged.fml.javafmlmod.AutomaticEventSubscriber/LOADING]: Auto-subscribing com.simibubi.create.foundation.block.ItemUseOverrides to GAME
[05Mar2025 02:07:39.904] [modloading-worker-0/DEBUG] [net.neoforged.fml.javafmlmod.AutomaticEventSubscriber/LOADING]: Auto-subscribing com.simibubi.create.foundation.events.CommonEvents to GAME
[05Mar2025 02:07:39.908] [modloading-worker-0/DEBUG] [net.neoforged.fml.javafmlmod.AutomaticEventSubscriber/LOADING]: Auto-subscribing com.simibubi.create.foundation.events.ClientEvents$ModBusEvents to MOD
[05Mar2025 02:07:39.910] [modloading-worker-0/DEBUG] [net.neoforged.fml.javafmlmod.AutomaticEventSubscriber/LOADING]: Auto-subscribing com.simibubi.create.foundation.events.ClientEvents to GAME
[05Mar2025 02:07:39.913] [modloading-worker-0/DEBUG] [net.neoforged.fml.javafmlmod.AutomaticEventSubscriber/LOADING]: Auto-subscribing com.simibubi.create.foundation.events.CommonEvents$ModBusEvents to MOD
[05Mar2025 02:07:39.915] [modloading-worker-0/DEBUG] [net.neoforged.fml.javafmlmod.AutomaticEventSubscriber/LOADING]: Auto-subscribing com.simibubi.create.foundation.events.InputEvents to GAME
[05Mar2025 02:07:39.917] [modloading-worker-0/DEBUG] [net.neoforged.fml.javafmlmod.AutomaticEventSubscriber/LOADING]: Auto-subscribing com.simibubi.create.foundation.render.RenderTypes$Shaders to MOD
[05Mar2025 02:07:39.918] [modloading-worker-0/DEBUG] [net.neoforged.fml.javafmlmod.AutomaticEventSubscriber/LOADING]: Auto-subscribing com.simibubi.create.content.trains.track.TrackBlockItem to GAME
[05Mar2025 02:07:39.923] [modloading-worker-0/DEBUG] [net.neoforged.fml.javafmlmod.AutomaticEventSubscriber/LOADING]: Auto-subscribing com.simibubi.create.content.trains.track.TrackBlockOutline to GAME
[05Mar2025 02:07:39.927] [modloading-worker-0/DEBUG] [net.neoforged.fml.javafmlmod.AutomaticEventSubscriber/LOADING]: Auto-subscribing com.simibubi.create.content.trains.schedule.ScheduleItemEntityInteraction to GAME
[05Mar2025 02:07:39.928] [modloading-worker-0/DEBUG] [net.neoforged.fml.javafmlmod.AutomaticEventSubscriber/LOADING]: Auto-subscribing com.simibubi.create.content.processing.burner.BlazeBurnerHandler to GAME
[05Mar2025 02:07:39.929] [modloading-worker-0/DEBUG] [net.neoforged.fml.javafmlmod.AutomaticEventSubscriber/LOADING]: Auto-subscribing com.simibubi.create.content.equipment.wrench.WrenchEventHandler to GAME
[05Mar2025 02:07:39.930] [modloading-worker-0/DEBUG] [net.neoforged.fml.javafmlmod.AutomaticEventSubscriber/LOADING]: Auto-subscribing com.simibubi.create.content.equipment.extendoGrip.ExtendoGripItem to GAME
[05Mar2025 02:07:39.932] [modloading-worker-0/DEBUG] [net.neoforged.fml.javafmlmod.AutomaticEventSubscriber/LOADING]: Auto-subscribing com.simibubi.create.content.equipment.extendoGrip.ExtendoGripRenderHandler to GAME
[05Mar2025 02:07:39.933] [modloading-worker-0/DEBUG] [net.neoforged.fml.javafmlmod.AutomaticEventSubscriber/LOADING]: Auto-subscribing com.simibubi.create.content.equipment.zapper.ZapperInteractionHandler to GAME
[05Mar2025 02:07:39.934] [modloading-worker-0/DEBUG] [net.neoforged.fml.javafmlmod.AutomaticEventSubscriber/LOADING]: Auto-subscribing com.simibubi.create.content.equipment.symmetryWand.SymmetryHandler to GAME
[05Mar2025 02:07:39.935] [modloading-worker-0/DEBUG] [net.neoforged.fml.javafmlmod.AutomaticEventSubscriber/LOADING]: Auto-subscribing com.simibubi.create.content.equipment.armor.CardboardArmorHandlerClient to GAME
[05Mar2025 02:07:39.938] [modloading-worker-0/DEBUG] [net.neoforged.fml.javafmlmod.AutomaticEventSubscriber/LOADING]: Auto-subscribing com.simibubi.create.content.equipment.armor.NetheriteBacktankFirstPersonRenderer to GAME
[05Mar2025 02:07:39.940] [modloading-worker-0/DEBUG] [net.neoforged.fml.javafmlmod.AutomaticEventSubscriber/LOADING]: Auto-subscribing com.simibubi.create.content.equipment.armor.NetheriteDivingHandler to GAME
[05Mar2025 02:07:39.941] [modloading-worker-0/DEBUG] [net.neoforged.fml.javafmlmod.AutomaticEventSubscriber/LOADING]: Auto-subscribing com.simibubi.create.content.equipment.armor.DivingHelmetItem to GAME
[05Mar2025 02:07:39.941] [modloading-worker-0/DEBUG] [net.neoforged.fml.javafmlmod.AutomaticEventSubscriber/LOADING]: Auto-subscribing com.simibubi.create.content.equipment.armor.CardboardArmorHandler to GAME
[05Mar2025 02:07:39.943] [modloading-worker-0/DEBUG] [net.neoforged.fml.javafmlmod.AutomaticEventSubscriber/LOADING]: Auto-subscribing com.simibubi.create.content.equipment.armor.DivingBootsItem to GAME
[05Mar2025 02:07:39.943] [modloading-worker-0/DEBUG] [net.neoforged.fml.javafmlmod.AutomaticEventSubscriber/LOADING]: Auto-subscribing com.simibubi.create.content.equipment.clipboard.ClipboardValueSettingsHandler to GAME
[05Mar2025 02:07:39.945] [modloading-worker-0/DEBUG] [net.neoforged.fml.javafmlmod.AutomaticEventSubscriber/LOADING]: Auto-subscribing com.simibubi.create.content.equipment.tool.CardboardSwordItem to GAME
[05Mar2025 02:07:39.946] [modloading-worker-0/DEBUG] [net.neoforged.fml.javafmlmod.AutomaticEventSubscriber/LOADING]: Auto-subscribing com.simibubi.create.content.equipment.bell.HauntedBellPulser to GAME
[05Mar2025 02:07:39.946] [modloading-worker-0/DEBUG] [net.neoforged.fml.javafmlmod.AutomaticEventSubscriber/LOADING]: Auto-subscribing com.simibubi.create.content.kinetics.crusher.CrushingWheelBlockEntity to GAME
[05Mar2025 02:07:39.950] [modloading-worker-0/DEBUG] [net.neoforged.fml.javafmlmod.AutomaticEventSubscriber/LOADING]: Auto-subscribing com.simibubi.create.content.kinetics.crank.ValveHandleBlock to GAME
[05Mar2025 02:07:39.952] [modloading-worker-0/DEBUG] [net.neoforged.fml.javafmlmod.AutomaticEventSubscriber/LOADING]: Auto-subscribing com.simibubi.create.content.kinetics.deployer.ManualApplicationRecipe to GAME
[05Mar2025 02:07:39.954] [modloading-worker-0/INFO] [mixin/]: Mixing HeatConditionMixin from createlowheated.mixins.json into com.simibubi.create.content.processing.recipe.HeatCondition
[05Mar2025 02:07:39.954] [modloading-worker-0/DEBUG] [mixin/]: createlowheated.mixins.json:HeatConditionMixin from mod createlowheated: Class version 65 required is higher than the class version supported by the current version of Mixin (JAVA_17 supports class version 61)
[05Mar2025 02:07:39.954] [modloading-worker-0/INFO] [mixin/]: Renaming @Invoker method heatExpansion$invokeInit(Ljava/lang/String;II)Lcom/simibubi/create/content/processing/recipe/HeatCondition; to heatExpansion$invokeInit$createlowheated_$md$a82036$0 in createlowheated.mixins.json:HeatConditionMixin from mod createlowheated
[05Mar2025 02:07:39.958] [modloading-worker-0/WARN] [mixin/]: Write access to @Mutable @Final field $VALUES:[Lcom/simibubi/create/content/processing/recipe/HeatCondition; in createlowheated.mixins.json:HeatConditionMixin from mod createlowheated::heatExpansion$addVariant
[05Mar2025 02:07:39.960] [modloading-worker-0/DEBUG] [mixin/]: createlowheated.mixins.json:HeatConditionMixin from mod createlowheated->@Inject::testBlazeBurnerMixin(Lcom/simibubi/create/content/processing/burner/BlazeBurnerBlock$HeatLevel;Lorg/spongepowered/asm/mixin/injection/callback/CallbackInfoReturnable;)V does use it's CallbackInfoReturnable
[05Mar2025 02:07:39.960] [modloading-worker-0/DEBUG] [mixin/]: createlowheated.mixins.json:HeatConditionMixin from mod createlowheated->@Inject::visualizeAsBlazeBurnerMixin(Lorg/spongepowered/asm/mixin/injection/callback/CallbackInfoReturnable;)V does use it's CallbackInfoReturnable
[05Mar2025 02:07:39.962] [modloading-worker-0/DEBUG] [net.neoforged.fml.javafmlmod.AutomaticEventSubscriber/LOADING]: Auto-subscribing com.simibubi.create.content.kinetics.deployer.DeployerFakePlayer to GAME
[05Mar2025 02:07:39.974] [modloading-worker-0/INFO] [mixin/]: Mixing accessor.MinecraftServerAccessor from ponder.mixins.json into net.minecraft.server.MinecraftServer
[05Mar2025 02:07:39.975] [modloading-worker-0/DEBUG] [mixin/]: ponder.mixins.json:accessor.MinecraftServerAccessor from mod ponder: Class version 65 required is higher than the class version supported by the current version of Mixin (JAVA_17 supports class version 61)
[05Mar2025 02:07:40.028] [modloading-worker-0/DEBUG] [net.neoforged.fml.javafmlmod.AutomaticEventSubscriber/LOADING]: Auto-subscribing com.simibubi.create.content.kinetics.mechanicalArm.ArmInteractionPointHandler to GAME
[05Mar2025 02:07:40.031] [modloading-worker-0/DEBUG] [net.neoforged.fml.javafmlmod.AutomaticEventSubscriber/LOADING]: Auto-subscribing com.simibubi.create.content.kinetics.chainConveyor.ChainConveyorInteractionHandler to GAME
[05Mar2025 02:07:40.033] [modloading-worker-0/DEBUG] [net.neoforged.fml.javafmlmod.AutomaticEventSubscriber/LOADING]: Auto-subscribing com.simibubi.create.content.kinetics.chainConveyor.ChainConveyorConnectionHandler to GAME
[05Mar2025 02:07:40.034] [modloading-worker-0/DEBUG] [net.neoforged.fml.javafmlmod.AutomaticEventSubscriber/LOADING]: Auto-subscribing com.simibubi.create.content.logistics.box.PackageClientInteractionHandler to GAME
[05Mar2025 02:07:40.035] [modloading-worker-0/DEBUG] [net.neoforged.fml.javafmlmod.AutomaticEventSubscriber/LOADING]: Auto-subscribing com.simibubi.create.content.logistics.funnel.FunnelItem to GAME
[05Mar2025 02:07:40.035] [modloading-worker-0/DEBUG] [net.neoforged.fml.javafmlmod.AutomaticEventSubscriber/LOADING]: Auto-subscribing com.simibubi.create.content.logistics.itemHatch.ItemHatchHandler to GAME
[05Mar2025 02:07:40.036] [modloading-worker-0/DEBUG] [net.neoforged.fml.javafmlmod.AutomaticEventSubscriber/LOADING]: Auto-subscribing com.simibubi.create.content.logistics.depot.EjectorTargetHandler to GAME
[05Mar2025 02:07:40.037] [modloading-worker-0/DEBUG] [net.neoforged.fml.javafmlmod.AutomaticEventSubscriber/LOADING]: Auto-subscribing com.simibubi.create.content.logistics.stockTicker.StockTickerInteractionHandler to GAME
[05Mar2025 02:07:40.039] [modloading-worker-0/DEBUG] [net.neoforged.fml.javafmlmod.AutomaticEventSubscriber/LOADING]: Auto-subscribing com.simibubi.create.content.contraptions.mounted.MinecartContraptionItem to GAME
[05Mar2025 02:07:40.040] [modloading-worker-0/DEBUG] [net.neoforged.fml.javafmlmod.AutomaticEventSubscriber/LOADING]: Auto-subscribing com.simibubi.create.content.contraptions.render.ContraptionRenderInfoManager to GAME
[05Mar2025 02:07:40.042] [modloading-worker-0/DEBUG] [net.neoforged.fml.javafmlmod.AutomaticEventSubscriber/LOADING]: Auto-subscribing com.simibubi.create.content.contraptions.ContraptionHandlerClient to GAME
[05Mar2025 02:07:40.043] [modloading-worker-0/DEBUG] [net.neoforged.fml.javafmlmod.AutomaticEventSubscriber/LOADING]: Auto-subscribing com.simibubi.create.content.contraptions.minecart.MinecartCouplingItem to GAME
[05Mar2025 02:07:40.045] [modloading-worker-0/DEBUG] [net.neoforged.fml.javafmlmod.AutomaticEventSubscriber/LOADING]: Auto-subscribing com.simibubi.create.content.contraptions.minecart.CouplingHandler to GAME
[05Mar2025 02:07:40.046] [modloading-worker-0/DEBUG] [net.neoforged.fml.javafmlmod.AutomaticEventSubscriber/LOADING]: Auto-subscribing com.simibubi.create.content.contraptions.glue.SuperGlueHandler to GAME
[05Mar2025 02:07:40.047] [modloading-worker-0/DEBUG] [net.neoforged.fml.javafmlmod.AutomaticEventSubscriber/LOADING]: Auto-subscribing com.simibubi.create.content.contraptions.glue.SuperGlueItem to GAME
[05Mar2025 02:07:40.048] [modloading-worker-0/DEBUG] [net.neoforged.fml.javafmlmod.AutomaticEventSubscriber/LOADING]: Auto-subscribing com.simibubi.create.content.redstone.displayLink.ClickToLinkBlockItem to GAME
[05Mar2025 02:07:40.048] [modloading-worker-0/DEBUG] [net.neoforged.fml.javafmlmod.AutomaticEventSubscriber/LOADING]: Auto-subscribing com.simibubi.create.content.redstone.link.LinkHandler to GAME
[05Mar2025 02:07:40.049] [modloading-worker-0/DEBUG] [net.neoforged.fml.javafmlmod.AutomaticEventSubscriber/LOADING]: Auto-subscribing com.simibubi.create.content.fluids.FluidBottleItemHook to GAME
[05Mar2025 02:07:40.050] [modloading-worker-0/DEBUG] [net.neoforged.fml.javafmlmod.AutomaticEventSubscriber/LOADING]: Auto-subscribing com.simibubi.create.content.fluids.FluidReactions to GAME
[05Mar2025 02:07:40.052] [modloading-worker-0/DEBUG] [net.neoforged.fml.javafmlmod.AutomaticEventSubscriber/LOADING]: Auto-subscribing com.simibubi.create.AllKeys to MOD
[05Mar2025 02:07:40.054] [modloading-worker-0/DEBUG] [net.neoforged.fml.javafmlmod.AutomaticEventSubscriber/LOADING]: Auto-subscribing com.simibubi.create.compat.trainmap.TrainMapEvents to GAME
[05Mar2025 02:07:40.057] [modloading-worker-0/DEBUG] [net.neoforged.fml.javafmlmod.AutomaticEventSubscriber/LOADING]: Auto-subscribing com.simibubi.create.impl.registry.CreateRegistriesImpl to MOD
[05Mar2025 02:07:40.058] [modloading-worker-0/DEBUG] [net.neoforged.fml.javafmlmod.AutomaticEventSubscriber/LOADING]: Auto-subscribing com.simibubi.create.infrastructure.RemapHelper to MOD
[05Mar2025 02:07:40.061] [modloading-worker-0/DEBUG] [net.neoforged.fml.javafmlmod.AutomaticEventSubscriber/LOADING]: Auto-subscribing com.simibubi.create.infrastructure.gametest.CreateGameTests to MOD
[05Mar2025 02:07:40.066] [modloading-worker-0/DEBUG] [net.neoforged.fml.javafmlmod.AutomaticEventSubscriber/LOADING]: Auto-subscribing com.simibubi.create.infrastructure.gui.OpenCreateMenuButton$OpenConfigButtonHandler to GAME
[05Mar2025 02:07:40.067] [modloading-worker-0/DEBUG] [net.neoforged.fml.javafmlmod.AutomaticEventSubscriber/LOADING]: Auto-subscribing com.simibubi.create.infrastructure.config.AllConfigs to MOD
[05Mar2025 02:07:40.102] [modloading-sync-worker/DEBUG] [net.neoforged.neoforge.registries.GameData/REGISTRIES]: Unfreezing registries
[05Mar2025 02:07:40.150] [modloading-sync-worker/INFO] [mixin/]: Mixing HeatLevelMixin from createlowheated.mixins.json into com.simibubi.create.content.processing.burner.BlazeBurnerBlock$HeatLevel
[05Mar2025 02:07:40.150] [modloading-sync-worker/DEBUG] [mixin/]: createlowheated.mixins.json:HeatLevelMixin from mod createlowheated: Class version 65 required is higher than the class version supported by the current version of Mixin (JAVA_17 supports class version 61)
[05Mar2025 02:07:40.151] [modloading-sync-worker/INFO] [mixin/]: Renaming @Invoker method heatExpansion$invokeInit(Ljava/lang/String;I)Lcom/simibubi/create/content/processing/burner/BlazeBurnerBlock$HeatLevel; to heatExpansion$invokeInit$createlowheated_$md$a82036$0 in createlowheated.mixins.json:HeatLevelMixin from mod createlowheated
[05Mar2025 02:07:40.153] [modloading-sync-worker/WARN] [mixin/]: Write access to @Mutable @Final field $VALUES:[Lcom/simibubi/create/content/processing/burner/BlazeBurnerBlock$HeatLevel; in createlowheated.mixins.json:HeatLevelMixin from mod createlowheated::heatExpansion$addVariant
[05Mar2025 02:07:40.828] [modloading-sync-worker/INFO] [mixin/]: Mixing client.HumanoidModelMixin from create.mixins.json into net.minecraft.client.model.HumanoidModel
[05Mar2025 02:07:40.830] [modloading-sync-worker/DEBUG] [mixin/]: create.mixins.json:client.HumanoidModelMixin from mod create->@Inject::create$afterSetupAnim(Lnet/minecraft/world/entity/LivingEntity;FFFFFLorg/spongepowered/asm/mixin/injection/callback/CallbackInfo;)V doesn't use it's CallbackInfo
[05Mar2025 02:07:40.830] [modloading-sync-worker/DEBUG] [mixin/]: create.mixins.json:client.HumanoidModelMixin from mod create->@Inject::create$afterSetupAnim(Lnet/minecraft/world/entity/LivingEntity;FFFFFLorg/spongepowered/asm/mixin/injection/callback/CallbackInfo;)V has 0 override(s) in child classes
[05Mar2025 02:07:40.830] [modloading-sync-worker/DEBUG] [mixin/]: create.mixins.json:client.HumanoidModelMixin from mod create->@Inject::create$afterSetupAnim(Lnet/minecraft/world/entity/LivingEntity;FFFFFLorg/spongepowered/asm/mixin/injection/callback/CallbackInfo;)V won't be passed a CallbackInfo as a result
[05Mar2025 02:07:40.830] [modloading-sync-worker/DEBUG] [mixin/]: create.mixins.json:client.HumanoidModelMixin from mod create->@Inject::create$afterSetupAnim(Lnet/minecraft/world/entity/LivingEntity;FFFFFLorg/spongepowered/asm/mixin/injection/callback/CallbackInfo;)V doesn't use it's CallbackInfo
[05Mar2025 02:07:40.830] [modloading-sync-worker/DEBUG] [mixin/]: create.mixins.json:client.HumanoidModelMixin from mod create->@Inject::create$afterSetupAnim(Lnet/minecraft/world/entity/LivingEntity;FFFFFLorg/spongepowered/asm/mixin/injection/callback/CallbackInfo;)V has 0 override(s) in child classes
[05Mar2025 02:07:40.830] [modloading-sync-worker/DEBUG] [mixin/]: create.mixins.json:client.HumanoidModelMixin from mod create->@Inject::create$afterSetupAnim(Lnet/minecraft/world/entity/LivingEntity;FFFFFLorg/spongepowered/asm/mixin/injection/callback/CallbackInfo;)V won't be passed a CallbackInfo as a result
[05Mar2025 02:07:40.830] [modloading-sync-worker/DEBUG] [mixin/]: create.mixins.json:client.HumanoidModelMixin from mod create->@Inject::create$beforeSetupAnim(Lnet/minecraft/world/entity/LivingEntity;FFFFFLorg/spongepowered/asm/mixin/injection/callback/CallbackInfo;)V doesn't use it's CallbackInfo
[05Mar2025 02:07:40.830] [modloading-sync-worker/DEBUG] [mixin/]: create.mixins.json:client.HumanoidModelMixin from mod create->@Inject::create$beforeSetupAnim(Lnet/minecraft/world/entity/LivingEntity;FFFFFLorg/spongepowered/asm/mixin/injection/callback/CallbackInfo;)V has 0 override(s) in child classes
[05Mar2025 02:07:40.830] [modloading-sync-worker/DEBUG] [mixin/]: create.mixins.json:client.HumanoidModelMixin from mod create->@Inject::create$beforeSetupAnim(Lnet/minecraft/world/entity/LivingEntity;FFFFFLorg/spongepowered/asm/mixin/injection/callback/CallbackInfo;)V won't be passed a CallbackInfo as a result
[05Mar2025 02:07:40.830] [modloading-sync-worker/DEBUG] [mixin/]: create.mixins.json:client.HumanoidModelMixin from mod create->@Inject::create$beforeSetupAnim(Lnet/minecraft/world/entity/LivingEntity;FFFFFLorg/spongepowered/asm/mixin/injection/callback/CallbackInfo;)V doesn't use it's CallbackInfo
[05Mar2025 02:07:40.830] [modloading-sync-worker/DEBUG] [mixin/]: create.mixins.json:client.HumanoidModelMixin from mod create->@Inject::create$beforeSetupAnim(Lnet/minecraft/world/entity/LivingEntity;FFFFFLorg/spongepowered/asm/mixin/injection/callback/CallbackInfo;)V has 0 override(s) in child classes
[05Mar2025 02:07:40.830] [modloading-sync-worker/DEBUG] [mixin/]: create.mixins.json:client.HumanoidModelMixin from mod create->@Inject::create$beforeSetupAnim(Lnet/minecraft/world/entity/LivingEntity;FFFFFLorg/spongepowered/asm/mixin/injection/callback/CallbackInfo;)V won't be passed a CallbackInfo as a result
[05Mar2025 02:07:40.833] [modloading-sync-worker/INFO] [mixin/]: Mixing accessor.AgeableListModelAccessor from create.mixins.json into net.minecraft.client.model.AgeableListModel
[05Mar2025 02:07:40.841] [modloading-sync-worker/INFO] [mixin/]: Mixing accessor.ItemModelGeneratorsAccessor from create.mixins.json into net.minecraft.data.models.ItemModelGenerators
[05Mar2025 02:07:40.841] [modloading-sync-worker/INFO] [mixin/]: Renaming @Accessor method create$getGENERATED_TRIM_MODELS()Ljava/util/List; to getGENERATED_TRIM_MODELS$create_$md$a82036$0 in create.mixins.json:accessor.ItemModelGeneratorsAccessor from mod create
[05Mar2025 02:07:40.878] [modloading-sync-worker/INFO] [mixin/]: Mixing accessor.FontAccessor from create.mixins.json into net.minecraft.client.gui.Font
[05Mar2025 02:07:40.999] [modloading-sync-worker/DEBUG] [net.neoforged.neoforge.registries.GameData/REGISTRIES]: Freezing registries
[05Mar2025 02:07:41.898] [modloading-sync-worker/DEBUG] [net.neoforged.neoforge.registries.GameData/REGISTRIES]: All registries frozen
[05Mar2025 02:07:41.921] [main/INFO] [mixin/]: Mixing ModelPartAccessor from flywheel.impl.mixins.json into net.minecraft.client.model.geom.ModelPart
[05Mar2025 02:07:41.928] [Worker-Main-1/INFO] [mixin/]: Mixing MapItemSavedDataMixin from create.mixins.json into net.minecraft.world.level.saveddata.maps.MapItemSavedData
[05Mar2025 02:07:41.939] [Worker-Main-1/DEBUG] [mixin/]: create.mixins.json:MapItemSavedDataMixin from mod create->@Inject::create$onLoad(Lnet/minecraft/nbt/CompoundTag;Lnet/minecraft/core/HolderLookup$Provider;Lorg/spongepowered/asm/mixin/injection/callback/CallbackInfoReturnable;)V does use it's CallbackInfoReturnable
[05Mar2025 02:07:41.939] [Worker-Main-1/DEBUG] [mixin/]: create.mixins.json:MapItemSavedDataMixin from mod create->@Inject::create$onSave(Lnet/minecraft/nbt/CompoundTag;Lnet/minecraft/core/HolderLookup$Provider;Lorg/spongepowered/asm/mixin/injection/callback/CallbackInfoReturnable;)V doesn't use it's CallbackInfoReturnable
[05Mar2025 02:07:41.939] [Worker-Main-1/DEBUG] [mixin/]: create.mixins.json:MapItemSavedDataMixin from mod create->@Inject::create$onSave(Lnet/minecraft/nbt/CompoundTag;Lnet/minecraft/core/HolderLookup$Provider;Lorg/spongepowered/asm/mixin/injection/callback/CallbackInfoReturnable;)V has 0 override(s) in child classes
[05Mar2025 02:07:41.939] [Worker-Main-1/DEBUG] [mixin/]: create.mixins.json:MapItemSavedDataMixin from mod create->@Inject::create$onSave(Lnet/minecraft/nbt/CompoundTag;Lnet/minecraft/core/HolderLookup$Provider;Lorg/spongepowered/asm/mixin/injection/callback/CallbackInfoReturnable;)V won't be passed a CallbackInfoReturnable as a result
[05Mar2025 02:07:41.939] [Worker-Main-1/DEBUG] [mixin/]: create.mixins.json:MapItemSavedDataMixin from mod create->@Inject::create$onCheckBanners(Lnet/minecraft/world/level/BlockGetter;IILorg/spongepowered/asm/mixin/injection/callback/CallbackInfo;)V doesn't use it's CallbackInfo
[05Mar2025 02:07:41.939] [Worker-Main-1/DEBUG] [mixin/]: create.mixins.json:MapItemSavedDataMixin from mod create->@Inject::create$onCheckBanners(Lnet/minecraft/world/level/BlockGetter;IILorg/spongepowered/asm/mixin/injection/callback/CallbackInfo;)V has 0 override(s) in child classes
[05Mar2025 02:07:41.939] [Worker-Main-1/DEBUG] [mixin/]: create.mixins.json:MapItemSavedDataMixin from mod create->@Inject::create$onCheckBanners(Lnet/minecraft/world/level/BlockGetter;IILorg/spongepowered/asm/mixin/injection/callback/CallbackInfo;)V won't be passed a CallbackInfo as a result
[05Mar2025 02:07:41.989] [main/WARN] [net.minecraft.server.packs.VanillaPackResourcesBuilder/]: Assets URL 'union:/home/zeh/git/create/lowheated/.gradle/repositories/ng_dummy_ng/net/neoforged/neoforge/21.1.125/neoforge-21.1.125.jar%23177!/assets/.mcassetsroot' uses unexpected schema
[05Mar2025 02:07:41.990] [main/WARN] [net.minecraft.server.packs.VanillaPackResourcesBuilder/]: Assets URL 'union:/home/zeh/git/create/lowheated/.gradle/repositories/ng_dummy_ng/net/neoforged/neoforge/21.1.125/neoforge-21.1.125.jar%23177!/data/.mcassetsroot' uses unexpected schema
[05Mar2025 02:07:42.018] [main/INFO] [mixin/]: Mixing MixinPiglinAi from curios.neoforge.mixins.json into net.minecraft.world.entity.monster.piglin.PiglinAi
[05Mar2025 02:07:42.019] [main/DEBUG] [mixin/]: curios.neoforge.mixins.json:MixinPiglinAi from mod curios->@Inject::curios$isWearingGold(Lnet/minecraft/world/entity/LivingEntity;Lorg/spongepowered/asm/mixin/injection/callback/CallbackInfoReturnable;)V does use it's CallbackInfoReturnable
[05Mar2025 02:07:42.019] [main/DEBUG] [mixin/]: curios.neoforge.mixins.json:MixinPiglinAi from mod curios->@Inject::curios$isWearingGold(Lnet/minecraft/world/entity/LivingEntity;Lorg/spongepowered/asm/mixin/injection/callback/CallbackInfoReturnable;)V does use it's CallbackInfoReturnable
[05Mar2025 02:07:42.126] [main/INFO] [mixin/]: Mixing MixinCuriosDataProvider from curios.neoforge.mixins.json into top.theillusivec4.curios.api.CuriosDataProvider
[05Mar2025 02:07:42.128] [main/DEBUG] [mixin/]: curios.neoforge.mixins.json:MixinCuriosDataProvider from mod curios->@Inject::curios$createSlotData(Lorg/spongepowered/asm/mixin/injection/callback/CallbackInfoReturnable;)V does use it's CallbackInfoReturnable
[05Mar2025 02:07:42.128] [main/DEBUG] [mixin/]: curios.neoforge.mixins.json:MixinCuriosDataProvider from mod curios->@Inject::curios$createEntitiesData(Lorg/spongepowered/asm/mixin/injection/callback/CallbackInfoReturnable;)V does use it's CallbackInfoReturnable
[05Mar2025 02:07:42.184] [main/DEBUG] [com.tterrag.registrate.providers.RegistrateDataProvider/REGISTRATE.DATA]: Gathering providers for sides: [CLIENT, SERVER]
[05Mar2025 02:07:42.335] [main/DEBUG] [com.tterrag.registrate.providers.RegistrateDataProvider/REGISTRATE.DATA]: Adding provider for type: dynamic
[05Mar2025 02:07:42.335] [main/DEBUG] [com.tterrag.registrate.providers.RegistrateDataProvider/REGISTRATE.DATA]: Adding provider for type: data_map
[05Mar2025 02:07:42.335] [main/DEBUG] [com.tterrag.registrate.providers.RegistrateDataProvider/REGISTRATE.DATA]: Adding provider for type: recipe
[05Mar2025 02:07:42.335] [main/DEBUG] [com.tterrag.registrate.providers.RegistrateDataProvider/REGISTRATE.DATA]: Adding provider for type: advancement
[05Mar2025 02:07:42.336] [main/DEBUG] [com.tterrag.registrate.providers.RegistrateDataProvider/REGISTRATE.DATA]: Adding provider for type: loot
[05Mar2025 02:07:42.336] [main/DEBUG] [com.tterrag.registrate.providers.RegistrateDataProvider/REGISTRATE.DATA]: Adding provider for type: tags/enchantment
[05Mar2025 02:07:42.336] [main/DEBUG] [com.tterrag.registrate.providers.RegistrateDataProvider/REGISTRATE.DATA]: Adding provider for type: tags/block
[05Mar2025 02:07:42.339] [main/DEBUG] [com.tterrag.registrate.AbstractRegistrate/REGISTRATE.DATA]: Generating data of type tags/block for entry schematicannon [minecraft:block]
[05Mar2025 02:07:42.341] [main/DEBUG] [com.tterrag.registrate.AbstractRegistrate/REGISTRATE.DATA]: Generating data of type tags/block for entry schematic_table [minecraft:block]
[05Mar2025 02:07:42.341] [main/DEBUG] [com.tterrag.registrate.AbstractRegistrate/REGISTRATE.DATA]: Generating data of type tags/block for entry shaft [minecraft:block]
[05Mar2025 02:07:42.341] [main/DEBUG] [com.tterrag.registrate.AbstractRegistrate/REGISTRATE.DATA]: Generating data of type tags/block for entry cogwheel [minecraft:block]
[05Mar2025 02:07:42.341] [main/DEBUG] [com.tterrag.registrate.AbstractRegistrate/REGISTRATE.DATA]: Generating data of type tags/block for entry large_cogwheel [minecraft:block]
[05Mar2025 02:07:42.341] [main/DEBUG] [com.tterrag.registrate.AbstractRegistrate/REGISTRATE.DATA]: Generating data of type tags/block for entry andesite_encased_shaft [minecraft:block]
[05Mar2025 02:07:42.341] [main/DEBUG] [com.tterrag.registrate.AbstractRegistrate/REGISTRATE.DATA]: Generating data of type tags/block for entry brass_encased_shaft [minecraft:block]
[05Mar2025 02:07:42.341] [main/DEBUG] [com.tterrag.registrate.AbstractRegistrate/REGISTRATE.DATA]: Generating data of type tags/block for entry andesite_encased_cogwheel [minecraft:block]
[05Mar2025 02:07:42.341] [main/DEBUG] [com.tterrag.registrate.AbstractRegistrate/REGISTRATE.DATA]: Generating data of type tags/block for entry brass_encased_cogwheel [minecraft:block]
[05Mar2025 02:07:42.341] [main/DEBUG] [com.tterrag.registrate.AbstractRegistrate/REGISTRATE.DATA]: Generating data of type tags/block for entry andesite_encased_large_cogwheel [minecraft:block]
[05Mar2025 02:07:42.342] [main/DEBUG] [com.tterrag.registrate.AbstractRegistrate/REGISTRATE.DATA]: Generating data of type tags/block for entry brass_encased_large_cogwheel [minecraft:block]
[05Mar2025 02:07:42.342] [main/DEBUG] [com.tterrag.registrate.AbstractRegistrate/REGISTRATE.DATA]: Generating data of type tags/block for entry gearbox [minecraft:block]
[05Mar2025 02:07:42.342] [main/DEBUG] [com.tterrag.registrate.AbstractRegistrate/REGISTRATE.DATA]: Generating data of type tags/block for entry clutch [minecraft:block]
[05Mar2025 02:07:42.342] [main/DEBUG] [com.tterrag.registrate.AbstractRegistrate/REGISTRATE.DATA]: Generating data of type tags/block for entry gearshift [minecraft:block]
[05Mar2025 02:07:42.342] [main/DEBUG] [com.tterrag.registrate.AbstractRegistrate/REGISTRATE.DATA]: Generating data of type tags/block for entry encased_chain_drive [minecraft:block]
[05Mar2025 02:07:42.342] [main/DEBUG] [com.tterrag.registrate.AbstractRegistrate/REGISTRATE.DATA]: Generating data of type tags/block for entry adjustable_chain_gearshift [minecraft:block]
[05Mar2025 02:07:42.342] [main/DEBUG] [com.tterrag.registrate.AbstractRegistrate/REGISTRATE.DATA]: Generating data of type tags/block for entry belt [minecraft:block]
[05Mar2025 02:07:42.342] [main/DEBUG] [com.tterrag.registrate.AbstractRegistrate/REGISTRATE.DATA]: Generating data of type tags/block for entry chain_conveyor [minecraft:block]
[05Mar2025 02:07:42.342] [main/DEBUG] [com.tterrag.registrate.AbstractRegistrate/REGISTRATE.DATA]: Generating data of type tags/block for entry creative_motor [minecraft:block]
[05Mar2025 02:07:42.342] [main/DEBUG] [com.tterrag.registrate.AbstractRegistrate/REGISTRATE.DATA]: Generating data of type tags/block for entry water_wheel [minecraft:block]
[05Mar2025 02:07:42.342] [main/DEBUG] [com.tterrag.registrate.AbstractRegistrate/REGISTRATE.DATA]: Generating data of type tags/block for entry large_water_wheel [minecraft:block]
[05Mar2025 02:07:42.342] [main/DEBUG] [com.tterrag.registrate.AbstractRegistrate/REGISTRATE.DATA]: Generating data of type tags/block for entry water_wheel_structure [minecraft:block]
[05Mar2025 02:07:42.342] [main/DEBUG] [com.tterrag.registrate.AbstractRegistrate/REGISTRATE.DATA]: Generating data of type tags/block for entry encased_fan [minecraft:block]
[05Mar2025 02:07:42.342] [main/DEBUG] [com.tterrag.registrate.AbstractRegistrate/REGISTRATE.DATA]: Generating data of type tags/block for entry nozzle [minecraft:block]
[05Mar2025 02:07:42.342] [main/DEBUG] [com.tterrag.registrate.AbstractRegistrate/REGISTRATE.DATA]: Generating data of type tags/block for entry turntable [minecraft:block]
[05Mar2025 02:07:42.342] [main/DEBUG] [com.tterrag.registrate.AbstractRegistrate/REGISTRATE.DATA]: Generating data of type tags/block for entry hand_crank [minecraft:block]
[05Mar2025 02:07:42.342] [main/DEBUG] [com.tterrag.registrate.AbstractRegistrate/REGISTRATE.DATA]: Generating data of type tags/block for entry cuckoo_clock [minecraft:block]
[05Mar2025 02:07:42.342] [main/DEBUG] [com.tterrag.registrate.AbstractRegistrate/REGISTRATE.DATA]: Generating data of type tags/block for entry mysterious_cuckoo_clock [minecraft:block]
[05Mar2025 02:07:42.343] [main/DEBUG] [com.tterrag.registrate.AbstractRegistrate/REGISTRATE.DATA]: Generating data of type tags/block for entry millstone [minecraft:block]
[05Mar2025 02:07:42.343] [main/DEBUG] [com.tterrag.registrate.AbstractRegistrate/REGISTRATE.DATA]: Generating data of type tags/block for entry crushing_wheel [minecraft:block]
[05Mar2025 02:07:42.343] [main/DEBUG] [com.tterrag.registrate.AbstractRegistrate/REGISTRATE.DATA]: Generating data of type tags/block for entry mechanical_press [minecraft:block]
[05Mar2025 02:07:42.343] [main/DEBUG] [com.tterrag.registrate.AbstractRegistrate/REGISTRATE.DATA]: Generating data of type tags/block for entry mechanical_mixer [minecraft:block]
[05Mar2025 02:07:42.343] [main/DEBUG] [com.tterrag.registrate.AbstractRegistrate/REGISTRATE.DATA]: Generating data of type tags/block for entry basin [minecraft:block]
[05Mar2025 02:07:42.343] [main/DEBUG] [com.tterrag.registrate.AbstractRegistrate/REGISTRATE.DATA]: Generating data of type tags/block for entry blaze_burner [minecraft:block]
[05Mar2025 02:07:42.343] [main/DEBUG] [com.tterrag.registrate.AbstractRegistrate/REGISTRATE.DATA]: Generating data of type tags/block for entry lit_blaze_burner [minecraft:block]
[05Mar2025 02:07:42.343] [main/DEBUG] [com.tterrag.registrate.AbstractRegistrate/REGISTRATE.DATA]: Generating data of type tags/block for entry depot [minecraft:block]
[05Mar2025 02:07:42.343] [main/DEBUG] [com.tterrag.registrate.AbstractRegistrate/REGISTRATE.DATA]: Generating data of type tags/block for entry weighted_ejector [minecraft:block]
[05Mar2025 02:07:42.343] [main/DEBUG] [com.tterrag.registrate.AbstractRegistrate/REGISTRATE.DATA]: Generating data of type tags/block for entry chute [minecraft:block]
[05Mar2025 02:07:42.343] [main/DEBUG] [com.tterrag.registrate.AbstractRegistrate/REGISTRATE.DATA]: Generating data of type tags/block for entry smart_chute [minecraft:block]
[05Mar2025 02:07:42.343] [main/DEBUG] [com.tterrag.registrate.AbstractRegistrate/REGISTRATE.DATA]: Generating data of type tags/block for entry speedometer [minecraft:block]
[05Mar2025 02:07:42.343] [main/DEBUG] [com.tterrag.registrate.AbstractRegistrate/REGISTRATE.DATA]: Generating data of type tags/block for entry stressometer [minecraft:block]
[05Mar2025 02:07:42.343] [main/DEBUG] [com.tterrag.registrate.AbstractRegistrate/REGISTRATE.DATA]: Generating data of type tags/block for entry wooden_bracket [minecraft:block]
[05Mar2025 02:07:42.343] [main/DEBUG] [com.tterrag.registrate.AbstractRegistrate/REGISTRATE.DATA]: Generating data of type tags/block for entry metal_bracket [minecraft:block]
[05Mar2025 02:07:42.343] [main/DEBUG] [com.tterrag.registrate.AbstractRegistrate/REGISTRATE.DATA]: Generating data of type tags/block for entry fluid_pipe [minecraft:block]
[05Mar2025 02:07:42.344] [main/DEBUG] [com.tterrag.registrate.AbstractRegistrate/REGISTRATE.DATA]: Generating data of type tags/block for entry encased_fluid_pipe [minecraft:block]
[05Mar2025 02:07:42.344] [main/DEBUG] [com.tterrag.registrate.AbstractRegistrate/REGISTRATE.DATA]: Generating data of type tags/block for entry glass_fluid_pipe [minecraft:block]
[05Mar2025 02:07:42.344] [main/DEBUG] [com.tterrag.registrate.AbstractRegistrate/REGISTRATE.DATA]: Generating data of type tags/block for entry mechanical_pump [minecraft:block]
[05Mar2025 02:07:42.344] [main/DEBUG] [com.tterrag.registrate.AbstractRegistrate/REGISTRATE.DATA]: Generating data of type tags/block for entry smart_fluid_pipe [minecraft:block]
[05Mar2025 02:07:42.344] [main/DEBUG] [com.tterrag.registrate.AbstractRegistrate/REGISTRATE.DATA]: Generating data of type tags/block for entry fluid_valve [minecraft:block]
[05Mar2025 02:07:42.344] [main/DEBUG] [com.tterrag.registrate.AbstractRegistrate/REGISTRATE.DATA]: Generating data of type tags/block for entry copper_valve_handle [minecraft:block]
[05Mar2025 02:07:42.344] [main/DEBUG] [com.tterrag.registrate.AbstractRegistrate/REGISTRATE.DATA]: Generating data of type tags/block for entry white_valve_handle [minecraft:block]
[05Mar2025 02:07:42.344] [main/DEBUG] [com.tterrag.registrate.AbstractRegistrate/REGISTRATE.DATA]: Generating data of type tags/block for entry orange_valve_handle [minecraft:block]
[05Mar2025 02:07:42.344] [main/DEBUG] [com.tterrag.registrate.AbstractRegistrate/REGISTRATE.DATA]: Generating data of type tags/block for entry magenta_valve_handle [minecraft:block]
[05Mar2025 02:07:42.344] [main/DEBUG] [com.tterrag.registrate.AbstractRegistrate/REGISTRATE.DATA]: Generating data of type tags/block for entry light_blue_valve_handle [minecraft:block]
[05Mar2025 02:07:42.344] [main/DEBUG] [com.tterrag.registrate.AbstractRegistrate/REGISTRATE.DATA]: Generating data of type tags/block for entry yellow_valve_handle [minecraft:block]
[05Mar2025 02:07:42.344] [main/DEBUG] [com.tterrag.registrate.AbstractRegistrate/REGISTRATE.DATA]: Generating data of type tags/block for entry lime_valve_handle [minecraft:block]
[05Mar2025 02:07:42.344] [main/DEBUG] [com.tterrag.registrate.AbstractRegistrate/REGISTRATE.DATA]: Generating data of type tags/block for entry pink_valve_handle [minecraft:block]
[05Mar2025 02:07:42.344] [main/DEBUG] [com.tterrag.registrate.AbstractRegistrate/REGISTRATE.DATA]: Generating data of type tags/block for entry gray_valve_handle [minecraft:block]
[05Mar2025 02:07:42.344] [main/DEBUG] [com.tterrag.registrate.AbstractRegistrate/REGISTRATE.DATA]: Generating data of type tags/block for entry light_gray_valve_handle [minecraft:block]
[05Mar2025 02:07:42.344] [main/DEBUG] [com.tterrag.registrate.AbstractRegistrate/REGISTRATE.DATA]: Generating data of type tags/block for entry cyan_valve_handle [minecraft:block]
[05Mar2025 02:07:42.344] [main/DEBUG] [com.tterrag.registrate.AbstractRegistrate/REGISTRATE.DATA]: Generating data of type tags/block for entry purple_valve_handle [minecraft:block]
[05Mar2025 02:07:42.345] [main/DEBUG] [com.tterrag.registrate.AbstractRegistrate/REGISTRATE.DATA]: Generating data of type tags/block for entry blue_valve_handle [minecraft:block]
[05Mar2025 02:07:42.345] [main/DEBUG] [com.tterrag.registrate.AbstractRegistrate/REGISTRATE.DATA]: Generating data of type tags/block for entry brown_valve_handle [minecraft:block]
[05Mar2025 02:07:42.345] [main/DEBUG] [com.tterrag.registrate.AbstractRegistrate/REGISTRATE.DATA]: Generating data of type tags/block for entry green_valve_handle [minecraft:block]
[05Mar2025 02:07:42.345] [main/DEBUG] [com.tterrag.registrate.AbstractRegistrate/REGISTRATE.DATA]: Generating data of type tags/block for entry red_valve_handle [minecraft:block]
[05Mar2025 02:07:42.345] [main/DEBUG] [com.tterrag.registrate.AbstractRegistrate/REGISTRATE.DATA]: Generating data of type tags/block for entry black_valve_handle [minecraft:block]
[05Mar2025 02:07:42.345] [main/DEBUG] [com.tterrag.registrate.AbstractRegistrate/REGISTRATE.DATA]: Generating data of type tags/block for entry fluid_tank [minecraft:block]
[05Mar2025 02:07:42.345] [main/DEBUG] [com.tterrag.registrate.AbstractRegistrate/REGISTRATE.DATA]: Generating data of type tags/block for entry creative_fluid_tank [minecraft:block]
[05Mar2025 02:07:42.345] [main/DEBUG] [com.tterrag.registrate.AbstractRegistrate/REGISTRATE.DATA]: Generating data of type tags/block for entry hose_pulley [minecraft:block]
[05Mar2025 02:07:42.345] [main/DEBUG] [com.tterrag.registrate.AbstractRegistrate/REGISTRATE.DATA]: Generating data of type tags/block for entry item_drain [minecraft:block]
[05Mar2025 02:07:42.345] [main/DEBUG] [com.tterrag.registrate.AbstractRegistrate/REGISTRATE.DATA]: Generating data of type tags/block for entry spout [minecraft:block]
[05Mar2025 02:07:42.345] [main/DEBUG] [com.tterrag.registrate.AbstractRegistrate/REGISTRATE.DATA]: Generating data of type tags/block for entry portable_fluid_interface [minecraft:block]
[05Mar2025 02:07:42.345] [main/DEBUG] [com.tterrag.registrate.AbstractRegistrate/REGISTRATE.DATA]: Generating data of type tags/block for entry steam_engine [minecraft:block]
[05Mar2025 02:07:42.345] [main/DEBUG] [com.tterrag.registrate.AbstractRegistrate/REGISTRATE.DATA]: Generating data of type tags/block for entry steam_whistle [minecraft:block]
[05Mar2025 02:07:42.345] [main/DEBUG] [com.tterrag.registrate.AbstractRegistrate/REGISTRATE.DATA]: Generating data of type tags/block for entry steam_whistle_extension [minecraft:block]
[05Mar2025 02:07:42.345] [main/DEBUG] [com.tterrag.registrate.AbstractRegistrate/REGISTRATE.DATA]: Generating data of type tags/block for entry powered_shaft [minecraft:block]
[05Mar2025 02:07:42.345] [main/DEBUG] [com.tterrag.registrate.AbstractRegistrate/REGISTRATE.DATA]: Generating data of type tags/block for entry mechanical_piston [minecraft:block]
[05Mar2025 02:07:42.345] [main/DEBUG] [com.tterrag.registrate.AbstractRegistrate/REGISTRATE.DATA]: Generating data of type tags/block for entry sticky_mechanical_piston [minecraft:block]
[05Mar2025 02:07:42.345] [main/DEBUG] [com.tterrag.registrate.AbstractRegistrate/REGISTRATE.DATA]: Generating data of type tags/block for entry piston_extension_pole [minecraft:block]
[05Mar2025 02:07:42.345] [main/DEBUG] [com.tterrag.registrate.AbstractRegistrate/REGISTRATE.DATA]: Generating data of type tags/block for entry mechanical_piston_head [minecraft:block]
[05Mar2025 02:07:42.345] [main/DEBUG] [com.tterrag.registrate.AbstractRegistrate/REGISTRATE.DATA]: Generating data of type tags/block for entry gantry_carriage [minecraft:block]
[05Mar2025 02:07:42.346] [main/DEBUG] [com.tterrag.registrate.AbstractRegistrate/REGISTRATE.DATA]: Generating data of type tags/block for entry gantry_shaft [minecraft:block]
[05Mar2025 02:07:42.346] [main/DEBUG] [com.tterrag.registrate.AbstractRegistrate/REGISTRATE.DATA]: Generating data of type tags/block for entry windmill_bearing [minecraft:block]
[05Mar2025 02:07:42.346] [main/DEBUG] [com.tterrag.registrate.AbstractRegistrate/REGISTRATE.DATA]: Generating data of type tags/block for entry mechanical_bearing [minecraft:block]
[05Mar2025 02:07:42.346] [main/DEBUG] [com.tterrag.registrate.AbstractRegistrate/REGISTRATE.DATA]: Generating data of type tags/block for entry clockwork_bearing [minecraft:block]
[05Mar2025 02:07:42.346] [main/DEBUG] [com.tterrag.registrate.AbstractRegistrate/REGISTRATE.DATA]: Generating data of type tags/block for entry rope_pulley [minecraft:block]
[05Mar2025 02:07:42.346] [main/DEBUG] [com.tterrag.registrate.AbstractRegistrate/REGISTRATE.DATA]: Generating data of type tags/block for entry rope [minecraft:block]
[05Mar2025 02:07:42.346] [main/DEBUG] [com.tterrag.registrate.AbstractRegistrate/REGISTRATE.DATA]: Generating data of type tags/block for entry pulley_magnet [minecraft:block]
[05Mar2025 02:07:42.346] [main/DEBUG] [com.tterrag.registrate.AbstractRegistrate/REGISTRATE.DATA]: Generating data of type tags/block for entry elevator_pulley [minecraft:block]
[05Mar2025 02:07:42.346] [main/DEBUG] [com.tterrag.registrate.AbstractRegistrate/REGISTRATE.DATA]: Generating data of type tags/block for entry cart_assembler [minecraft:block]
[05Mar2025 02:07:42.346] [main/DEBUG] [com.tterrag.registrate.AbstractRegistrate/REGISTRATE.DATA]: Generating data of type tags/block for entry controller_rail [minecraft:block]
[05Mar2025 02:07:42.346] [main/DEBUG] [com.tterrag.registrate.AbstractRegistrate/REGISTRATE.DATA]: Generating data of type tags/block for entry linear_chassis [minecraft:block]
[05Mar2025 02:07:42.346] [main/DEBUG] [com.tterrag.registrate.AbstractRegistrate/REGISTRATE.DATA]: Generating data of type tags/block for entry secondary_linear_chassis [minecraft:block]
[05Mar2025 02:07:42.346] [main/DEBUG] [com.tterrag.registrate.AbstractRegistrate/REGISTRATE.DATA]: Generating data of type tags/block for entry radial_chassis [minecraft:block]
[05Mar2025 02:07:42.346] [main/DEBUG] [com.tterrag.registrate.AbstractRegistrate/REGISTRATE.DATA]: Generating data of type tags/block for entry sticker [minecraft:block]
[05Mar2025 02:07:42.346] [main/DEBUG] [com.tterrag.registrate.AbstractRegistrate/REGISTRATE.DATA]: Generating data of type tags/block for entry contraption_controls [minecraft:block]
[05Mar2025 02:07:42.347] [main/DEBUG] [com.tterrag.registrate.AbstractRegistrate/REGISTRATE.DATA]: Generating data of type tags/block for entry mechanical_drill [minecraft:block]
[05Mar2025 02:07:42.347] [main/DEBUG] [com.tterrag.registrate.AbstractRegistrate/REGISTRATE.DATA]: Generating data of type tags/block for entry mechanical_saw [minecraft:block]
[05Mar2025 02:07:42.347] [main/DEBUG] [com.tterrag.registrate.AbstractRegistrate/REGISTRATE.DATA]: Generating data of type tags/block for entry deployer [minecraft:block]
[05Mar2025 02:07:42.347] [main/DEBUG] [com.tterrag.registrate.AbstractRegistrate/REGISTRATE.DATA]: Generating data of type tags/block for entry portable_storage_interface [minecraft:block]
[05Mar2025 02:07:42.347] [main/DEBUG] [com.tterrag.registrate.AbstractRegistrate/REGISTRATE.DATA]: Generating data of type tags/block for entry redstone_contact [minecraft:block]
[05Mar2025 02:07:42.347] [main/DEBUG] [com.tterrag.registrate.AbstractRegistrate/REGISTRATE.DATA]: Generating data of type tags/block for entry elevator_contact [minecraft:block]
[05Mar2025 02:07:42.347] [main/DEBUG] [com.tterrag.registrate.AbstractRegistrate/REGISTRATE.DATA]: Generating data of type tags/block for entry mechanical_harvester [minecraft:block]
[05Mar2025 02:07:42.347] [main/DEBUG] [com.tterrag.registrate.AbstractRegistrate/REGISTRATE.DATA]: Generating data of type tags/block for entry mechanical_plough [minecraft:block]
[05Mar2025 02:07:42.347] [main/DEBUG] [com.tterrag.registrate.AbstractRegistrate/REGISTRATE.DATA]: Generating data of type tags/block for entry mechanical_roller [minecraft:block]
[05Mar2025 02:07:42.347] [main/DEBUG] [com.tterrag.registrate.AbstractRegistrate/REGISTRATE.DATA]: Generating data of type tags/block for entry sail_frame [minecraft:block]
[05Mar2025 02:07:42.347] [main/DEBUG] [com.tterrag.registrate.AbstractRegistrate/REGISTRATE.DATA]: Generating data of type tags/block for entry white_sail [minecraft:block]
[05Mar2025 02:07:42.347] [main/DEBUG] [com.tterrag.registrate.AbstractRegistrate/REGISTRATE.DATA]: Generating data of type tags/block for entry orange_sail [minecraft:block]
[05Mar2025 02:07:42.347] [main/DEBUG] [com.tterrag.registrate.AbstractRegistrate/REGISTRATE.DATA]: Generating data of type tags/block for entry magenta_sail [minecraft:block]
[05Mar2025 02:07:42.348] [main/DEBUG] [com.tterrag.registrate.AbstractRegistrate/REGISTRATE.DATA]: Generating data of type tags/block for entry light_blue_sail [minecraft:block]
[05Mar2025 02:07:42.348] [main/DEBUG] [com.tterrag.registrate.AbstractRegistrate/REGISTRATE.DATA]: Generating data of type tags/block for entry yellow_sail [minecraft:block]
[05Mar2025 02:07:42.348] [main/DEBUG] [com.tterrag.registrate.AbstractRegistrate/REGISTRATE.DATA]: Generating data of type tags/block for entry lime_sail [minecraft:block]
[05Mar2025 02:07:42.348] [main/DEBUG] [com.tterrag.registrate.AbstractRegistrate/REGISTRATE.DATA]: Generating data of type tags/block for entry pink_sail [minecraft:block]
[05Mar2025 02:07:42.348] [main/DEBUG] [com.tterrag.registrate.AbstractRegistrate/REGISTRATE.DATA]: Generating data of type tags/block for entry gray_sail [minecraft:block]
[05Mar2025 02:07:42.348] [main/DEBUG] [com.tterrag.registrate.AbstractRegistrate/REGISTRATE.DATA]: Generating data of type tags/block for entry light_gray_sail [minecraft:block]
[05Mar2025 02:07:42.348] [main/DEBUG] [com.tterrag.registrate.AbstractRegistrate/REGISTRATE.DATA]: Generating data of type tags/block for entry cyan_sail [minecraft:block]
[05Mar2025 02:07:42.348] [main/DEBUG] [com.tterrag.registrate.AbstractRegistrate/REGISTRATE.DATA]: Generating data of type tags/block for entry purple_sail [minecraft:block]
[05Mar2025 02:07:42.348] [main/DEBUG] [com.tterrag.registrate.AbstractRegistrate/REGISTRATE.DATA]: Generating data of type tags/block for entry blue_sail [minecraft:block]
[05Mar2025 02:07:42.348] [main/DEBUG] [com.tterrag.registrate.AbstractRegistrate/REGISTRATE.DATA]: Generating data of type tags/block for entry brown_sail [minecraft:block]
[05Mar2025 02:07:42.348] [main/DEBUG] [com.tterrag.registrate.AbstractRegistrate/REGISTRATE.DATA]: Generating data of type tags/block for entry green_sail [minecraft:block]
[05Mar2025 02:07:42.348] [main/DEBUG] [com.tterrag.registrate.AbstractRegistrate/REGISTRATE.DATA]: Generating data of type tags/block for entry red_sail [minecraft:block]
[05Mar2025 02:07:42.348] [main/DEBUG] [com.tterrag.registrate.AbstractRegistrate/REGISTRATE.DATA]: Generating data of type tags/block for entry black_sail [minecraft:block]
[05Mar2025 02:07:42.348] [main/DEBUG] [com.tterrag.registrate.AbstractRegistrate/REGISTRATE.DATA]: Generating data of type tags/block for entry andesite_casing [minecraft:block]
[05Mar2025 02:07:42.348] [main/DEBUG] [com.tterrag.registrate.AbstractRegistrate/REGISTRATE.DATA]: Generating data of type tags/block for entry brass_casing [minecraft:block]
[05Mar2025 02:07:42.348] [main/DEBUG] [com.tterrag.registrate.AbstractRegistrate/REGISTRATE.DATA]: Generating data of type tags/block for entry copper_casing [minecraft:block]
[05Mar2025 02:07:42.348] [main/DEBUG] [com.tterrag.registrate.AbstractRegistrate/REGISTRATE.DATA]: Generating data of type tags/block for entry shadow_steel_casing [minecraft:block]
[05Mar2025 02:07:42.349] [main/DEBUG] [com.tterrag.registrate.AbstractRegistrate/REGISTRATE.DATA]: Generating data of type tags/block for entry refined_radiance_casing [minecraft:block]
[05Mar2025 02:07:42.349] [main/DEBUG] [com.tterrag.registrate.AbstractRegistrate/REGISTRATE.DATA]: Generating data of type tags/block for entry mechanical_crafter [minecraft:block]
[05Mar2025 02:07:42.349] [main/DEBUG] [com.tterrag.registrate.AbstractRegistrate/REGISTRATE.DATA]: Generating data of type tags/block for entry sequenced_gearshift [minecraft:block]
[05Mar2025 02:07:42.349] [main/DEBUG] [com.tterrag.registrate.AbstractRegistrate/REGISTRATE.DATA]: Generating data of type tags/block for entry flywheel [minecraft:block]
[05Mar2025 02:07:42.349] [main/DEBUG] [com.tterrag.registrate.AbstractRegistrate/REGISTRATE.DATA]: Generating data of type tags/block for entry rotation_speed_controller [minecraft:block]
[05Mar2025 02:07:42.349] [main/DEBUG] [com.tterrag.registrate.AbstractRegistrate/REGISTRATE.DATA]: Generating data of type tags/block for entry mechanical_arm [minecraft:block]
[05Mar2025 02:07:42.349] [main/DEBUG] [com.tterrag.registrate.AbstractRegistrate/REGISTRATE.DATA]: Generating data of type tags/block for entry track [minecraft:block]
[05Mar2025 02:07:42.349] [main/DEBUG] [com.tterrag.registrate.AbstractRegistrate/REGISTRATE.DATA]: Generating data of type tags/block for entry railway_casing [minecraft:block]
[05Mar2025 02:07:42.349] [main/DEBUG] [com.tterrag.registrate.AbstractRegistrate/REGISTRATE.DATA]: Generating data of type tags/block for entry track_station [minecraft:block]
[05Mar2025 02:07:42.349] [main/DEBUG] [com.tterrag.registrate.AbstractRegistrate/REGISTRATE.DATA]: Generating data of type tags/block for entry track_signal [minecraft:block]
[05Mar2025 02:07:42.349] [main/DEBUG] [com.tterrag.registrate.AbstractRegistrate/REGISTRATE.DATA]: Generating data of type tags/block for entry track_observer [minecraft:block]
[05Mar2025 02:07:42.349] [main/DEBUG] [com.tterrag.registrate.AbstractRegistrate/REGISTRATE.DATA]: Generating data of type tags/block for entry small_bogey [minecraft:block]
[05Mar2025 02:07:42.349] [main/DEBUG] [com.tterrag.registrate.AbstractRegistrate/REGISTRATE.DATA]: Generating data of type tags/block for entry large_bogey [minecraft:block]
[05Mar2025 02:07:42.349] [main/DEBUG] [com.tterrag.registrate.AbstractRegistrate/REGISTRATE.DATA]: Generating data of type tags/block for entry controls [minecraft:block]
[05Mar2025 02:07:42.349] [main/DEBUG] [com.tterrag.registrate.AbstractRegistrate/REGISTRATE.DATA]: Generating data of type tags/block for entry andesite_funnel [minecraft:block]
[05Mar2025 02:07:42.349] [main/DEBUG] [com.tterrag.registrate.AbstractRegistrate/REGISTRATE.DATA]: Generating data of type tags/block for entry andesite_belt_funnel [minecraft:block]
[05Mar2025 02:07:42.349] [main/DEBUG] [com.tterrag.registrate.AbstractRegistrate/REGISTRATE.DATA]: Generating data of type tags/block for entry brass_funnel [minecraft:block]
[05Mar2025 02:07:42.349] [main/DEBUG] [com.tterrag.registrate.AbstractRegistrate/REGISTRATE.DATA]: Generating data of type tags/block for entry brass_belt_funnel [minecraft:block]
[05Mar2025 02:07:42.350] [main/DEBUG] [com.tterrag.registrate.AbstractRegistrate/REGISTRATE.DATA]: Generating data of type tags/block for entry andesite_tunnel [minecraft:block]
[05Mar2025 02:07:42.350] [main/DEBUG] [com.tterrag.registrate.AbstractRegistrate/REGISTRATE.DATA]: Generating data of type tags/block for entry brass_tunnel [minecraft:block]
[05Mar2025 02:07:42.350] [main/DEBUG] [com.tterrag.registrate.AbstractRegistrate/REGISTRATE.DATA]: Generating data of type tags/block for entry content_observer [minecraft:block]
[05Mar2025 02:07:42.350] [main/DEBUG] [com.tterrag.registrate.AbstractRegistrate/REGISTRATE.DATA]: Generating data of type tags/block for entry stockpile_switch [minecraft:block]
[05Mar2025 02:07:42.350] [main/DEBUG] [com.tterrag.registrate.AbstractRegistrate/REGISTRATE.DATA]: Generating data of type tags/block for entry creative_crate [minecraft:block]
[05Mar2025 02:07:42.350] [main/DEBUG] [com.tterrag.registrate.AbstractRegistrate/REGISTRATE.DATA]: Generating data of type tags/block for entry item_vault [minecraft:block]
[05Mar2025 02:07:42.350] [main/DEBUG] [com.tterrag.registrate.AbstractRegistrate/REGISTRATE.DATA]: Generating data of type tags/block for entry item_hatch [minecraft:block]
[05Mar2025 02:07:42.350] [main/DEBUG] [com.tterrag.registrate.AbstractRegistrate/REGISTRATE.DATA]: Generating data of type tags/block for entry packager [minecraft:block]
[05Mar2025 02:07:42.350] [main/DEBUG] [com.tterrag.registrate.AbstractRegistrate/REGISTRATE.DATA]: Generating data of type tags/block for entry repackager [minecraft:block]
[05Mar2025 02:07:42.350] [main/DEBUG] [com.tterrag.registrate.AbstractRegistrate/REGISTRATE.DATA]: Generating data of type tags/block for entry package_frogport [minecraft:block]
[05Mar2025 02:07:42.350] [main/DEBUG] [com.tterrag.registrate.AbstractRegistrate/REGISTRATE.DATA]: Generating data of type tags/block for entry white_postbox [minecraft:block]
[05Mar2025 02:07:42.350] [main/DEBUG] [com.tterrag.registrate.AbstractRegistrate/REGISTRATE.DATA]: Generating data of type tags/block for entry orange_postbox [minecraft:block]
[05Mar2025 02:07:42.350] [main/DEBUG] [com.tterrag.registrate.AbstractRegistrate/REGISTRATE.DATA]: Generating data of type tags/block for entry magenta_postbox [minecraft:block]
[05Mar2025 02:07:42.350] [main/DEBUG] [com.tterrag.registrate.AbstractRegistrate/REGISTRATE.DATA]: Generating data of type tags/block for entry light_blue_postbox [minecraft:block]
[05Mar2025 02:07:42.350] [main/DEBUG] [com.tterrag.registrate.AbstractRegistrate/REGISTRATE.DATA]: Generating data of type tags/block for entry yellow_postbox [minecraft:block]
[05Mar2025 02:07:42.350] [main/DEBUG] [com.tterrag.registrate.AbstractRegistrate/REGISTRATE.DATA]: Generating data of type tags/block for entry lime_postbox [minecraft:block]
[05Mar2025 02:07:42.350] [main/DEBUG] [com.tterrag.registrate.AbstractRegistrate/REGISTRATE.DATA]: Generating data of type tags/block for entry pink_postbox [minecraft:block]
[05Mar2025 02:07:42.350] [main/DEBUG] [com.tterrag.registrate.AbstractRegistrate/REGISTRATE.DATA]: Generating data of type tags/block for entry gray_postbox [minecraft:block]
[05Mar2025 02:07:42.350] [main/DEBUG] [com.tterrag.registrate.AbstractRegistrate/REGISTRATE.DATA]: Generating data of type tags/block for entry light_gray_postbox [minecraft:block]
[05Mar2025 02:07:42.351] [main/DEBUG] [com.tterrag.registrate.AbstractRegistrate/REGISTRATE.DATA]: Generating data of type tags/block for entry cyan_postbox [minecraft:block]
[05Mar2025 02:07:42.351] [main/DEBUG] [com.tterrag.registrate.AbstractRegistrate/REGISTRATE.DATA]: Generating data of type tags/block for entry purple_postbox [minecraft:block]
[05Mar2025 02:07:42.351] [main/DEBUG] [com.tterrag.registrate.AbstractRegistrate/REGISTRATE.DATA]: Generating data of type tags/block for entry blue_postbox [minecraft:block]
[05Mar2025 02:07:42.351] [main/DEBUG] [com.tterrag.registrate.AbstractRegistrate/REGISTRATE.DATA]: Generating data of type tags/block for entry brown_postbox [minecraft:block]
[05Mar2025 02:07:42.351] [main/DEBUG] [com.tterrag.registrate.AbstractRegistrate/REGISTRATE.DATA]: Generating data of type tags/block for entry green_postbox [minecraft:block]
[05Mar2025 02:07:42.351] [main/DEBUG] [com.tterrag.registrate.AbstractRegistrate/REGISTRATE.DATA]: Generating data of type tags/block for entry red_postbox [minecraft:block]
[05Mar2025 02:07:42.351] [main/DEBUG] [com.tterrag.registrate.AbstractRegistrate/REGISTRATE.DATA]: Generating data of type tags/block for entry black_postbox [minecraft:block]
[05Mar2025 02:07:42.351] [main/DEBUG] [com.tterrag.registrate.AbstractRegistrate/REGISTRATE.DATA]: Generating data of type tags/block for entry stock_link [minecraft:block]
[05Mar2025 02:07:42.351] [main/DEBUG] [com.tterrag.registrate.AbstractRegistrate/REGISTRATE.DATA]: Generating data of type tags/block for entry stock_ticker [minecraft:block]
[05Mar2025 02:07:42.351] [main/DEBUG] [com.tterrag.registrate.AbstractRegistrate/REGISTRATE.DATA]: Generating data of type tags/block for entry redstone_requester [minecraft:block]
[05Mar2025 02:07:42.351] [main/DEBUG] [com.tterrag.registrate.AbstractRegistrate/REGISTRATE.DATA]: Generating data of type tags/block for entry factory_gauge [minecraft:block]
[05Mar2025 02:07:42.351] [main/DEBUG] [com.tterrag.registrate.AbstractRegistrate/REGISTRATE.DATA]: Generating data of type tags/block for entry white_table_cloth [minecraft:block]
[05Mar2025 02:07:42.351] [main/DEBUG] [com.tterrag.registrate.AbstractRegistrate/REGISTRATE.DATA]: Generating data of type tags/block for entry orange_table_cloth [minecraft:block]
[05Mar2025 02:07:42.351] [main/DEBUG] [com.tterrag.registrate.AbstractRegistrate/REGISTRATE.DATA]: Generating data of type tags/block for entry magenta_table_cloth [minecraft:block]
[05Mar2025 02:07:42.351] [main/DEBUG] [com.tterrag.registrate.AbstractRegistrate/REGISTRATE.DATA]: Generating data of type tags/block for entry light_blue_table_cloth [minecraft:block]
[05Mar2025 02:07:42.351] [main/DEBUG] [com.tterrag.registrate.AbstractRegistrate/REGISTRATE.DATA]: Generating data of type tags/block for entry yellow_table_cloth [minecraft:block]
[05Mar2025 02:07:42.351] [main/DEBUG] [com.tterrag.registrate.AbstractRegistrate/REGISTRATE.DATA]: Generating data of type tags/block for entry lime_table_cloth [minecraft:block]
[05Mar2025 02:07:42.351] [main/DEBUG] [com.tterrag.registrate.AbstractRegistrate/REGISTRATE.DATA]: Generating data of type tags/block for entry pink_table_cloth [minecraft:block]
[05Mar2025 02:07:42.352] [main/DEBUG] [com.tterrag.registrate.AbstractRegistrate/REGISTRATE.DATA]: Generating data of type tags/block for entry gray_table_cloth [minecraft:block]
[05Mar2025 02:07:42.352] [main/DEBUG] [com.tterrag.registrate.AbstractRegistrate/REGISTRATE.DATA]: Generating data of type tags/block for entry light_gray_table_cloth [minecraft:block]
[05Mar2025 02:07:42.352] [main/DEBUG] [com.tterrag.registrate.AbstractRegistrate/REGISTRATE.DATA]: Generating data of type tags/block for entry cyan_table_cloth [minecraft:block]
[05Mar2025 02:07:42.352] [main/DEBUG] [com.tterrag.registrate.AbstractRegistrate/REGISTRATE.DATA]: Generating data of type tags/block for entry purple_table_cloth [minecraft:block]
[05Mar2025 02:07:42.352] [main/DEBUG] [com.tterrag.registrate.AbstractRegistrate/REGISTRATE.DATA]: Generating data of type tags/block for entry blue_table_cloth [minecraft:block]
[05Mar2025 02:07:42.352] [main/DEBUG] [com.tterrag.registrate.AbstractRegistrate/REGISTRATE.DATA]: Generating data of type tags/block for entry brown_table_cloth [minecraft:block]
[05Mar2025 02:07:42.352] [main/DEBUG] [com.tterrag.registrate.AbstractRegistrate/REGISTRATE.DATA]: Generating data of type tags/block for entry green_table_cloth [minecraft:block]
[05Mar2025 02:07:42.352] [main/DEBUG] [com.tterrag.registrate.AbstractRegistrate/REGISTRATE.DATA]: Generating data of type tags/block for entry red_table_cloth [minecraft:block]
[05Mar2025 02:07:42.352] [main/DEBUG] [com.tterrag.registrate.AbstractRegistrate/REGISTRATE.DATA]: Generating data of type tags/block for entry black_table_cloth [minecraft:block]
[05Mar2025 02:07:42.352] [main/DEBUG] [com.tterrag.registrate.AbstractRegistrate/REGISTRATE.DATA]: Generating data of type tags/block for entry andesite_table_cloth [minecraft:block]
[05Mar2025 02:07:42.352] [main/DEBUG] [com.tterrag.registrate.AbstractRegistrate/REGISTRATE.DATA]: Generating data of type tags/block for entry brass_table_cloth [minecraft:block]
[05Mar2025 02:07:42.352] [main/DEBUG] [com.tterrag.registrate.AbstractRegistrate/REGISTRATE.DATA]: Generating data of type tags/block for entry copper_table_cloth [minecraft:block]
[05Mar2025 02:07:42.352] [main/DEBUG] [com.tterrag.registrate.AbstractRegistrate/REGISTRATE.DATA]: Generating data of type tags/block for entry display_link [minecraft:block]
[05Mar2025 02:07:42.352] [main/DEBUG] [com.tterrag.registrate.AbstractRegistrate/REGISTRATE.DATA]: Generating data of type tags/block for entry display_board [minecraft:block]
[05Mar2025 02:07:42.352] [main/DEBUG] [com.tterrag.registrate.AbstractRegistrate/REGISTRATE.DATA]: Generating data of type tags/block for entry nixie_tube [minecraft:block]
[05Mar2025 02:07:42.353] [main/DEBUG] [com.tterrag.registrate.AbstractRegistrate/REGISTRATE.DATA]: Generating data of type tags/block for entry white_nixie_tube [minecraft:block]
[05Mar2025 02:07:42.353] [main/DEBUG] [com.tterrag.registrate.AbstractRegistrate/REGISTRATE.DATA]: Generating data of type tags/block for entry magenta_nixie_tube [minecraft:block]
[05Mar2025 02:07:42.353] [main/DEBUG] [com.tterrag.registrate.AbstractRegistrate/REGISTRATE.DATA]: Generating data of type tags/block for entry light_blue_nixie_tube [minecraft:block]
[05Mar2025 02:07:42.353] [main/DEBUG] [com.tterrag.registrate.AbstractRegistrate/REGISTRATE.DATA]: Generating data of type tags/block for entry yellow_nixie_tube [minecraft:block]
[05Mar2025 02:07:42.353] [main/DEBUG] [com.tterrag.registrate.AbstractRegistrate/REGISTRATE.DATA]: Generating data of type tags/block for entry lime_nixie_tube [minecraft:block]
[05Mar2025 02:07:42.353] [main/DEBUG] [com.tterrag.registrate.AbstractRegistrate/REGISTRATE.DATA]: Generating data of type tags/block for entry pink_nixie_tube [minecraft:block]
[05Mar2025 02:07:42.353] [main/DEBUG] [com.tterrag.registrate.AbstractRegistrate/REGISTRATE.DATA]: Generating data of type tags/block for entry gray_nixie_tube [minecraft:block]
[05Mar2025 02:07:42.353] [main/DEBUG] [com.tterrag.registrate.AbstractRegistrate/REGISTRATE.DATA]: Generating data of type tags/block for entry light_gray_nixie_tube [minecraft:block]
[05Mar2025 02:07:42.353] [main/DEBUG] [com.tterrag.registrate.AbstractRegistrate/REGISTRATE.DATA]: Generating data of type tags/block for entry cyan_nixie_tube [minecraft:block]
[05Mar2025 02:07:42.353] [main/DEBUG] [com.tterrag.registrate.AbstractRegistrate/REGISTRATE.DATA]: Generating data of type tags/block for entry purple_nixie_tube [minecraft:block]
[05Mar2025 02:07:42.353] [main/DEBUG] [com.tterrag.registrate.AbstractRegistrate/REGISTRATE.DATA]: Generating data of type tags/block for entry blue_nixie_tube [minecraft:block]
[05Mar2025 02:07:42.353] [main/DEBUG] [com.tterrag.registrate.AbstractRegistrate/REGISTRATE.DATA]: Generating data of type tags/block for entry brown_nixie_tube [minecraft:block]
[05Mar2025 02:07:42.353] [main/DEBUG] [com.tterrag.registrate.AbstractRegistrate/REGISTRATE.DATA]: Generating data of type tags/block for entry green_nixie_tube [minecraft:block]
[05Mar2025 02:07:42.353] [main/DEBUG] [com.tterrag.registrate.AbstractRegistrate/REGISTRATE.DATA]: Generating data of type tags/block for entry red_nixie_tube [minecraft:block]
[05Mar2025 02:07:42.353] [main/DEBUG] [com.tterrag.registrate.AbstractRegistrate/REGISTRATE.DATA]: Generating data of type tags/block for entry black_nixie_tube [minecraft:block]
[05Mar2025 02:07:42.353] [main/DEBUG] [com.tterrag.registrate.AbstractRegistrate/REGISTRATE.DATA]: Generating data of type tags/block for entry rose_quartz_lamp [minecraft:block]
[05Mar2025 02:07:42.353] [main/DEBUG] [com.tterrag.registrate.AbstractRegistrate/REGISTRATE.DATA]: Generating data of type tags/block for entry redstone_link [minecraft:block]
[05Mar2025 02:07:42.353] [main/DEBUG] [com.tterrag.registrate.AbstractRegistrate/REGISTRATE.DATA]: Generating data of type tags/block for entry analog_lever [minecraft:block]
[05Mar2025 02:07:42.354] [main/DEBUG] [com.tterrag.registrate.AbstractRegistrate/REGISTRATE.DATA]: Generating data of type tags/block for entry placard [minecraft:block]
[05Mar2025 02:07:42.354] [main/DEBUG] [com.tterrag.registrate.AbstractRegistrate/REGISTRATE.DATA]: Generating data of type tags/block for entry pulse_repeater [minecraft:block]
[05Mar2025 02:07:42.354] [main/DEBUG] [com.tterrag.registrate.AbstractRegistrate/REGISTRATE.DATA]: Generating data of type tags/block for entry pulse_extender [minecraft:block]
[05Mar2025 02:07:42.354] [main/DEBUG] [com.tterrag.registrate.AbstractRegistrate/REGISTRATE.DATA]: Generating data of type tags/block for entry pulse_timer [minecraft:block]
[05Mar2025 02:07:42.354] [main/DEBUG] [com.tterrag.registrate.AbstractRegistrate/REGISTRATE.DATA]: Generating data of type tags/block for entry lectern_controller [minecraft:block]
[05Mar2025 02:07:42.354] [main/DEBUG] [com.tterrag.registrate.AbstractRegistrate/REGISTRATE.DATA]: Generating data of type tags/block for entry copper_backtank [minecraft:block]
[05Mar2025 02:07:42.354] [main/DEBUG] [com.tterrag.registrate.AbstractRegistrate/REGISTRATE.DATA]: Generating data of type tags/block for entry netherite_backtank [minecraft:block]
[05Mar2025 02:07:42.354] [main/DEBUG] [com.tterrag.registrate.AbstractRegistrate/REGISTRATE.DATA]: Generating data of type tags/block for entry peculiar_bell [minecraft:block]
[05Mar2025 02:07:42.354] [main/DEBUG] [com.tterrag.registrate.AbstractRegistrate/REGISTRATE.DATA]: Generating data of type tags/block for entry haunted_bell [minecraft:block]
[05Mar2025 02:07:42.354] [main/DEBUG] [com.tterrag.registrate.AbstractRegistrate/REGISTRATE.DATA]: Generating data of type tags/block for entry white_toolbox [minecraft:block]
[05Mar2025 02:07:42.354] [main/DEBUG] [com.tterrag.registrate.AbstractRegistrate/REGISTRATE.DATA]: Generating data of type tags/block for entry orange_toolbox [minecraft:block]
[05Mar2025 02:07:42.354] [main/DEBUG] [com.tterrag.registrate.AbstractRegistrate/REGISTRATE.DATA]: Generating data of type tags/block for entry magenta_toolbox [minecraft:block]
[05Mar2025 02:07:42.354] [main/DEBUG] [com.tterrag.registrate.AbstractRegistrate/REGISTRATE.DATA]: Generating data of type tags/block for entry light_blue_toolbox [minecraft:block]
[05Mar2025 02:07:42.354] [main/DEBUG] [com.tterrag.registrate.AbstractRegistrate/REGISTRATE.DATA]: Generating data of type tags/block for entry yellow_toolbox [minecraft:block]
[05Mar2025 02:07:42.354] [main/DEBUG] [com.tterrag.registrate.AbstractRegistrate/REGISTRATE.DATA]: Generating data of type tags/block for entry lime_toolbox [minecraft:block]
[05Mar2025 02:07:42.354] [main/DEBUG] [com.tterrag.registrate.AbstractRegistrate/REGISTRATE.DATA]: Generating data of type tags/block for entry pink_toolbox [minecraft:block]
[05Mar2025 02:07:42.355] [main/DEBUG] [com.tterrag.registrate.AbstractRegistrate/REGISTRATE.DATA]: Generating data of type tags/block for entry gray_toolbox [minecraft:block]
[05Mar2025 02:07:42.355] [main/DEBUG] [com.tterrag.registrate.AbstractRegistrate/REGISTRATE.DATA]: Generating data of type tags/block for entry light_gray_toolbox [minecraft:block]
[05Mar2025 02:07:42.355] [main/DEBUG] [com.tterrag.registrate.AbstractRegistrate/REGISTRATE.DATA]: Generating data of type tags/block for entry cyan_toolbox [minecraft:block]
[05Mar2025 02:07:42.355] [main/DEBUG] [com.tterrag.registrate.AbstractRegistrate/REGISTRATE.DATA]: Generating data of type tags/block for entry purple_toolbox [minecraft:block]
[05Mar2025 02:07:42.355] [main/DEBUG] [com.tterrag.registrate.AbstractRegistrate/REGISTRATE.DATA]: Generating data of type tags/block for entry blue_toolbox [minecraft:block]
[05Mar2025 02:07:42.355] [main/DEBUG] [com.tterrag.registrate.AbstractRegistrate/REGISTRATE.DATA]: Generating data of type tags/block for entry brown_toolbox [minecraft:block]
[05Mar2025 02:07:42.355] [main/DEBUG] [com.tterrag.registrate.AbstractRegistrate/REGISTRATE.DATA]: Generating data of type tags/block for entry green_toolbox [minecraft:block]
[05Mar2025 02:07:42.355] [main/DEBUG] [com.tterrag.registrate.AbstractRegistrate/REGISTRATE.DATA]: Generating data of type tags/block for entry red_toolbox [minecraft:block]
[05Mar2025 02:07:42.355] [main/DEBUG] [com.tterrag.registrate.AbstractRegistrate/REGISTRATE.DATA]: Generating data of type tags/block for entry black_toolbox [minecraft:block]
[05Mar2025 02:07:42.355] [main/DEBUG] [com.tterrag.registrate.AbstractRegistrate/REGISTRATE.DATA]: Generating data of type tags/block for entry clipboard [minecraft:block]
[05Mar2025 02:07:42.355] [main/DEBUG] [com.tterrag.registrate.AbstractRegistrate/REGISTRATE.DATA]: Generating data of type tags/block for entry andesite_ladder [minecraft:block]
[05Mar2025 02:07:42.355] [main/DEBUG] [com.tterrag.registrate.AbstractRegistrate/REGISTRATE.DATA]: Generating data of type tags/block for entry brass_ladder [minecraft:block]
[05Mar2025 02:07:42.355] [main/DEBUG] [com.tterrag.registrate.AbstractRegistrate/REGISTRATE.DATA]: Generating data of type tags/block for entry copper_ladder [minecraft:block]
[05Mar2025 02:07:42.355] [main/DEBUG] [com.tterrag.registrate.AbstractRegistrate/REGISTRATE.DATA]: Generating data of type tags/block for entry andesite_bars [minecraft:block]
[05Mar2025 02:07:42.355] [main/DEBUG] [com.tterrag.registrate.AbstractRegistrate/REGISTRATE.DATA]: Generating data of type tags/block for entry brass_bars [minecraft:block]
[05Mar2025 02:07:42.356] [main/DEBUG] [com.tterrag.registrate.AbstractRegistrate/REGISTRATE.DATA]: Generating data of type tags/block for entry copper_bars [minecraft:block]
[05Mar2025 02:07:42.356] [main/DEBUG] [com.tterrag.registrate.AbstractRegistrate/REGISTRATE.DATA]: Generating data of type tags/block for entry andesite_scaffolding [minecraft:block]
[05Mar2025 02:07:42.356] [main/DEBUG] [com.tterrag.registrate.AbstractRegistrate/REGISTRATE.DATA]: Generating data of type tags/block for entry brass_scaffolding [minecraft:block]
[05Mar2025 02:07:42.356] [main/DEBUG] [com.tterrag.registrate.AbstractRegistrate/REGISTRATE.DATA]: Generating data of type tags/block for entry copper_scaffolding [minecraft:block]
[05Mar2025 02:07:42.356] [main/DEBUG] [com.tterrag.registrate.AbstractRegistrate/REGISTRATE.DATA]: Generating data of type tags/block for entry metal_girder [minecraft:block]
[05Mar2025 02:07:42.356] [main/DEBUG] [com.tterrag.registrate.AbstractRegistrate/REGISTRATE.DATA]: Generating data of type tags/block for entry metal_girder_encased_shaft [minecraft:block]
[05Mar2025 02:07:42.356] [main/DEBUG] [com.tterrag.registrate.AbstractRegistrate/REGISTRATE.DATA]: Generating data of type tags/block for entry copycat_base [minecraft:block]
[05Mar2025 02:07:42.356] [main/DEBUG] [com.tterrag.registrate.AbstractRegistrate/REGISTRATE.DATA]: Generating data of type tags/block for entry copycat_step [minecraft:block]
[05Mar2025 02:07:42.356] [main/DEBUG] [com.tterrag.registrate.AbstractRegistrate/REGISTRATE.DATA]: Generating data of type tags/block for entry copycat_panel [minecraft:block]
[05Mar2025 02:07:42.356] [main/DEBUG] [com.tterrag.registrate.AbstractRegistrate/REGISTRATE.DATA]: Generating data of type tags/block for entry white_seat [minecraft:block]
[05Mar2025 02:07:42.356] [main/DEBUG] [com.tterrag.registrate.AbstractRegistrate/REGISTRATE.DATA]: Generating data of type tags/block for entry orange_seat [minecraft:block]
[05Mar2025 02:07:42.357] [main/DEBUG] [com.tterrag.registrate.AbstractRegistrate/REGISTRATE.DATA]: Generating data of type tags/block for entry magenta_seat [minecraft:block]
[05Mar2025 02:07:42.357] [main/DEBUG] [com.tterrag.registrate.AbstractRegistrate/REGISTRATE.DATA]: Generating data of type tags/block for entry light_blue_seat [minecraft:block]
[05Mar2025 02:07:42.357] [main/DEBUG] [com.tterrag.registrate.AbstractRegistrate/REGISTRATE.DATA]: Generating data of type tags/block for entry yellow_seat [minecraft:block]
[05Mar2025 02:07:42.357] [main/DEBUG] [com.tterrag.registrate.AbstractRegistrate/REGISTRATE.DATA]: Generating data of type tags/block for entry lime_seat [minecraft:block]
[05Mar2025 02:07:42.357] [main/DEBUG] [com.tterrag.registrate.AbstractRegistrate/REGISTRATE.DATA]: Generating data of type tags/block for entry pink_seat [minecraft:block]
[05Mar2025 02:07:42.357] [main/DEBUG] [com.tterrag.registrate.AbstractRegistrate/REGISTRATE.DATA]: Generating data of type tags/block for entry gray_seat [minecraft:block]
[05Mar2025 02:07:42.357] [main/DEBUG] [com.tterrag.registrate.AbstractRegistrate/REGISTRATE.DATA]: Generating data of type tags/block for entry light_gray_seat [minecraft:block]
[05Mar2025 02:07:42.357] [main/DEBUG] [com.tterrag.registrate.AbstractRegistrate/REGISTRATE.DATA]: Generating data of type tags/block for entry cyan_seat [minecraft:block]
[05Mar2025 02:07:42.357] [main/DEBUG] [com.tterrag.registrate.AbstractRegistrate/REGISTRATE.DATA]: Generating data of type tags/block for entry purple_seat [minecraft:block]
[05Mar2025 02:07:42.357] [main/DEBUG] [com.tterrag.registrate.AbstractRegistrate/REGISTRATE.DATA]: Generating data of type tags/block for entry blue_seat [minecraft:block]
[05Mar2025 02:07:42.357] [main/DEBUG] [com.tterrag.registrate.AbstractRegistrate/REGISTRATE.DATA]: Generating data of type tags/block for entry brown_seat [minecraft:block]
[05Mar2025 02:07:42.357] [main/DEBUG] [com.tterrag.registrate.AbstractRegistrate/REGISTRATE.DATA]: Generating data of type tags/block for entry green_seat [minecraft:block]
[05Mar2025 02:07:42.358] [main/DEBUG] [com.tterrag.registrate.AbstractRegistrate/REGISTRATE.DATA]: Generating data of type tags/block for entry red_seat [minecraft:block]
[05Mar2025 02:07:42.358] [main/DEBUG] [com.tterrag.registrate.AbstractRegistrate/REGISTRATE.DATA]: Generating data of type tags/block for entry black_seat [minecraft:block]
[05Mar2025 02:07:42.358] [main/DEBUG] [com.tterrag.registrate.AbstractRegistrate/REGISTRATE.DATA]: Generating data of type tags/block for entry andesite_door [minecraft:block]
[05Mar2025 02:07:42.358] [main/DEBUG] [com.tterrag.registrate.AbstractRegistrate/REGISTRATE.DATA]: Generating data of type tags/block for entry brass_door [minecraft:block]
[05Mar2025 02:07:42.358] [main/DEBUG] [com.tterrag.registrate.AbstractRegistrate/REGISTRATE.DATA]: Generating data of type tags/block for entry copper_door [minecraft:block]
[05Mar2025 02:07:42.358] [main/DEBUG] [com.tterrag.registrate.AbstractRegistrate/REGISTRATE.DATA]: Generating data of type tags/block for entry train_door [minecraft:block]
[05Mar2025 02:07:42.358] [main/DEBUG] [com.tterrag.registrate.AbstractRegistrate/REGISTRATE.DATA]: Generating data of type tags/block for entry train_trapdoor [minecraft:block]
[05Mar2025 02:07:42.358] [main/DEBUG] [com.tterrag.registrate.AbstractRegistrate/REGISTRATE.DATA]: Generating data of type tags/block for entry framed_glass_door [minecraft:block]
[05Mar2025 02:07:42.358] [main/DEBUG] [com.tterrag.registrate.AbstractRegistrate/REGISTRATE.DATA]: Generating data of type tags/block for entry framed_glass_trapdoor [minecraft:block]
[05Mar2025 02:07:42.358] [main/DEBUG] [com.tterrag.registrate.AbstractRegistrate/REGISTRATE.DATA]: Generating data of type tags/block for entry zinc_ore [minecraft:block]
[05Mar2025 02:07:42.358] [main/DEBUG] [com.tterrag.registrate.AbstractRegistrate/REGISTRATE.DATA]: Generating data of type tags/block for entry deepslate_zinc_ore [minecraft:block]
[05Mar2025 02:07:42.359] [main/DEBUG] [com.tterrag.registrate.AbstractRegistrate/REGISTRATE.DATA]: Generating data of type tags/block for entry raw_zinc_block [minecraft:block]
[05Mar2025 02:07:42.359] [main/DEBUG] [com.tterrag.registrate.AbstractRegistrate/REGISTRATE.DATA]: Generating data of type tags/block for entry zinc_block [minecraft:block]
[05Mar2025 02:07:42.359] [main/DEBUG] [com.tterrag.registrate.AbstractRegistrate/REGISTRATE.DATA]: Generating data of type tags/block for entry andesite_alloy_block [minecraft:block]
[05Mar2025 02:07:42.359] [main/DEBUG] [com.tterrag.registrate.AbstractRegistrate/REGISTRATE.DATA]: Generating data of type tags/block for entry industrial_iron_block [minecraft:block]
[05Mar2025 02:07:42.359] [main/DEBUG] [com.tterrag.registrate.AbstractRegistrate/REGISTRATE.DATA]: Generating data of type tags/block for entry weathered_iron_block [minecraft:block]
[05Mar2025 02:07:42.359] [main/DEBUG] [com.tterrag.registrate.AbstractRegistrate/REGISTRATE.DATA]: Generating data of type tags/block for entry brass_block [minecraft:block]
[05Mar2025 02:07:42.359] [main/DEBUG] [com.tterrag.registrate.AbstractRegistrate/REGISTRATE.DATA]: Generating data of type tags/block for entry cardboard_block [minecraft:block]
[05Mar2025 02:07:42.359] [main/DEBUG] [com.tterrag.registrate.AbstractRegistrate/REGISTRATE.DATA]: Generating data of type tags/block for entry bound_cardboard_block [minecraft:block]
[05Mar2025 02:07:42.359] [main/DEBUG] [com.tterrag.registrate.AbstractRegistrate/REGISTRATE.DATA]: Generating data of type tags/block for entry experience_block [minecraft:block]
[05Mar2025 02:07:42.359] [main/DEBUG] [com.tterrag.registrate.AbstractRegistrate/REGISTRATE.DATA]: Generating data of type tags/block for entry rose_quartz_block [minecraft:block]
[05Mar2025 02:07:42.359] [main/DEBUG] [com.tterrag.registrate.AbstractRegistrate/REGISTRATE.DATA]: Generating data of type tags/block for entry rose_quartz_tiles [minecraft:block]
[05Mar2025 02:07:42.359] [main/DEBUG] [com.tterrag.registrate.AbstractRegistrate/REGISTRATE.DATA]: Generating data of type tags/block for entry small_rose_quartz_tiles [minecraft:block]
[05Mar2025 02:07:42.359] [main/DEBUG] [com.tterrag.registrate.AbstractRegistrate/REGISTRATE.DATA]: Generating data of type tags/block for entry copper_shingles [minecraft:block]
[05Mar2025 02:07:42.359] [main/DEBUG] [com.tterrag.registrate.AbstractRegistrate/REGISTRATE.DATA]: Generating data of type tags/block for entry exposed_copper_shingles [minecraft:block]
[05Mar2025 02:07:42.359] [main/DEBUG] [com.tterrag.registrate.AbstractRegistrate/REGISTRATE.DATA]: Generating data of type tags/block for entry weathered_copper_shingles [minecraft:block]
[05Mar2025 02:07:42.359] [main/DEBUG] [com.tterrag.registrate.AbstractRegistrate/REGISTRATE.DATA]: Generating data of type tags/block for entry oxidized_copper_shingles [minecraft:block]
[05Mar2025 02:07:42.360] [main/DEBUG] [com.tterrag.registrate.AbstractRegistrate/REGISTRATE.DATA]: Generating data of type tags/block for entry copper_shingle_slab [minecraft:block]
[05Mar2025 02:07:42.360] [main/DEBUG] [com.tterrag.registrate.AbstractRegistrate/REGISTRATE.DATA]: Generating data of type tags/block for entry exposed_copper_shingle_slab [minecraft:block]
[05Mar2025 02:07:42.360] [main/DEBUG] [com.tterrag.registrate.AbstractRegistrate/REGISTRATE.DATA]: Generating data of type tags/block for entry weathered_copper_shingle_slab [minecraft:block]
[05Mar2025 02:07:42.360] [main/DEBUG] [com.tterrag.registrate.AbstractRegistrate/REGISTRATE.DATA]: Generating data of type tags/block for entry oxidized_copper_shingle_slab [minecraft:block]
[05Mar2025 02:07:42.360] [main/DEBUG] [com.tterrag.registrate.AbstractRegistrate/REGISTRATE.DATA]: Generating data of type tags/block for entry copper_shingle_stairs [minecraft:block]
[05Mar2025 02:07:42.360] [main/DEBUG] [com.tterrag.registrate.AbstractRegistrate/REGISTRATE.DATA]: Generating data of type tags/block for entry exposed_copper_shingle_stairs [minecraft:block]
[05Mar2025 02:07:42.360] [main/DEBUG] [com.tterrag.registrate.AbstractRegistrate/REGISTRATE.DATA]: Generating data of type tags/block for entry weathered_copper_shingle_stairs [minecraft:block]
[05Mar2025 02:07:42.360] [main/DEBUG] [com.tterrag.registrate.AbstractRegistrate/REGISTRATE.DATA]: Generating data of type tags/block for entry oxidized_copper_shingle_stairs [minecraft:block]
[05Mar2025 02:07:42.360] [main/DEBUG] [com.tterrag.registrate.AbstractRegistrate/REGISTRATE.DATA]: Generating data of type tags/block for entry waxed_copper_shingles [minecraft:block]
[05Mar2025 02:07:42.360] [main/DEBUG] [com.tterrag.registrate.AbstractRegistrate/REGISTRATE.DATA]: Generating data of type tags/block for entry waxed_exposed_copper_shingles [minecraft:block]
[05Mar2025 02:07:42.360] [main/DEBUG] [com.tterrag.registrate.AbstractRegistrate/REGISTRATE.DATA]: Generating data of type tags/block for entry waxed_weathered_copper_shingles [minecraft:block]
[05Mar2025 02:07:42.360] [main/DEBUG] [com.tterrag.registrate.AbstractRegistrate/REGISTRATE.DATA]: Generating data of type tags/block for entry waxed_oxidized_copper_shingles [minecraft:block]
[05Mar2025 02:07:42.360] [main/DEBUG] [com.tterrag.registrate.AbstractRegistrate/REGISTRATE.DATA]: Generating data of type tags/block for entry waxed_copper_shingle_slab [minecraft:block]
[05Mar2025 02:07:42.360] [main/DEBUG] [com.tterrag.registrate.AbstractRegistrate/REGISTRATE.DATA]: Generating data of type tags/block for entry waxed_exposed_copper_shingle_slab [minecraft:block]
[05Mar2025 02:07:42.360] [main/DEBUG] [com.tterrag.registrate.AbstractRegistrate/REGISTRATE.DATA]: Generating data of type tags/block for entry waxed_weathered_copper_shingle_slab [minecraft:block]
[05Mar2025 02:07:42.360] [main/DEBUG] [com.tterrag.registrate.AbstractRegistrate/REGISTRATE.DATA]: Generating data of type tags/block for entry waxed_oxidized_copper_shingle_slab [minecraft:block]
[05Mar2025 02:07:42.360] [main/DEBUG] [com.tterrag.registrate.AbstractRegistrate/REGISTRATE.DATA]: Generating data of type tags/block for entry waxed_copper_shingle_stairs [minecraft:block]
[05Mar2025 02:07:42.360] [main/DEBUG] [com.tterrag.registrate.AbstractRegistrate/REGISTRATE.DATA]: Generating data of type tags/block for entry waxed_exposed_copper_shingle_stairs [minecraft:block]
[05Mar2025 02:07:42.360] [main/DEBUG] [com.tterrag.registrate.AbstractRegistrate/REGISTRATE.DATA]: Generating data of type tags/block for entry waxed_weathered_copper_shingle_stairs [minecraft:block]
[05Mar2025 02:07:42.361] [main/DEBUG] [com.tterrag.registrate.AbstractRegistrate/REGISTRATE.DATA]: Generating data of type tags/block for entry waxed_oxidized_copper_shingle_stairs [minecraft:block]
[05Mar2025 02:07:42.361] [main/DEBUG] [com.tterrag.registrate.AbstractRegistrate/REGISTRATE.DATA]: Generating data of type tags/block for entry copper_tiles [minecraft:block]
[05Mar2025 02:07:42.361] [main/DEBUG] [com.tterrag.registrate.AbstractRegistrate/REGISTRATE.DATA]: Generating data of type tags/block for entry exposed_copper_tiles [minecraft:block]
[05Mar2025 02:07:42.361] [main/DEBUG] [com.tterrag.registrate.AbstractRegistrate/REGISTRATE.DATA]: Generating data of type tags/block for entry weathered_copper_tiles [minecraft:block]
[05Mar2025 02:07:42.361] [main/DEBUG] [com.tterrag.registrate.AbstractRegistrate/REGISTRATE.DATA]: Generating data of type tags/block for entry oxidized_copper_tiles [minecraft:block]
[05Mar2025 02:07:42.361] [main/DEBUG] [com.tterrag.registrate.AbstractRegistrate/REGISTRATE.DATA]: Generating data of type tags/block for entry copper_tile_slab [minecraft:block]
[05Mar2025 02:07:42.361] [main/DEBUG] [com.tterrag.registrate.AbstractRegistrate/REGISTRATE.DATA]: Generating data of type tags/block for entry exposed_copper_tile_slab [minecraft:block]
[05Mar2025 02:07:42.361] [main/DEBUG] [com.tterrag.registrate.AbstractRegistrate/REGISTRATE.DATA]: Generating data of type tags/block for entry weathered_copper_tile_slab [minecraft:block]
[05Mar2025 02:07:42.361] [main/DEBUG] [com.tterrag.registrate.AbstractRegistrate/REGISTRATE.DATA]: Generating data of type tags/block for entry oxidized_copper_tile_slab [minecraft:block]
[05Mar2025 02:07:42.361] [main/DEBUG] [com.tterrag.registrate.AbstractRegistrate/REGISTRATE.DATA]: Generating data of type tags/block for entry copper_tile_stairs [minecraft:block]
[05Mar2025 02:07:42.361] [main/DEBUG] [com.tterrag.registrate.AbstractRegistrate/REGISTRATE.DATA]: Generating data of type tags/block for entry exposed_copper_tile_stairs [minecraft:block]
[05Mar2025 02:07:42.361] [main/DEBUG] [com.tterrag.registrate.AbstractRegistrate/REGISTRATE.DATA]: Generating data of type tags/block for entry weathered_copper_tile_stairs [minecraft:block]
[05Mar2025 02:07:42.361] [main/DEBUG] [com.tterrag.registrate.AbstractRegistrate/REGISTRATE.DATA]: Generating data of type tags/block for entry oxidized_copper_tile_stairs [minecraft:block]
[05Mar2025 02:07:42.361] [main/DEBUG] [com.tterrag.registrate.AbstractRegistrate/REGISTRATE.DATA]: Generating data of type tags/block for entry waxed_copper_tiles [minecraft:block]
[05Mar2025 02:07:42.361] [main/DEBUG] [com.tterrag.registrate.AbstractRegistrate/REGISTRATE.DATA]: Generating data of type tags/block for entry waxed_exposed_copper_tiles [minecraft:block]
[05Mar2025 02:07:42.361] [main/DEBUG] [com.tterrag.registrate.AbstractRegistrate/REGISTRATE.DATA]: Generating data of type tags/block for entry waxed_weathered_copper_tiles [minecraft:block]
[05Mar2025 02:07:42.361] [main/DEBUG] [com.tterrag.registrate.AbstractRegistrate/REGISTRATE.DATA]: Generating data of type tags/block for entry waxed_oxidized_copper_tiles [minecraft:block]
[05Mar2025 02:07:42.361] [main/DEBUG] [com.tterrag.registrate.AbstractRegistrate/REGISTRATE.DATA]: Generating data of type tags/block for entry waxed_copper_tile_slab [minecraft:block]
[05Mar2025 02:07:42.362] [main/DEBUG] [com.tterrag.registrate.AbstractRegistrate/REGISTRATE.DATA]: Generating data of type tags/block for entry waxed_exposed_copper_tile_slab [minecraft:block]
[05Mar2025 02:07:42.362] [main/DEBUG] [com.tterrag.registrate.AbstractRegistrate/REGISTRATE.DATA]: Generating data of type tags/block for entry waxed_weathered_copper_tile_slab [minecraft:block]
[05Mar2025 02:07:42.362] [main/DEBUG] [com.tterrag.registrate.AbstractRegistrate/REGISTRATE.DATA]: Generating data of type tags/block for entry waxed_oxidized_copper_tile_slab [minecraft:block]
[05Mar2025 02:07:42.362] [main/DEBUG] [com.tterrag.registrate.AbstractRegistrate/REGISTRATE.DATA]: Generating data of type tags/block for entry waxed_copper_tile_stairs [minecraft:block]
[05Mar2025 02:07:42.362] [main/DEBUG] [com.tterrag.registrate.AbstractRegistrate/REGISTRATE.DATA]: Generating data of type tags/block for entry waxed_exposed_copper_tile_stairs [minecraft:block]
[05Mar2025 02:07:42.362] [main/DEBUG] [com.tterrag.registrate.AbstractRegistrate/REGISTRATE.DATA]: Generating data of type tags/block for entry waxed_weathered_copper_tile_stairs [minecraft:block]
[05Mar2025 02:07:42.362] [main/DEBUG] [com.tterrag.registrate.AbstractRegistrate/REGISTRATE.DATA]: Generating data of type tags/block for entry waxed_oxidized_copper_tile_stairs [minecraft:block]
[05Mar2025 02:07:42.362] [main/DEBUG] [com.tterrag.registrate.AbstractRegistrate/REGISTRATE.DATA]: Generating data of type tags/block for entry tiled_glass [minecraft:block]
[05Mar2025 02:07:42.362] [main/DEBUG] [com.tterrag.registrate.AbstractRegistrate/REGISTRATE.DATA]: Generating data of type tags/block for entry framed_glass [minecraft:block]
[05Mar2025 02:07:42.362] [main/DEBUG] [com.tterrag.registrate.AbstractRegistrate/REGISTRATE.DATA]: Generating data of type tags/block for entry horizontal_framed_glass [minecraft:block]
[05Mar2025 02:07:42.362] [main/DEBUG] [com.tterrag.registrate.AbstractRegistrate/REGISTRATE.DATA]: Generating data of type tags/block for entry vertical_framed_glass [minecraft:block]
[05Mar2025 02:07:42.362] [main/DEBUG] [com.tterrag.registrate.AbstractRegistrate/REGISTRATE.DATA]: Generating data of type tags/block for entry tiled_glass_pane [minecraft:block]
[05Mar2025 02:07:42.362] [main/DEBUG] [com.tterrag.registrate.AbstractRegistrate/REGISTRATE.DATA]: Generating data of type tags/block for entry framed_glass_pane [minecraft:block]
[05Mar2025 02:07:42.362] [main/DEBUG] [com.tterrag.registrate.AbstractRegistrate/REGISTRATE.DATA]: Generating data of type tags/block for entry horizontal_framed_glass_pane [minecraft:block]
[05Mar2025 02:07:42.362] [main/DEBUG] [com.tterrag.registrate.AbstractRegistrate/REGISTRATE.DATA]: Generating data of type tags/block for entry vertical_framed_glass_pane [minecraft:block]
[05Mar2025 02:07:42.362] [main/DEBUG] [com.tterrag.registrate.AbstractRegistrate/REGISTRATE.DATA]: Generating data of type tags/block for entry oak_window [minecraft:block]
[05Mar2025 02:07:42.362] [main/DEBUG] [com.tterrag.registrate.AbstractRegistrate/REGISTRATE.DATA]: Generating data of type tags/block for entry spruce_window [minecraft:block]
[05Mar2025 02:07:42.362] [main/DEBUG] [com.tterrag.registrate.AbstractRegistrate/REGISTRATE.DATA]: Generating data of type tags/block for entry birch_window [minecraft:block]
[05Mar2025 02:07:42.362] [main/DEBUG] [com.tterrag.registrate.AbstractRegistrate/REGISTRATE.DATA]: Generating data of type tags/block for entry jungle_window [minecraft:block]
[05Mar2025 02:07:42.363] [main/DEBUG] [com.tterrag.registrate.AbstractRegistrate/REGISTRATE.DATA]: Generating data of type tags/block for entry acacia_window [minecraft:block]
[05Mar2025 02:07:42.363] [main/DEBUG] [com.tterrag.registrate.AbstractRegistrate/REGISTRATE.DATA]: Generating data of type tags/block for entry dark_oak_window [minecraft:block]
[05Mar2025 02:07:42.363] [main/DEBUG] [com.tterrag.registrate.AbstractRegistrate/REGISTRATE.DATA]: Generating data of type tags/block for entry mangrove_window [minecraft:block]
[05Mar2025 02:07:42.363] [main/DEBUG] [com.tterrag.registrate.AbstractRegistrate/REGISTRATE.DATA]: Generating data of type tags/block for entry crimson_window [minecraft:block]
[05Mar2025 02:07:42.363] [main/DEBUG] [com.tterrag.registrate.AbstractRegistrate/REGISTRATE.DATA]: Generating data of type tags/block for entry warped_window [minecraft:block]
[05Mar2025 02:07:42.363] [main/DEBUG] [com.tterrag.registrate.AbstractRegistrate/REGISTRATE.DATA]: Generating data of type tags/block for entry cherry_window [minecraft:block]
[05Mar2025 02:07:42.363] [main/DEBUG] [com.tterrag.registrate.AbstractRegistrate/REGISTRATE.DATA]: Generating data of type tags/block for entry bamboo_window [minecraft:block]
[05Mar2025 02:07:42.363] [main/DEBUG] [com.tterrag.registrate.AbstractRegistrate/REGISTRATE.DATA]: Generating data of type tags/block for entry ornate_iron_window [minecraft:block]
[05Mar2025 02:07:42.363] [main/DEBUG] [com.tterrag.registrate.AbstractRegistrate/REGISTRATE.DATA]: Generating data of type tags/block for entry industrial_iron_window [minecraft:block]
[05Mar2025 02:07:42.363] [main/DEBUG] [com.tterrag.registrate.AbstractRegistrate/REGISTRATE.DATA]: Generating data of type tags/block for entry weathered_iron_window [minecraft:block]
[05Mar2025 02:07:42.363] [main/DEBUG] [com.tterrag.registrate.AbstractRegistrate/REGISTRATE.DATA]: Generating data of type tags/block for entry oak_window_pane [minecraft:block]
[05Mar2025 02:07:42.363] [main/DEBUG] [com.tterrag.registrate.AbstractRegistrate/REGISTRATE.DATA]: Generating data of type tags/block for entry spruce_window_pane [minecraft:block]
[05Mar2025 02:07:42.363] [main/DEBUG] [com.tterrag.registrate.AbstractRegistrate/REGISTRATE.DATA]: Generating data of type tags/block for entry birch_window_pane [minecraft:block]
[05Mar2025 02:07:42.363] [main/DEBUG] [com.tterrag.registrate.AbstractRegistrate/REGISTRATE.DATA]: Generating data of type tags/block for entry jungle_window_pane [minecraft:block]
[05Mar2025 02:07:42.363] [main/DEBUG] [com.tterrag.registrate.AbstractRegistrate/REGISTRATE.DATA]: Generating data of type tags/block for entry acacia_window_pane [minecraft:block]
[05Mar2025 02:07:42.363] [main/DEBUG] [com.tterrag.registrate.AbstractRegistrate/REGISTRATE.DATA]: Generating data of type tags/block for entry dark_oak_window_pane [minecraft:block]
[05Mar2025 02:07:42.363] [main/DEBUG] [com.tterrag.registrate.AbstractRegistrate/REGISTRATE.DATA]: Generating data of type tags/block for entry mangrove_window_pane [minecraft:block]
[05Mar2025 02:07:42.363] [main/DEBUG] [com.tterrag.registrate.AbstractRegistrate/REGISTRATE.DATA]: Generating data of type tags/block for entry crimson_window_pane [minecraft:block]
[05Mar2025 02:07:42.363] [main/DEBUG] [com.tterrag.registrate.AbstractRegistrate/REGISTRATE.DATA]: Generating data of type tags/block for entry warped_window_pane [minecraft:block]
[05Mar2025 02:07:42.364] [main/DEBUG] [com.tterrag.registrate.AbstractRegistrate/REGISTRATE.DATA]: Generating data of type tags/block for entry cherry_window_pane [minecraft:block]
[05Mar2025 02:07:42.364] [main/DEBUG] [com.tterrag.registrate.AbstractRegistrate/REGISTRATE.DATA]: Generating data of type tags/block for entry bamboo_window_pane [minecraft:block]
[05Mar2025 02:07:42.364] [main/DEBUG] [com.tterrag.registrate.AbstractRegistrate/REGISTRATE.DATA]: Generating data of type tags/block for entry ornate_iron_window_pane [minecraft:block]
[05Mar2025 02:07:42.364] [main/DEBUG] [com.tterrag.registrate.AbstractRegistrate/REGISTRATE.DATA]: Generating data of type tags/block for entry industrial_iron_window_pane [minecraft:block]
[05Mar2025 02:07:42.364] [main/DEBUG] [com.tterrag.registrate.AbstractRegistrate/REGISTRATE.DATA]: Generating data of type tags/block for entry weathered_iron_window_pane [minecraft:block]
[05Mar2025 02:07:42.364] [main/DEBUG] [com.tterrag.registrate.AbstractRegistrate/REGISTRATE.DATA]: Generating data of type tags/block for entry cut_granite [minecraft:block]
[05Mar2025 02:07:42.364] [main/DEBUG] [com.tterrag.registrate.AbstractRegistrate/REGISTRATE.DATA]: Generating data of type tags/block for entry cut_granite_stairs [minecraft:block]
[05Mar2025 02:07:42.364] [main/DEBUG] [com.tterrag.registrate.AbstractRegistrate/REGISTRATE.DATA]: Generating data of type tags/block for entry cut_granite_slab [minecraft:block]
[05Mar2025 02:07:42.364] [main/DEBUG] [com.tterrag.registrate.AbstractRegistrate/REGISTRATE.DATA]: Generating data of type tags/block for entry cut_granite_wall [minecraft:block]
[05Mar2025 02:07:42.364] [main/DEBUG] [com.tterrag.registrate.AbstractRegistrate/REGISTRATE.DATA]: Generating data of type tags/block for entry polished_cut_granite [minecraft:block]
[05Mar2025 02:07:42.364] [main/DEBUG] [com.tterrag.registrate.AbstractRegistrate/REGISTRATE.DATA]: Generating data of type tags/block for entry polished_cut_granite_stairs [minecraft:block]
[05Mar2025 02:07:42.364] [main/DEBUG] [com.tterrag.registrate.AbstractRegistrate/REGISTRATE.DATA]: Generating data of type tags/block for entry polished_cut_granite_slab [minecraft:block]
[05Mar2025 02:07:42.364] [main/DEBUG] [com.tterrag.registrate.AbstractRegistrate/REGISTRATE.DATA]: Generating data of type tags/block for entry polished_cut_granite_wall [minecraft:block]
[05Mar2025 02:07:42.364] [main/DEBUG] [com.tterrag.registrate.AbstractRegistrate/REGISTRATE.DATA]: Generating data of type tags/block for entry cut_granite_bricks [minecraft:block]
[05Mar2025 02:07:42.364] [main/DEBUG] [com.tterrag.registrate.AbstractRegistrate/REGISTRATE.DATA]: Generating data of type tags/block for entry cut_granite_brick_stairs [minecraft:block]
[05Mar2025 02:07:42.364] [main/DEBUG] [com.tterrag.registrate.AbstractRegistrate/REGISTRATE.DATA]: Generating data of type tags/block for entry cut_granite_brick_slab [minecraft:block]
[05Mar2025 02:07:42.364] [main/DEBUG] [com.tterrag.registrate.AbstractRegistrate/REGISTRATE.DATA]: Generating data of type tags/block for entry cut_granite_brick_wall [minecraft:block]
[05Mar2025 02:07:42.365] [main/DEBUG] [com.tterrag.registrate.AbstractRegistrate/REGISTRATE.DATA]: Generating data of type tags/block for entry small_granite_bricks [minecraft:block]
[05Mar2025 02:07:42.365] [main/DEBUG] [com.tterrag.registrate.AbstractRegistrate/REGISTRATE.DATA]: Generating data of type tags/block for entry small_granite_brick_stairs [minecraft:block]
[05Mar2025 02:07:42.365] [main/DEBUG] [com.tterrag.registrate.AbstractRegistrate/REGISTRATE.DATA]: Generating data of type tags/block for entry small_granite_brick_slab [minecraft:block]
[05Mar2025 02:07:42.365] [main/DEBUG] [com.tterrag.registrate.AbstractRegistrate/REGISTRATE.DATA]: Generating data of type tags/block for entry small_granite_brick_wall [minecraft:block]
[05Mar2025 02:07:42.365] [main/DEBUG] [com.tterrag.registrate.AbstractRegistrate/REGISTRATE.DATA]: Generating data of type tags/block for entry layered_granite [minecraft:block]
[05Mar2025 02:07:42.365] [main/DEBUG] [com.tterrag.registrate.AbstractRegistrate/REGISTRATE.DATA]: Generating data of type tags/block for entry granite_pillar [minecraft:block]
[05Mar2025 02:07:42.365] [main/DEBUG] [com.tterrag.registrate.AbstractRegistrate/REGISTRATE.DATA]: Generating data of type tags/block for entry cut_diorite [minecraft:block]
[05Mar2025 02:07:42.365] [main/DEBUG] [com.tterrag.registrate.AbstractRegistrate/REGISTRATE.DATA]: Generating data of type tags/block for entry cut_diorite_stairs [minecraft:block]
[05Mar2025 02:07:42.365] [main/DEBUG] [com.tterrag.registrate.AbstractRegistrate/REGISTRATE.DATA]: Generating data of type tags/block for entry cut_diorite_slab [minecraft:block]
[05Mar2025 02:07:42.365] [main/DEBUG] [com.tterrag.registrate.AbstractRegistrate/REGISTRATE.DATA]: Generating data of type tags/block for entry cut_diorite_wall [minecraft:block]
[05Mar2025 02:07:42.365] [main/DEBUG] [com.tterrag.registrate.AbstractRegistrate/REGISTRATE.DATA]: Generating data of type tags/block for entry polished_cut_diorite [minecraft:block]
[05Mar2025 02:07:42.365] [main/DEBUG] [com.tterrag.registrate.AbstractRegistrate/REGISTRATE.DATA]: Generating data of type tags/block for entry polished_cut_diorite_stairs [minecraft:block]
[05Mar2025 02:07:42.365] [main/DEBUG] [com.tterrag.registrate.AbstractRegistrate/REGISTRATE.DATA]: Generating data of type tags/block for entry polished_cut_diorite_slab [minecraft:block]
[05Mar2025 02:07:42.365] [main/DEBUG] [com.tterrag.registrate.AbstractRegistrate/REGISTRATE.DATA]: Generating data of type tags/block for entry polished_cut_diorite_wall [minecraft:block]
[05Mar2025 02:07:42.365] [main/DEBUG] [com.tterrag.registrate.AbstractRegistrate/REGISTRATE.DATA]: Generating data of type tags/block for entry cut_diorite_bricks [minecraft:block]
[05Mar2025 02:07:42.365] [main/DEBUG] [com.tterrag.registrate.AbstractRegistrate/REGISTRATE.DATA]: Generating data of type tags/block for entry cut_diorite_brick_stairs [minecraft:block]
[05Mar2025 02:07:42.365] [main/DEBUG] [com.tterrag.registrate.AbstractRegistrate/REGISTRATE.DATA]: Generating data of type tags/block for entry cut_diorite_brick_slab [minecraft:block]
[05Mar2025 02:07:42.365] [main/DEBUG] [com.tterrag.registrate.AbstractRegistrate/REGISTRATE.DATA]: Generating data of type tags/block for entry cut_diorite_brick_wall [minecraft:block]
[05Mar2025 02:07:42.365] [main/DEBUG] [com.tterrag.registrate.AbstractRegistrate/REGISTRATE.DATA]: Generating data of type tags/block for entry small_diorite_bricks [minecraft:block]
[05Mar2025 02:07:42.366] [main/DEBUG] [com.tterrag.registrate.AbstractRegistrate/REGISTRATE.DATA]: Generating data of type tags/block for entry small_diorite_brick_stairs [minecraft:block]
[05Mar2025 02:07:42.366] [main/DEBUG] [com.tterrag.registrate.AbstractRegistrate/REGISTRATE.DATA]: Generating data of type tags/block for entry small_diorite_brick_slab [minecraft:block]
[05Mar2025 02:07:42.366] [main/DEBUG] [com.tterrag.registrate.AbstractRegistrate/REGISTRATE.DATA]: Generating data of type tags/block for entry small_diorite_brick_wall [minecraft:block]
[05Mar2025 02:07:42.366] [main/DEBUG] [com.tterrag.registrate.AbstractRegistrate/REGISTRATE.DATA]: Generating data of type tags/block for entry layered_diorite [minecraft:block]
[05Mar2025 02:07:42.366] [main/DEBUG] [com.tterrag.registrate.AbstractRegistrate/REGISTRATE.DATA]: Generating data of type tags/block for entry diorite_pillar [minecraft:block]
[05Mar2025 02:07:42.366] [main/DEBUG] [com.tterrag.registrate.AbstractRegistrate/REGISTRATE.DATA]: Generating data of type tags/block for entry cut_andesite [minecraft:block]
[05Mar2025 02:07:42.366] [main/DEBUG] [com.tterrag.registrate.AbstractRegistrate/REGISTRATE.DATA]: Generating data of type tags/block for entry cut_andesite_stairs [minecraft:block]
[05Mar2025 02:07:42.366] [main/DEBUG] [com.tterrag.registrate.AbstractRegistrate/REGISTRATE.DATA]: Generating data of type tags/block for entry cut_andesite_slab [minecraft:block]
[05Mar2025 02:07:42.366] [main/DEBUG] [com.tterrag.registrate.AbstractRegistrate/REGISTRATE.DATA]: Generating data of type tags/block for entry cut_andesite_wall [minecraft:block]
[05Mar2025 02:07:42.366] [main/DEBUG] [com.tterrag.registrate.AbstractRegistrate/REGISTRATE.DATA]: Generating data of type tags/block for entry polished_cut_andesite [minecraft:block]
[05Mar2025 02:07:42.366] [main/DEBUG] [com.tterrag.registrate.AbstractRegistrate/REGISTRATE.DATA]: Generating data of type tags/block for entry polished_cut_andesite_stairs [minecraft:block]
[05Mar2025 02:07:42.366] [main/DEBUG] [com.tterrag.registrate.AbstractRegistrate/REGISTRATE.DATA]: Generating data of type tags/block for entry polished_cut_andesite_slab [minecraft:block]
[05Mar2025 02:07:42.366] [main/DEBUG] [com.tterrag.registrate.AbstractRegistrate/REGISTRATE.DATA]: Generating data of type tags/block for entry polished_cut_andesite_wall [minecraft:block]
[05Mar2025 02:07:42.366] [main/DEBUG] [com.tterrag.registrate.AbstractRegistrate/REGISTRATE.DATA]: Generating data of type tags/block for entry cut_andesite_bricks [minecraft:block]
[05Mar2025 02:07:42.366] [main/DEBUG] [com.tterrag.registrate.AbstractRegistrate/REGISTRATE.DATA]: Generating data of type tags/block for entry cut_andesite_brick_stairs [minecraft:block]
[05Mar2025 02:07:42.366] [main/DEBUG] [com.tterrag.registrate.AbstractRegistrate/REGISTRATE.DATA]: Generating data of type tags/block for entry cut_andesite_brick_slab [minecraft:block]
[05Mar2025 02:07:42.366] [main/DEBUG] [com.tterrag.registrate.AbstractRegistrate/REGISTRATE.DATA]: Generating data of type tags/block for entry cut_andesite_brick_wall [minecraft:block]
[05Mar2025 02:07:42.366] [main/DEBUG] [com.tterrag.registrate.AbstractRegistrate/REGISTRATE.DATA]: Generating data of type tags/block for entry small_andesite_bricks [minecraft:block]
[05Mar2025 02:07:42.366] [main/DEBUG] [com.tterrag.registrate.AbstractRegistrate/REGISTRATE.DATA]: Generating data of type tags/block for entry small_andesite_brick_stairs [minecraft:block]
[05Mar2025 02:07:42.367] [main/DEBUG] [com.tterrag.registrate.AbstractRegistrate/REGISTRATE.DATA]: Generating data of type tags/block for entry small_andesite_brick_slab [minecraft:block]
[05Mar2025 02:07:42.367] [main/DEBUG] [com.tterrag.registrate.AbstractRegistrate/REGISTRATE.DATA]: Generating data of type tags/block for entry small_andesite_brick_wall [minecraft:block]
[05Mar2025 02:07:42.367] [main/DEBUG] [com.tterrag.registrate.AbstractRegistrate/REGISTRATE.DATA]: Generating data of type tags/block for entry layered_andesite [minecraft:block]
[05Mar2025 02:07:42.367] [main/DEBUG] [com.tterrag.registrate.AbstractRegistrate/REGISTRATE.DATA]: Generating data of type tags/block for entry andesite_pillar [minecraft:block]
[05Mar2025 02:07:42.367] [main/DEBUG] [com.tterrag.registrate.AbstractRegistrate/REGISTRATE.DATA]: Generating data of type tags/block for entry cut_calcite [minecraft:block]
[05Mar2025 02:07:42.367] [main/DEBUG] [com.tterrag.registrate.AbstractRegistrate/REGISTRATE.DATA]: Generating data of type tags/block for entry cut_calcite_stairs [minecraft:block]
[05Mar2025 02:07:42.367] [main/DEBUG] [com.tterrag.registrate.AbstractRegistrate/REGISTRATE.DATA]: Generating data of type tags/block for entry cut_calcite_slab [minecraft:block]
[05Mar2025 02:07:42.367] [main/DEBUG] [com.tterrag.registrate.AbstractRegistrate/REGISTRATE.DATA]: Generating data of type tags/block for entry cut_calcite_wall [minecraft:block]
[05Mar2025 02:07:42.367] [main/DEBUG] [com.tterrag.registrate.AbstractRegistrate/REGISTRATE.DATA]: Generating data of type tags/block for entry polished_cut_calcite [minecraft:block]
[05Mar2025 02:07:42.367] [main/DEBUG] [com.tterrag.registrate.AbstractRegistrate/REGISTRATE.DATA]: Generating data of type tags/block for entry polished_cut_calcite_stairs [minecraft:block]
[05Mar2025 02:07:42.367] [main/DEBUG] [com.tterrag.registrate.AbstractRegistrate/REGISTRATE.DATA]: Generating data of type tags/block for entry polished_cut_calcite_slab [minecraft:block]
[05Mar2025 02:07:42.367] [main/DEBUG] [com.tterrag.registrate.AbstractRegistrate/REGISTRATE.DATA]: Generating data of type tags/block for entry polished_cut_calcite_wall [minecraft:block]
[05Mar2025 02:07:42.367] [main/DEBUG] [com.tterrag.registrate.AbstractRegistrate/REGISTRATE.DATA]: Generating data of type tags/block for entry cut_calcite_bricks [minecraft:block]
[05Mar2025 02:07:42.367] [main/DEBUG] [com.tterrag.registrate.AbstractRegistrate/REGISTRATE.DATA]: Generating data of type tags/block for entry cut_calcite_brick_stairs [minecraft:block]
[05Mar2025 02:07:42.367] [main/DEBUG] [com.tterrag.registrate.AbstractRegistrate/REGISTRATE.DATA]: Generating data of type tags/block for entry cut_calcite_brick_slab [minecraft:block]
[05Mar2025 02:07:42.368] [main/DEBUG] [com.tterrag.registrate.AbstractRegistrate/REGISTRATE.DATA]: Generating data of type tags/block for entry cut_calcite_brick_wall [minecraft:block]
[05Mar2025 02:07:42.368] [main/DEBUG] [com.tterrag.registrate.AbstractRegistrate/REGISTRATE.DATA]: Generating data of type tags/block for entry small_calcite_bricks [minecraft:block]
[05Mar2025 02:07:42.368] [main/DEBUG] [com.tterrag.registrate.AbstractRegistrate/REGISTRATE.DATA]: Generating data of type tags/block for entry small_calcite_brick_stairs [minecraft:block]
[05Mar2025 02:07:42.368] [main/DEBUG] [com.tterrag.registrate.AbstractRegistrate/REGISTRATE.DATA]: Generating data of type tags/block for entry small_calcite_brick_slab [minecraft:block]
[05Mar2025 02:07:42.368] [main/DEBUG] [com.tterrag.registrate.AbstractRegistrate/REGISTRATE.DATA]: Generating data of type tags/block for entry small_calcite_brick_wall [minecraft:block]
[05Mar2025 02:07:42.368] [main/DEBUG] [com.tterrag.registrate.AbstractRegistrate/REGISTRATE.DATA]: Generating data of type tags/block for entry layered_calcite [minecraft:block]
[05Mar2025 02:07:42.368] [main/DEBUG] [com.tterrag.registrate.AbstractRegistrate/REGISTRATE.DATA]: Generating data of type tags/block for entry calcite_pillar [minecraft:block]
[05Mar2025 02:07:42.368] [main/DEBUG] [com.tterrag.registrate.AbstractRegistrate/REGISTRATE.DATA]: Generating data of type tags/block for entry cut_dripstone [minecraft:block]
[05Mar2025 02:07:42.368] [main/DEBUG] [com.tterrag.registrate.AbstractRegistrate/REGISTRATE.DATA]: Generating data of type tags/block for entry cut_dripstone_stairs [minecraft:block]
[05Mar2025 02:07:42.368] [main/DEBUG] [com.tterrag.registrate.AbstractRegistrate/REGISTRATE.DATA]: Generating data of type tags/block for entry cut_dripstone_slab [minecraft:block]
[05Mar2025 02:07:42.368] [main/DEBUG] [com.tterrag.registrate.AbstractRegistrate/REGISTRATE.DATA]: Generating data of type tags/block for entry cut_dripstone_wall [minecraft:block]
[05Mar2025 02:07:42.368] [main/DEBUG] [com.tterrag.registrate.AbstractRegistrate/REGISTRATE.DATA]: Generating data of type tags/block for entry polished_cut_dripstone [minecraft:block]
[05Mar2025 02:07:42.368] [main/DEBUG] [com.tterrag.registrate.AbstractRegistrate/REGISTRATE.DATA]: Generating data of type tags/block for entry polished_cut_dripstone_stairs [minecraft:block]
[05Mar2025 02:07:42.368] [main/DEBUG] [com.tterrag.registrate.AbstractRegistrate/REGISTRATE.DATA]: Generating data of type tags/block for entry polished_cut_dripstone_slab [minecraft:block]
[05Mar2025 02:07:42.368] [main/DEBUG] [com.tterrag.registrate.AbstractRegistrate/REGISTRATE.DATA]: Generating data of type tags/block for entry polished_cut_dripstone_wall [minecraft:block]
[05Mar2025 02:07:42.368] [main/DEBUG] [com.tterrag.registrate.AbstractRegistrate/REGISTRATE.DATA]: Generating data of type tags/block for entry cut_dripstone_bricks [minecraft:block]
[05Mar2025 02:07:42.368] [main/DEBUG] [com.tterrag.registrate.AbstractRegistrate/REGISTRATE.DATA]: Generating data of type tags/block for entry cut_dripstone_brick_stairs [minecraft:block]
[05Mar2025 02:07:42.368] [main/DEBUG] [com.tterrag.registrate.AbstractRegistrate/REGISTRATE.DATA]: Generating data of type tags/block for entry cut_dripstone_brick_slab [minecraft:block]
[05Mar2025 02:07:42.368] [main/DEBUG] [com.tterrag.registrate.AbstractRegistrate/REGISTRATE.DATA]: Generating data of type tags/block for entry cut_dripstone_brick_wall [minecraft:block]
[05Mar2025 02:07:42.369] [main/DEBUG] [com.tterrag.registrate.AbstractRegistrate/REGISTRATE.DATA]: Generating data of type tags/block for entry small_dripstone_bricks [minecraft:block]
[05Mar2025 02:07:42.369] [main/DEBUG] [com.tterrag.registrate.AbstractRegistrate/REGISTRATE.DATA]: Generating data of type tags/block for entry small_dripstone_brick_stairs [minecraft:block]
[05Mar2025 02:07:42.369] [main/DEBUG] [com.tterrag.registrate.AbstractRegistrate/REGISTRATE.DATA]: Generating data of type tags/block for entry small_dripstone_brick_slab [minecraft:block]
[05Mar2025 02:07:42.369] [main/DEBUG] [com.tterrag.registrate.AbstractRegistrate/REGISTRATE.DATA]: Generating data of type tags/block for entry small_dripstone_brick_wall [minecraft:block]
[05Mar2025 02:07:42.369] [main/DEBUG] [com.tterrag.registrate.AbstractRegistrate/REGISTRATE.DATA]: Generating data of type tags/block for entry layered_dripstone [minecraft:block]
[05Mar2025 02:07:42.369] [main/DEBUG] [com.tterrag.registrate.AbstractRegistrate/REGISTRATE.DATA]: Generating data of type tags/block for entry dripstone_pillar [minecraft:block]
[05Mar2025 02:07:42.369] [main/DEBUG] [com.tterrag.registrate.AbstractRegistrate/REGISTRATE.DATA]: Generating data of type tags/block for entry cut_deepslate [minecraft:block]
[05Mar2025 02:07:42.369] [main/DEBUG] [com.tterrag.registrate.AbstractRegistrate/REGISTRATE.DATA]: Generating data of type tags/block for entry cut_deepslate_stairs [minecraft:block]
[05Mar2025 02:07:42.369] [main/DEBUG] [com.tterrag.registrate.AbstractRegistrate/REGISTRATE.DATA]: Generating data of type tags/block for entry cut_deepslate_slab [minecraft:block]
[05Mar2025 02:07:42.369] [main/DEBUG] [com.tterrag.registrate.AbstractRegistrate/REGISTRATE.DATA]: Generating data of type tags/block for entry cut_deepslate_wall [minecraft:block]
[05Mar2025 02:07:42.369] [main/DEBUG] [com.tterrag.registrate.AbstractRegistrate/REGISTRATE.DATA]: Generating data of type tags/block for entry polished_cut_deepslate [minecraft:block]
[05Mar2025 02:07:42.369] [main/DEBUG] [com.tterrag.registrate.AbstractRegistrate/REGISTRATE.DATA]: Generating data of type tags/block for entry polished_cut_deepslate_stairs [minecraft:block]
[05Mar2025 02:07:42.369] [main/DEBUG] [com.tterrag.registrate.AbstractRegistrate/REGISTRATE.DATA]: Generating data of type tags/block for entry polished_cut_deepslate_slab [minecraft:block]
[05Mar2025 02:07:42.369] [main/DEBUG] [com.tterrag.registrate.AbstractRegistrate/REGISTRATE.DATA]: Generating data of type tags/block for entry polished_cut_deepslate_wall [minecraft:block]
[05Mar2025 02:07:42.369] [main/DEBUG] [com.tterrag.registrate.AbstractRegistrate/REGISTRATE.DATA]: Generating data of type tags/block for entry cut_deepslate_bricks [minecraft:block]
[05Mar2025 02:07:42.369] [main/DEBUG] [com.tterrag.registrate.AbstractRegistrate/REGISTRATE.DATA]: Generating data of type tags/block for entry cut_deepslate_brick_stairs [minecraft:block]
[05Mar2025 02:07:42.369] [main/DEBUG] [com.tterrag.registrate.AbstractRegistrate/REGISTRATE.DATA]: Generating data of type tags/block for entry cut_deepslate_brick_slab [minecraft:block]
[05Mar2025 02:07:42.369] [main/DEBUG] [com.tterrag.registrate.AbstractRegistrate/REGISTRATE.DATA]: Generating data of type tags/block for entry cut_deepslate_brick_wall [minecraft:block]
[05Mar2025 02:07:42.369] [main/DEBUG] [com.tterrag.registrate.AbstractRegistrate/REGISTRATE.DATA]: Generating data of type tags/block for entry small_deepslate_bricks [minecraft:block]
[05Mar2025 02:07:42.370] [main/DEBUG] [com.tterrag.registrate.AbstractRegistrate/REGISTRATE.DATA]: Generating data of type tags/block for entry small_deepslate_brick_stairs [minecraft:block]
[05Mar2025 02:07:42.370] [main/DEBUG] [com.tterrag.registrate.AbstractRegistrate/REGISTRATE.DATA]: Generating data of type tags/block for entry small_deepslate_brick_slab [minecraft:block]
[05Mar2025 02:07:42.370] [main/DEBUG] [com.tterrag.registrate.AbstractRegistrate/REGISTRATE.DATA]: Generating data of type tags/block for entry small_deepslate_brick_wall [minecraft:block]
[05Mar2025 02:07:42.370] [main/DEBUG] [com.tterrag.registrate.AbstractRegistrate/REGISTRATE.DATA]: Generating data of type tags/block for entry layered_deepslate [minecraft:block]
[05Mar2025 02:07:42.370] [main/DEBUG] [com.tterrag.registrate.AbstractRegistrate/REGISTRATE.DATA]: Generating data of type tags/block for entry deepslate_pillar [minecraft:block]
[05Mar2025 02:07:42.370] [main/DEBUG] [com.tterrag.registrate.AbstractRegistrate/REGISTRATE.DATA]: Generating data of type tags/block for entry cut_tuff [minecraft:block]
[05Mar2025 02:07:42.370] [main/DEBUG] [com.tterrag.registrate.AbstractRegistrate/REGISTRATE.DATA]: Generating data of type tags/block for entry cut_tuff_stairs [minecraft:block]
[05Mar2025 02:07:42.370] [main/DEBUG] [com.tterrag.registrate.AbstractRegistrate/REGISTRATE.DATA]: Generating data of type tags/block for entry cut_tuff_slab [minecraft:block]
[05Mar2025 02:07:42.370] [main/DEBUG] [com.tterrag.registrate.AbstractRegistrate/REGISTRATE.DATA]: Generating data of type tags/block for entry cut_tuff_wall [minecraft:block]
[05Mar2025 02:07:42.370] [main/DEBUG] [com.tterrag.registrate.AbstractRegistrate/REGISTRATE.DATA]: Generating data of type tags/block for entry polished_cut_tuff [minecraft:block]
[05Mar2025 02:07:42.370] [main/DEBUG] [com.tterrag.registrate.AbstractRegistrate/REGISTRATE.DATA]: Generating data of type tags/block for entry polished_cut_tuff_stairs [minecraft:block]
[05Mar2025 02:07:42.370] [main/DEBUG] [com.tterrag.registrate.AbstractRegistrate/REGISTRATE.DATA]: Generating data of type tags/block for entry polished_cut_tuff_slab [minecraft:block]
[05Mar2025 02:07:42.370] [main/DEBUG] [com.tterrag.registrate.AbstractRegistrate/REGISTRATE.DATA]: Generating data of type tags/block for entry polished_cut_tuff_wall [minecraft:block]
[05Mar2025 02:07:42.370] [main/DEBUG] [com.tterrag.registrate.AbstractRegistrate/REGISTRATE.DATA]: Generating data of type tags/block for entry cut_tuff_bricks [minecraft:block]
[05Mar2025 02:07:42.370] [main/DEBUG] [com.tterrag.registrate.AbstractRegistrate/REGISTRATE.DATA]: Generating data of type tags/block for entry cut_tuff_brick_stairs [minecraft:block]
[05Mar2025 02:07:42.370] [main/DEBUG] [com.tterrag.registrate.AbstractRegistrate/REGISTRATE.DATA]: Generating data of type tags/block for entry cut_tuff_brick_slab [minecraft:block]
[05Mar2025 02:07:42.370] [main/DEBUG] [com.tterrag.registrate.AbstractRegistrate/REGISTRATE.DATA]: Generating data of type tags/block for entry cut_tuff_brick_wall [minecraft:block]
[05Mar2025 02:07:42.370] [main/DEBUG] [com.tterrag.registrate.AbstractRegistrate/REGISTRATE.DATA]: Generating data of type tags/block for entry small_tuff_bricks [minecraft:block]
[05Mar2025 02:07:42.370] [main/DEBUG] [com.tterrag.registrate.AbstractRegistrate/REGISTRATE.DATA]: Generating data of type tags/block for entry small_tuff_brick_stairs [minecraft:block]
[05Mar2025 02:07:42.371] [main/DEBUG] [com.tterrag.registrate.AbstractRegistrate/REGISTRATE.DATA]: Generating data of type tags/block for entry small_tuff_brick_slab [minecraft:block]
[05Mar2025 02:07:42.371] [main/DEBUG] [com.tterrag.registrate.AbstractRegistrate/REGISTRATE.DATA]: Generating data of type tags/block for entry small_tuff_brick_wall [minecraft:block]
[05Mar2025 02:07:42.371] [main/DEBUG] [com.tterrag.registrate.AbstractRegistrate/REGISTRATE.DATA]: Generating data of type tags/block for entry layered_tuff [minecraft:block]
[05Mar2025 02:07:42.371] [main/DEBUG] [com.tterrag.registrate.AbstractRegistrate/REGISTRATE.DATA]: Generating data of type tags/block for entry tuff_pillar [minecraft:block]
[05Mar2025 02:07:42.371] [main/DEBUG] [com.tterrag.registrate.AbstractRegistrate/REGISTRATE.DATA]: Generating data of type tags/block for entry asurine [minecraft:block]
[05Mar2025 02:07:42.371] [main/DEBUG] [com.tterrag.registrate.AbstractRegistrate/REGISTRATE.DATA]: Generating data of type tags/block for entry cut_asurine [minecraft:block]
[05Mar2025 02:07:42.371] [main/DEBUG] [com.tterrag.registrate.AbstractRegistrate/REGISTRATE.DATA]: Generating data of type tags/block for entry cut_asurine_stairs [minecraft:block]
[05Mar2025 02:07:42.371] [main/DEBUG] [com.tterrag.registrate.AbstractRegistrate/REGISTRATE.DATA]: Generating data of type tags/block for entry cut_asurine_slab [minecraft:block]
[05Mar2025 02:07:42.371] [main/DEBUG] [com.tterrag.registrate.AbstractRegistrate/REGISTRATE.DATA]: Generating data of type tags/block for entry cut_asurine_wall [minecraft:block]
[05Mar2025 02:07:42.371] [main/DEBUG] [com.tterrag.registrate.AbstractRegistrate/REGISTRATE.DATA]: Generating data of type tags/block for entry polished_cut_asurine [minecraft:block]
[05Mar2025 02:07:42.371] [main/DEBUG] [com.tterrag.registrate.AbstractRegistrate/REGISTRATE.DATA]: Generating data of type tags/block for entry polished_cut_asurine_stairs [minecraft:block]
[05Mar2025 02:07:42.371] [main/DEBUG] [com.tterrag.registrate.AbstractRegistrate/REGISTRATE.DATA]: Generating data of type tags/block for entry polished_cut_asurine_slab [minecraft:block]
[05Mar2025 02:07:42.371] [main/DEBUG] [com.tterrag.registrate.AbstractRegistrate/REGISTRATE.DATA]: Generating data of type tags/block for entry polished_cut_asurine_wall [minecraft:block]
[05Mar2025 02:07:42.371] [main/DEBUG] [com.tterrag.registrate.AbstractRegistrate/REGISTRATE.DATA]: Generating data of type tags/block for entry cut_asurine_bricks [minecraft:block]
[05Mar2025 02:07:42.371] [main/DEBUG] [com.tterrag.registrate.AbstractRegistrate/REGISTRATE.DATA]: Generating data of type tags/block for entry cut_asurine_brick_stairs [minecraft:block]
[05Mar2025 02:07:42.371] [main/DEBUG] [com.tterrag.registrate.AbstractRegistrate/REGISTRATE.DATA]: Generating data of type tags/block for entry cut_asurine_brick_slab [minecraft:block]
[05Mar2025 02:07:42.372] [main/DEBUG] [com.tterrag.registrate.AbstractRegistrate/REGISTRATE.DATA]: Generating data of type tags/block for entry cut_asurine_brick_wall [minecraft:block]
[05Mar2025 02:07:42.372] [main/DEBUG] [com.tterrag.registrate.AbstractRegistrate/REGISTRATE.DATA]: Generating data of type tags/block for entry small_asurine_bricks [minecraft:block]
[05Mar2025 02:07:42.372] [main/DEBUG] [com.tterrag.registrate.AbstractRegistrate/REGISTRATE.DATA]: Generating data of type tags/block for entry small_asurine_brick_stairs [minecraft:block]
[05Mar2025 02:07:42.372] [main/DEBUG] [com.tterrag.registrate.AbstractRegistrate/REGISTRATE.DATA]: Generating data of type tags/block for entry small_asurine_brick_slab [minecraft:block]
[05Mar2025 02:07:42.372] [main/DEBUG] [com.tterrag.registrate.AbstractRegistrate/REGISTRATE.DATA]: Generating data of type tags/block for entry small_asurine_brick_wall [minecraft:block]
[05Mar2025 02:07:42.372] [main/DEBUG] [com.tterrag.registrate.AbstractRegistrate/REGISTRATE.DATA]: Generating data of type tags/block for entry layered_asurine [minecraft:block]
[05Mar2025 02:07:42.372] [main/DEBUG] [com.tterrag.registrate.AbstractRegistrate/REGISTRATE.DATA]: Generating data of type tags/block for entry asurine_pillar [minecraft:block]
[05Mar2025 02:07:42.372] [main/DEBUG] [com.tterrag.registrate.AbstractRegistrate/REGISTRATE.DATA]: Generating data of type tags/block for entry crimsite [minecraft:block]
[05Mar2025 02:07:42.372] [main/DEBUG] [com.tterrag.registrate.AbstractRegistrate/REGISTRATE.DATA]: Generating data of type tags/block for entry cut_crimsite [minecraft:block]
[05Mar2025 02:07:42.372] [main/DEBUG] [com.tterrag.registrate.AbstractRegistrate/REGISTRATE.DATA]: Generating data of type tags/block for entry cut_crimsite_stairs [minecraft:block]
[05Mar2025 02:07:42.372] [main/DEBUG] [com.tterrag.registrate.AbstractRegistrate/REGISTRATE.DATA]: Generating data of type tags/block for entry cut_crimsite_slab [minecraft:block]
[05Mar2025 02:07:42.372] [main/DEBUG] [com.tterrag.registrate.AbstractRegistrate/REGISTRATE.DATA]: Generating data of type tags/block for entry cut_crimsite_wall [minecraft:block]
[05Mar2025 02:07:42.372] [main/DEBUG] [com.tterrag.registrate.AbstractRegistrate/REGISTRATE.DATA]: Generating data of type tags/block for entry polished_cut_crimsite [minecraft:block]
[05Mar2025 02:07:42.372] [main/DEBUG] [com.tterrag.registrate.AbstractRegistrate/REGISTRATE.DATA]: Generating data of type tags/block for entry polished_cut_crimsite_stairs [minecraft:block]
[05Mar2025 02:07:42.372] [main/DEBUG] [com.tterrag.registrate.AbstractRegistrate/REGISTRATE.DATA]: Generating data of type tags/block for entry polished_cut_crimsite_slab [minecraft:block]
[05Mar2025 02:07:42.372] [main/DEBUG] [com.tterrag.registrate.AbstractRegistrate/REGISTRATE.DATA]: Generating data of type tags/block for entry polished_cut_crimsite_wall [minecraft:block]
[05Mar2025 02:07:42.372] [main/DEBUG] [com.tterrag.registrate.AbstractRegistrate/REGISTRATE.DATA]: Generating data of type tags/block for entry cut_crimsite_bricks [minecraft:block]
[05Mar2025 02:07:42.373] [main/DEBUG] [com.tterrag.registrate.AbstractRegistrate/REGISTRATE.DATA]: Generating data of type tags/block for entry cut_crimsite_brick_stairs [minecraft:block]
[05Mar2025 02:07:42.373] [main/DEBUG] [com.tterrag.registrate.AbstractRegistrate/REGISTRATE.DATA]: Generating data of type tags/block for entry cut_crimsite_brick_slab [minecraft:block]
[05Mar2025 02:07:42.373] [main/DEBUG] [com.tterrag.registrate.AbstractRegistrate/REGISTRATE.DATA]: Generating data of type tags/block for entry cut_crimsite_brick_wall [minecraft:block]
[05Mar2025 02:07:42.373] [main/DEBUG] [com.tterrag.registrate.AbstractRegistrate/REGISTRATE.DATA]: Generating data of type tags/block for entry small_crimsite_bricks [minecraft:block]
[05Mar2025 02:07:42.373] [main/DEBUG] [com.tterrag.registrate.AbstractRegistrate/REGISTRATE.DATA]: Generating data of type tags/block for entry small_crimsite_brick_stairs [minecraft:block]
[05Mar2025 02:07:42.373] [main/DEBUG] [com.tterrag.registrate.AbstractRegistrate/REGISTRATE.DATA]: Generating data of type tags/block for entry small_crimsite_brick_slab [minecraft:block]
[05Mar2025 02:07:42.373] [main/DEBUG] [com.tterrag.registrate.AbstractRegistrate/REGISTRATE.DATA]: Generating data of type tags/block for entry small_crimsite_brick_wall [minecraft:block]
[05Mar2025 02:07:42.373] [main/DEBUG] [com.tterrag.registrate.AbstractRegistrate/REGISTRATE.DATA]: Generating data of type tags/block for entry layered_crimsite [minecraft:block]
[05Mar2025 02:07:42.373] [main/DEBUG] [com.tterrag.registrate.AbstractRegistrate/REGISTRATE.DATA]: Generating data of type tags/block for entry crimsite_pillar [minecraft:block]
[05Mar2025 02:07:42.373] [main/DEBUG] [com.tterrag.registrate.AbstractRegistrate/REGISTRATE.DATA]: Generating data of type tags/block for entry limestone [minecraft:block]
[05Mar2025 02:07:42.373] [main/DEBUG] [com.tterrag.registrate.AbstractRegistrate/REGISTRATE.DATA]: Generating data of type tags/block for entry cut_limestone [minecraft:block]
[05Mar2025 02:07:42.373] [main/DEBUG] [com.tterrag.registrate.AbstractRegistrate/REGISTRATE.DATA]: Generating data of type tags/block for entry cut_limestone_stairs [minecraft:block]
[05Mar2025 02:07:42.373] [main/DEBUG] [com.tterrag.registrate.AbstractRegistrate/REGISTRATE.DATA]: Generating data of type tags/block for entry cut_limestone_slab [minecraft:block]
[05Mar2025 02:07:42.373] [main/DEBUG] [com.tterrag.registrate.AbstractRegistrate/REGISTRATE.DATA]: Generating data of type tags/block for entry cut_limestone_wall [minecraft:block]
[05Mar2025 02:07:42.373] [main/DEBUG] [com.tterrag.registrate.AbstractRegistrate/REGISTRATE.DATA]: Generating data of type tags/block for entry polished_cut_limestone [minecraft:block]
[05Mar2025 02:07:42.373] [main/DEBUG] [com.tterrag.registrate.AbstractRegistrate/REGISTRATE.DATA]: Generating data of type tags/block for entry polished_cut_limestone_stairs [minecraft:block]
[05Mar2025 02:07:42.374] [main/DEBUG] [com.tterrag.registrate.AbstractRegistrate/REGISTRATE.DATA]: Generating data of type tags/block for entry polished_cut_limestone_slab [minecraft:block]
[05Mar2025 02:07:42.374] [main/DEBUG] [com.tterrag.registrate.AbstractRegistrate/REGISTRATE.DATA]: Generating data of type tags/block for entry polished_cut_limestone_wall [minecraft:block]
[05Mar2025 02:07:42.374] [main/DEBUG] [com.tterrag.registrate.AbstractRegistrate/REGISTRATE.DATA]: Generating data of type tags/block for entry cut_limestone_bricks [minecraft:block]
[05Mar2025 02:07:42.374] [main/DEBUG] [com.tterrag.registrate.AbstractRegistrate/REGISTRATE.DATA]: Generating data of type tags/block for entry cut_limestone_brick_stairs [minecraft:block]
[05Mar2025 02:07:42.374] [main/DEBUG] [com.tterrag.registrate.AbstractRegistrate/REGISTRATE.DATA]: Generating data of type tags/block for entry cut_limestone_brick_slab [minecraft:block]
[05Mar2025 02:07:42.374] [main/DEBUG] [com.tterrag.registrate.AbstractRegistrate/REGISTRATE.DATA]: Generating data of type tags/block for entry cut_limestone_brick_wall [minecraft:block]
[05Mar2025 02:07:42.374] [main/DEBUG] [com.tterrag.registrate.AbstractRegistrate/REGISTRATE.DATA]: Generating data of type tags/block for entry small_limestone_bricks [minecraft:block]
[05Mar2025 02:07:42.374] [main/DEBUG] [com.tterrag.registrate.AbstractRegistrate/REGISTRATE.DATA]: Generating data of type tags/block for entry small_limestone_brick_stairs [minecraft:block]
[05Mar2025 02:07:42.374] [main/DEBUG] [com.tterrag.registrate.AbstractRegistrate/REGISTRATE.DATA]: Generating data of type tags/block for entry small_limestone_brick_slab [minecraft:block]
[05Mar2025 02:07:42.374] [main/DEBUG] [com.tterrag.registrate.AbstractRegistrate/REGISTRATE.DATA]: Generating data of type tags/block for entry small_limestone_brick_wall [minecraft:block]
[05Mar2025 02:07:42.374] [main/DEBUG] [com.tterrag.registrate.AbstractRegistrate/REGISTRATE.DATA]: Generating data of type tags/block for entry layered_limestone [minecraft:block]
[05Mar2025 02:07:42.374] [main/DEBUG] [com.tterrag.registrate.AbstractRegistrate/REGISTRATE.DATA]: Generating data of type tags/block for entry limestone_pillar [minecraft:block]
[05Mar2025 02:07:42.374] [main/DEBUG] [com.tterrag.registrate.AbstractRegistrate/REGISTRATE.DATA]: Generating data of type tags/block for entry ochrum [minecraft:block]
[05Mar2025 02:07:42.374] [main/DEBUG] [com.tterrag.registrate.AbstractRegistrate/REGISTRATE.DATA]: Generating data of type tags/block for entry cut_ochrum [minecraft:block]
[05Mar2025 02:07:42.374] [main/DEBUG] [com.tterrag.registrate.AbstractRegistrate/REGISTRATE.DATA]: Generating data of type tags/block for entry cut_ochrum_stairs [minecraft:block]
[05Mar2025 02:07:42.374] [main/DEBUG] [com.tterrag.registrate.AbstractRegistrate/REGISTRATE.DATA]: Generating data of type tags/block for entry cut_ochrum_slab [minecraft:block]
[05Mar2025 02:07:42.375] [main/DEBUG] [com.tterrag.registrate.AbstractRegistrate/REGISTRATE.DATA]: Generating data of type tags/block for entry cut_ochrum_wall [minecraft:block]
[05Mar2025 02:07:42.375] [main/DEBUG] [com.tterrag.registrate.AbstractRegistrate/REGISTRATE.DATA]: Generating data of type tags/block for entry polished_cut_ochrum [minecraft:block]
[05Mar2025 02:07:42.375] [main/DEBUG] [com.tterrag.registrate.AbstractRegistrate/REGISTRATE.DATA]: Generating data of type tags/block for entry polished_cut_ochrum_stairs [minecraft:block]
[05Mar2025 02:07:42.375] [main/DEBUG] [com.tterrag.registrate.AbstractRegistrate/REGISTRATE.DATA]: Generating data of type tags/block for entry polished_cut_ochrum_slab [minecraft:block]
[05Mar2025 02:07:42.375] [main/DEBUG] [com.tterrag.registrate.AbstractRegistrate/REGISTRATE.DATA]: Generating data of type tags/block for entry polished_cut_ochrum_wall [minecraft:block]
[05Mar2025 02:07:42.375] [main/DEBUG] [com.tterrag.registrate.AbstractRegistrate/REGISTRATE.DATA]: Generating data of type tags/block for entry cut_ochrum_bricks [minecraft:block]
[05Mar2025 02:07:42.375] [main/DEBUG] [com.tterrag.registrate.AbstractRegistrate/REGISTRATE.DATA]: Generating data of type tags/block for entry cut_ochrum_brick_stairs [minecraft:block]
[05Mar2025 02:07:42.375] [main/DEBUG] [com.tterrag.registrate.AbstractRegistrate/REGISTRATE.DATA]: Generating data of type tags/block for entry cut_ochrum_brick_slab [minecraft:block]
[05Mar2025 02:07:42.375] [main/DEBUG] [com.tterrag.registrate.AbstractRegistrate/REGISTRATE.DATA]: Generating data of type tags/block for entry cut_ochrum_brick_wall [minecraft:block]
[05Mar2025 02:07:42.375] [main/DEBUG] [com.tterrag.registrate.AbstractRegistrate/REGISTRATE.DATA]: Generating data of type tags/block for entry small_ochrum_bricks [minecraft:block]
[05Mar2025 02:07:42.375] [main/DEBUG] [com.tterrag.registrate.AbstractRegistrate/REGISTRATE.DATA]: Generating data of type tags/block for entry small_ochrum_brick_stairs [minecraft:block]
[05Mar2025 02:07:42.375] [main/DEBUG] [com.tterrag.registrate.AbstractRegistrate/REGISTRATE.DATA]: Generating data of type tags/block for entry small_ochrum_brick_slab [minecraft:block]
[05Mar2025 02:07:42.375] [main/DEBUG] [com.tterrag.registrate.AbstractRegistrate/REGISTRATE.DATA]: Generating data of type tags/block for entry small_ochrum_brick_wall [minecraft:block]
[05Mar2025 02:07:42.375] [main/DEBUG] [com.tterrag.registrate.AbstractRegistrate/REGISTRATE.DATA]: Generating data of type tags/block for entry layered_ochrum [minecraft:block]
[05Mar2025 02:07:42.375] [main/DEBUG] [com.tterrag.registrate.AbstractRegistrate/REGISTRATE.DATA]: Generating data of type tags/block for entry ochrum_pillar [minecraft:block]
[05Mar2025 02:07:42.375] [main/DEBUG] [com.tterrag.registrate.AbstractRegistrate/REGISTRATE.DATA]: Generating data of type tags/block for entry scoria [minecraft:block]
[05Mar2025 02:07:42.376] [main/DEBUG] [com.tterrag.registrate.AbstractRegistrate/REGISTRATE.DATA]: Generating data of type tags/block for entry cut_scoria [minecraft:block]
[05Mar2025 02:07:42.376] [main/DEBUG] [com.tterrag.registrate.AbstractRegistrate/REGISTRATE.DATA]: Generating data of type tags/block for entry cut_scoria_stairs [minecraft:block]
[05Mar2025 02:07:42.376] [main/DEBUG] [com.tterrag.registrate.AbstractRegistrate/REGISTRATE.DATA]: Generating data of type tags/block for entry cut_scoria_slab [minecraft:block]
[05Mar2025 02:07:42.376] [main/DEBUG] [com.tterrag.registrate.AbstractRegistrate/REGISTRATE.DATA]: Generating data of type tags/block for entry cut_scoria_wall [minecraft:block]
[05Mar2025 02:07:42.376] [main/DEBUG] [com.tterrag.registrate.AbstractRegistrate/REGISTRATE.DATA]: Generating data of type tags/block for entry polished_cut_scoria [minecraft:block]
[05Mar2025 02:07:42.376] [main/DEBUG] [com.tterrag.registrate.AbstractRegistrate/REGISTRATE.DATA]: Generating data of type tags/block for entry polished_cut_scoria_stairs [minecraft:block]
[05Mar2025 02:07:42.376] [main/DEBUG] [com.tterrag.registrate.AbstractRegistrate/REGISTRATE.DATA]: Generating data of type tags/block for entry polished_cut_scoria_slab [minecraft:block]
[05Mar2025 02:07:42.376] [main/DEBUG] [com.tterrag.registrate.AbstractRegistrate/REGISTRATE.DATA]: Generating data of type tags/block for entry polished_cut_scoria_wall [minecraft:block]
[05Mar2025 02:07:42.376] [main/DEBUG] [com.tterrag.registrate.AbstractRegistrate/REGISTRATE.DATA]: Generating data of type tags/block for entry cut_scoria_bricks [minecraft:block]
[05Mar2025 02:07:42.376] [main/DEBUG] [com.tterrag.registrate.AbstractRegistrate/REGISTRATE.DATA]: Generating data of type tags/block for entry cut_scoria_brick_stairs [minecraft:block]
[05Mar2025 02:07:42.376] [main/DEBUG] [com.tterrag.registrate.AbstractRegistrate/REGISTRATE.DATA]: Generating data of type tags/block for entry cut_scoria_brick_slab [minecraft:block]
[05Mar2025 02:07:42.377] [main/DEBUG] [com.tterrag.registrate.AbstractRegistrate/REGISTRATE.DATA]: Generating data of type tags/block for entry cut_scoria_brick_wall [minecraft:block]
[05Mar2025 02:07:42.377] [main/DEBUG] [com.tterrag.registrate.AbstractRegistrate/REGISTRATE.DATA]: Generating data of type tags/block for entry small_scoria_bricks [minecraft:block]
[05Mar2025 02:07:42.377] [main/DEBUG] [com.tterrag.registrate.AbstractRegistrate/REGISTRATE.DATA]: Generating data of type tags/block for entry small_scoria_brick_stairs [minecraft:block]
[05Mar2025 02:07:42.377] [main/DEBUG] [com.tterrag.registrate.AbstractRegistrate/REGISTRATE.DATA]: Generating data of type tags/block for entry small_scoria_brick_slab [minecraft:block]
[05Mar2025 02:07:42.377] [main/DEBUG] [com.tterrag.registrate.AbstractRegistrate/REGISTRATE.DATA]: Generating data of type tags/block for entry small_scoria_brick_wall [minecraft:block]
[05Mar2025 02:07:42.377] [main/DEBUG] [com.tterrag.registrate.AbstractRegistrate/REGISTRATE.DATA]: Generating data of type tags/block for entry layered_scoria [minecraft:block]
[05Mar2025 02:07:42.377] [main/DEBUG] [com.tterrag.registrate.AbstractRegistrate/REGISTRATE.DATA]: Generating data of type tags/block for entry scoria_pillar [minecraft:block]
[05Mar2025 02:07:42.377] [main/DEBUG] [com.tterrag.registrate.AbstractRegistrate/REGISTRATE.DATA]: Generating data of type tags/block for entry scorchia [minecraft:block]
[05Mar2025 02:07:42.377] [main/DEBUG] [com.tterrag.registrate.AbstractRegistrate/REGISTRATE.DATA]: Generating data of type tags/block for entry cut_scorchia [minecraft:block]
[05Mar2025 02:07:42.377] [main/DEBUG] [com.tterrag.registrate.AbstractRegistrate/REGISTRATE.DATA]: Generating data of type tags/block for entry cut_scorchia_stairs [minecraft:block]
[05Mar2025 02:07:42.377] [main/DEBUG] [com.tterrag.registrate.AbstractRegistrate/REGISTRATE.DATA]: Generating data of type tags/block for entry cut_scorchia_slab [minecraft:block]
[05Mar2025 02:07:42.377] [main/DEBUG] [com.tterrag.registrate.AbstractRegistrate/REGISTRATE.DATA]: Generating data of type tags/block for entry cut_scorchia_wall [minecraft:block]
[05Mar2025 02:07:42.378] [main/DEBUG] [com.tterrag.registrate.AbstractRegistrate/REGISTRATE.DATA]: Generating data of type tags/block for entry polished_cut_scorchia [minecraft:block]
[05Mar2025 02:07:42.378] [main/DEBUG] [com.tterrag.registrate.AbstractRegistrate/REGISTRATE.DATA]: Generating data of type tags/block for entry polished_cut_scorchia_stairs [minecraft:block]
[05Mar2025 02:07:42.378] [main/DEBUG] [com.tterrag.registrate.AbstractRegistrate/REGISTRATE.DATA]: Generating data of type tags/block for entry polished_cut_scorchia_slab [minecraft:block]
[05Mar2025 02:07:42.378] [main/DEBUG] [com.tterrag.registrate.AbstractRegistrate/REGISTRATE.DATA]: Generating data of type tags/block for entry polished_cut_scorchia_wall [minecraft:block]
[05Mar2025 02:07:42.378] [main/DEBUG] [com.tterrag.registrate.AbstractRegistrate/REGISTRATE.DATA]: Generating data of type tags/block for entry cut_scorchia_bricks [minecraft:block]
[05Mar2025 02:07:42.378] [main/DEBUG] [com.tterrag.registrate.AbstractRegistrate/REGISTRATE.DATA]: Generating data of type tags/block for entry cut_scorchia_brick_stairs [minecraft:block]
[05Mar2025 02:07:42.378] [main/DEBUG] [com.tterrag.registrate.AbstractRegistrate/REGISTRATE.DATA]: Generating data of type tags/block for entry cut_scorchia_brick_slab [minecraft:block]
[05Mar2025 02:07:42.378] [main/DEBUG] [com.tterrag.registrate.AbstractRegistrate/REGISTRATE.DATA]: Generating data of type tags/block for entry cut_scorchia_brick_wall [minecraft:block]
[05Mar2025 02:07:42.378] [main/DEBUG] [com.tterrag.registrate.AbstractRegistrate/REGISTRATE.DATA]: Generating data of type tags/block for entry small_scorchia_bricks [minecraft:block]
[05Mar2025 02:07:42.378] [main/DEBUG] [com.tterrag.registrate.AbstractRegistrate/REGISTRATE.DATA]: Generating data of type tags/block for entry small_scorchia_brick_stairs [minecraft:block]
[05Mar2025 02:07:42.378] [main/DEBUG] [com.tterrag.registrate.AbstractRegistrate/REGISTRATE.DATA]: Generating data of type tags/block for entry small_scorchia_brick_slab [minecraft:block]
[05Mar2025 02:07:42.378] [main/DEBUG] [com.tterrag.registrate.AbstractRegistrate/REGISTRATE.DATA]: Generating data of type tags/block for entry small_scorchia_brick_wall [minecraft:block]
[05Mar2025 02:07:42.378] [main/DEBUG] [com.tterrag.registrate.AbstractRegistrate/REGISTRATE.DATA]: Generating data of type tags/block for entry layered_scorchia [minecraft:block]
[05Mar2025 02:07:42.378] [main/DEBUG] [com.tterrag.registrate.AbstractRegistrate/REGISTRATE.DATA]: Generating data of type tags/block for entry scorchia_pillar [minecraft:block]
[05Mar2025 02:07:42.378] [main/DEBUG] [com.tterrag.registrate.AbstractRegistrate/REGISTRATE.DATA]: Generating data of type tags/block for entry veridium [minecraft:block]
[05Mar2025 02:07:42.378] [main/DEBUG] [com.tterrag.registrate.AbstractRegistrate/REGISTRATE.DATA]: Generating data of type tags/block for entry cut_veridium [minecraft:block]
[05Mar2025 02:07:42.378] [main/DEBUG] [com.tterrag.registrate.AbstractRegistrate/REGISTRATE.DATA]: Generating data of type tags/block for entry cut_veridium_stairs [minecraft:block]
[05Mar2025 02:07:42.378] [main/DEBUG] [com.tterrag.registrate.AbstractRegistrate/REGISTRATE.DATA]: Generating data of type tags/block for entry cut_veridium_slab [minecraft:block]
[05Mar2025 02:07:42.379] [main/DEBUG] [com.tterrag.registrate.AbstractRegistrate/REGISTRATE.DATA]: Generating data of type tags/block for entry cut_veridium_wall [minecraft:block]
[05Mar2025 02:07:42.379] [main/DEBUG] [com.tterrag.registrate.AbstractRegistrate/REGISTRATE.DATA]: Generating data of type tags/block for entry polished_cut_veridium [minecraft:block]
[05Mar2025 02:07:42.379] [main/DEBUG] [com.tterrag.registrate.AbstractRegistrate/REGISTRATE.DATA]: Generating data of type tags/block for entry polished_cut_veridium_stairs [minecraft:block]
[05Mar2025 02:07:42.379] [main/DEBUG] [com.tterrag.registrate.AbstractRegistrate/REGISTRATE.DATA]: Generating data of type tags/block for entry polished_cut_veridium_slab [minecraft:block]
[05Mar2025 02:07:42.379] [main/DEBUG] [com.tterrag.registrate.AbstractRegistrate/REGISTRATE.DATA]: Generating data of type tags/block for entry polished_cut_veridium_wall [minecraft:block]
[05Mar2025 02:07:42.379] [main/DEBUG] [com.tterrag.registrate.AbstractRegistrate/REGISTRATE.DATA]: Generating data of type tags/block for entry cut_veridium_bricks [minecraft:block]
[05Mar2025 02:07:42.379] [main/DEBUG] [com.tterrag.registrate.AbstractRegistrate/REGISTRATE.DATA]: Generating data of type tags/block for entry cut_veridium_brick_stairs [minecraft:block]
[05Mar2025 02:07:42.379] [main/DEBUG] [com.tterrag.registrate.AbstractRegistrate/REGISTRATE.DATA]: Generating data of type tags/block for entry cut_veridium_brick_slab [minecraft:block]
[05Mar2025 02:07:42.379] [main/DEBUG] [com.tterrag.registrate.AbstractRegistrate/REGISTRATE.DATA]: Generating data of type tags/block for entry cut_veridium_brick_wall [minecraft:block]
[05Mar2025 02:07:42.379] [main/DEBUG] [com.tterrag.registrate.AbstractRegistrate/REGISTRATE.DATA]: Generating data of type tags/block for entry small_veridium_bricks [minecraft:block]
[05Mar2025 02:07:42.379] [main/DEBUG] [com.tterrag.registrate.AbstractRegistrate/REGISTRATE.DATA]: Generating data of type tags/block for entry small_veridium_brick_stairs [minecraft:block]
[05Mar2025 02:07:42.379] [main/DEBUG] [com.tterrag.registrate.AbstractRegistrate/REGISTRATE.DATA]: Generating data of type tags/block for entry small_veridium_brick_slab [minecraft:block]
[05Mar2025 02:07:42.379] [main/DEBUG] [com.tterrag.registrate.AbstractRegistrate/REGISTRATE.DATA]: Generating data of type tags/block for entry small_veridium_brick_wall [minecraft:block]
[05Mar2025 02:07:42.379] [main/DEBUG] [com.tterrag.registrate.AbstractRegistrate/REGISTRATE.DATA]: Generating data of type tags/block for entry layered_veridium [minecraft:block]
[05Mar2025 02:07:42.379] [main/DEBUG] [com.tterrag.registrate.AbstractRegistrate/REGISTRATE.DATA]: Generating data of type tags/block for entry veridium_pillar [minecraft:block]
[05Mar2025 02:07:42.380] [main/DEBUG] [com.tterrag.registrate.AbstractRegistrate/REGISTRATE.DATA]: Generating unassociated data of type tags/block (com.tterrag.registrate.providers.ProviderType$$Lambda/0x00007f473440b1c8@4a8ffd75)
[05Mar2025 02:07:42.382] [main/DEBUG] [com.tterrag.registrate.providers.RegistrateDataProvider/REGISTRATE.DATA]: Adding provider for type: tags/item
[05Mar2025 02:07:42.382] [main/DEBUG] [com.tterrag.registrate.providers.RegistrateDataProvider/REGISTRATE.DATA]: Adding provider for type: tags/fluid
[05Mar2025 02:07:42.382] [main/DEBUG] [com.tterrag.registrate.providers.RegistrateDataProvider/REGISTRATE.DATA]: Adding provider for type: tags/entity
[05Mar2025 02:07:42.382] [main/DEBUG] [com.tterrag.registrate.providers.RegistrateDataProvider/REGISTRATE.DATA]: Adding provider for type: registrate_generic_server_provider
[05Mar2025 02:07:42.384] [main/DEBUG] [com.tterrag.registrate.providers.RegistrateDataProvider/REGISTRATE.DATA]: Adding provider for type: blockstate
[05Mar2025 02:07:42.385] [main/DEBUG] [com.tterrag.registrate.providers.RegistrateDataProvider/REGISTRATE.DATA]: Adding provider for type: item_model
[05Mar2025 02:07:42.385] [main/DEBUG] [com.tterrag.registrate.providers.RegistrateDataProvider/REGISTRATE.DATA]: Adding provider for type: lang
[05Mar2025 02:07:42.385] [main/DEBUG] [com.tterrag.registrate.providers.RegistrateDataProvider/REGISTRATE.DATA]: Adding provider for type: registrate_generic_client_provider
[05Mar2025 02:07:42.387] [main/INFO] [net.minecraft.data.DataGenerator/]: All providers took: 0 ms
[05Mar2025 02:07:42.388] [main/INFO] [net.minecraft.data.HashCache/]: Caching: total files: 0, old count: 0, new count: 1, removed stale: 0, written: 0
